2017-05-23 00:00	2104.6	2269.6	2100.4	2255.4	2469
2017-05-24 00:00	2256.2	2435.0	2254.4	2429.8	2111
2017-05-25 00:00	2420.5	2799.0	2205.8	2329.2	3260
2017-05-26 00:00	2329.2	2661.5	2241.4	2241.6	2833
2017-05-28 00:00	2117.1	2248.3	2089.7	2180.2	343
2017-05-29 00:00	2179.5	2352.6	2094.4	2274.3	5501
2017-05-30 00:00	2275.0	2330.5	2129.4	2191.7	4861
2017-05-31 00:00	2191.4	2335.7	2147.5	2299.8	4936
2017-06-01 00:00	2303.5	2475.2	2298.4	2418.4	2580
2017-06-02 00:00	2418.4	2449.0	2379.4	2429.9	2890
2017-06-04 00:00	2505.1	2536.9	2500.8	2523.1	223
2017-06-05 00:00	2523.5	2629.1	2518.2	2624.5	1601
2017-06-06 00:00	2690.0	2938.5	2670.8	2869.1	2623
2017-06-07 00:00	2868.8	2881.6	2609.3	2686.3	3217
2017-06-08 00:00	2684.9	2811.9	2618.4	2807.7	2630
2017-06-09 00:00	2807.6	2860.4	2786.6	2834.5	2116
2017-06-11 00:00	2922.7	2998.9	2855.0	2954.0	233
2017-06-12 00:00	2954.2	3000.0	2426.7	2523.6	1315
2017-06-13 00:00	2654.0	2784.5	2632.0	2710.0	2623
2017-06-14 00:00	2709.9	2811.1	2326.2	2452.7	1303
2017-06-15 00:00	2341.3	2470.1	2075.1	2406.7	2728
2017-06-16 00:00	2405.4	2520.7	2302.5	2487.9	2305
2017-06-18 00:00	2470.0	2523.4	2458.2	2508.2	384
2017-06-19 00:00	2514.3	2585.4	2483.6	2580.0	2489
2017-06-20 00:00	2597.0	2772.1	2583.7	2725.1	2622
2017-06-21 00:00	2725.1	2780.0	2569.3	2647.3	1769
2017-06-22 00:00	2647.4	2728.6	2597.7	2683.5	2525
2017-06-23 00:00	2683.4	2734.1	2664.1	2707.0	2008
2017-06-25 00:00	2472.5	2506.8	2407.6	2498.8	247
2017-06-26 00:00	2498.7	2556.0	2252.6	2407.9	2663
2017-06-27 00:00	2407.9	2570.5	2264.4	2570.5	2821
2017-06-28 00:00	2570.5	2602.3	2455.4	2553.5	2183
2017-06-29 00:00	2553.0	2591.8	2502.4	2530.1	2384
2017-06-30 00:00	2531.1	2552.2	2478.2	2501.2	1560
2017-07-02 00:00	2496.6	2534.4	2494.3	2507.9	228
2017-07-03 00:00	2508.1	2584.6	2471.4	2546.9	1931
2017-07-04 00:00	2546.6	2637.4	2543.9	2602.0	1938
2017-07-05 00:00	2602.0	2629.2	2537.5	2614.7	1697
2017-07-06 00:00	2612.3	2621.6	2578.4	2603.7	1955
2017-07-07 00:00	2603.5	2608.5	2486.7	2514.9	1449
2017-07-09 00:00	2527.1	2539.2	2497.1	2500.2	206
2017-07-10 00:00	2499.8	2523.0	2256.4	2330.7	1990
2017-07-11 00:00	2330.6	2408.4	2254.1	2329.4	2089
2017-07-12 00:00	2300.9	2413.0	2241.8	2382.4	2534
2017-07-13 00:00	2381.4	2417.5	2307.1	2339.4	2181
2017-07-14 00:00	2339.5	2352.1	2150.3	2157.9	2029
2017-07-16 00:00	1865.2	1938.4	1854.8	1905.4	285
2017-07-17 00:00	1906.4	2230.1	1904.4	2224.2	2160
2017-07-18 00:00	2221.4	2393.8	2144.0	2307.4	2820
2017-07-19 00:00	2348.4	2394.4	2216.0	2259.0	2496
2017-07-20 00:00	2259.0	2773.0	2257.0	2740.0	2062
2017-07-21 00:00	2634.6	2650.4	2612.8	2625.0	116
2017-07-23 00:00	2784.8	2792.0	2720.4	2755.6	284
2017-07-24 00:00	2754.6	2801.9	2719.7	2758.6	1927
2017-07-25 00:00	2758.8	2777.3	2449.8	2561.6	2315
2017-07-26 00:00	2561.3	2609.4	2402.6	2525.1	2088
2017-07-27 00:00	2525.7	2686.2	2510.7	2664.9	1979
2017-07-28 00:00	2665.2	2833.0	2655.4	2754.3	2279
2017-07-31 00:00	2759.5	2906.3	2678.2	2861.0	3450
2017-08-01 00:00	2868.5	2923.9	2637.9	2729.2	3130
2017-08-02 00:00	2729.2	2757.0	2648.9	2699.9	2644
2017-08-03 00:00	2699.9	2803.6	2698.3	2789.3	2149
2017-08-04 00:00	2789.3	2877.1	2761.3	2832.0	1842
2017-08-06 00:00	3264.6	3273.5	3212.6	3229.4	222
2017-08-07 00:00	3229.4	3422.6	3190.9	3393.8	2329
2017-08-08 00:00	3396.8	3486.6	3346.0	3422.6	2557
2017-08-09 00:00	3422.7	3433.7	3236.7	3344.0	2942
2017-08-10 00:00	3356.3	3460.2	3315.1	3434.1	2175
2017-08-11 00:00	3481.5	3588.3	3457.9	3587.9	1428
2017-08-13 00:00	4010.1	4124.4	4002.2	4060.5	358
2017-08-14 00:00	4060.5	4340.6	3978.0	4320.6	2488
2017-08-15 00:00	4320.5	4449.9	3807.5	4159.9	2846
2017-08-16 00:00	4159.9	4390.9	4111.8	4380.4	562
2017-08-17 00:00	4380.2	4476.3	4179.3	4335.7	1652
2017-08-18 00:00	4280.0	4309.9	4189.6	4300.4	579
2017-08-20 00:00	4117.8	4149.0	4042.3	4063.4	309
2017-08-21 00:00	4063.4	4102.4	3964.1	3996.6	1733
2017-08-22 00:00	3774.8	4141.3	3770.6	4092.0	2198
2017-08-23 00:00	4092.0	4259.9	4003.3	4144.3	2173
2017-08-24 00:00	4144.4	4358.5	4111.8	4312.1	2078
2017-08-25 00:00	4312.0	4453.0	4284.4	4329.0	1744
2017-08-27 00:00	4359.6	4363.1	4327.1	4329.1	218
2017-08-28 00:00	4338.5	4396.0	4185.7	4385.6	2079
2017-08-29 00:00	4385.5	4641.7	4345.8	4590.9	2039
2017-08-30 00:00	4592.2	4636.9	4495.3	4581.1	1722
2017-08-31 00:00	4581.0	4766.5	4576.2	4737.1	1550
2017-09-04 00:00	4626.0	4628.2	4157.9	4344.1	2398
2017-09-05 00:00	4344.1	4524.3	4029.4	4432.5	2736
2017-09-06 00:00	4432.5	4681.3	4419.2	4616.2	2848
2017-09-07 00:00	4616.2	4690.0	4479.2	4624.2	3090
2017-09-08 00:00	4624.2	4692.4	4139.4	4247.4	2392
2017-09-10 00:00	4289.0	4324.9	4235.1	4251.4	231
2017-09-11 00:00	4251.4	4378.5	4110.1	4214.4	3732
2017-09-12 00:00	4214.4	4384.9	4078.7	4159.9	2356
2017-09-13 00:00	4159.7	4171.5	3732.0	3855.4	2607
2017-09-14 00:00	3855.4	3925.3	3212.6	3249.2	3192
2017-09-15 00:00	3328.6	3837.3	2972.6	3720.0	2991
2017-09-17 00:00	3747.5	3775.1	3699.5	3712.1	270
2017-09-18 00:00	3712.4	4121.0	3702.6	4094.8	3526
2017-09-19 00:00	4011.9	4049.0	3850.4	3902.6	2484
2017-09-20 00:00	3901.2	4042.9	3832.0	3866.7	2241
2017-09-21 00:00	3866.4	3904.7	3571.8	3623.3	2494
2017-09-22 00:00	3652.5	3761.0	3509.6	3614.4	1099
2017-09-24 00:00	3669.7	3695.3	3662.2	3669.0	167
2017-09-25 00:00	3669.0	3960.3	3666.7	3919.2	1066
2017-09-26 00:00	3919.3	3964.6	3849.8	3881.4	2155
2017-09-27 00:00	3882.3	4229.4	3872.0	4200.0	1934
2017-09-28 00:00	4200.0	4275.5	4124.3	4186.8	2281
2017-09-29 00:00	4186.5	4218.7	4014.5	4169.5	1453
2017-10-02 00:00	4386.7	4469.0	4359.8	4397.2	1044
2017-10-03 00:00	4385.8	4425.1	4236.1	4310.1	1045
2017-10-04 00:00	4310.0	4346.8	4181.9	4219.3	1592
2017-10-05 00:00	4214.9	4360.3	4144.5	4315.3	1435
2017-10-06 00:00	4315.4	4415.9	4293.0	4338.2	1288
2017-10-08 00:00	4583.0	4613.6	4567.8	4598.2	206
2017-10-09 00:00	4598.1	4870.0	4554.8	4772.2	1976
2017-10-10 00:00	4770.3	4926.5	4707.5	4748.3	1944
2017-10-11 00:00	4748.2	4874.9	4714.1	4818.5	1791
2017-10-12 00:00	4818.2	5437.2	4810.5	5434.4	2459
2017-10-13 00:00	5435.5	5865.5	5387.0	5613.0	2150
2017-10-15 00:00	5524.6	5737.2	5493.0	5693.7	203
2017-10-16 00:00	5693.7	5785.3	5574.8	5751.4	2400
2017-10-17 00:00	5751.6	5769.3	5522.6	5594.5	1840
2017-10-18 00:00	5594.8	5600.0	5106.7	5574.0	2193
2017-10-19 00:00	5574.0	5738.9	5517.8	5702.8	1952
2017-10-20 00:00	5703.0	6064.0	5614.0	5973.2	1719
2017-10-22 00:00	5881.6	6029.9	5871.8	5996.6	195
2017-10-23 00:00	5996.6	6056.8	5647.7	5905.7	2728
2017-10-24 00:00	5905.7	5906.3	5464.3	5521.2	3949
2017-10-25 00:00	5521.2	5758.7	5373.4	5737.7	3041
2017-10-26 00:00	5737.0	5984.9	5692.2	5890.1	2223
2017-10-27 00:00	5890.0	5995.0	5689.6	5750.9	1865
2017-10-29 00:00	6176.7	6219.0	6103.2	6133.4	210
2017-10-30 00:00	6133.2	6215.0	6027.0	6123.8	1859
2017-10-31 00:00	6123.7	6466.4	6085.6	6445.0	1893
2017-11-01 00:00	6445.0	6757.8	6362.7	6741.6	2160
2017-11-02 00:00	6741.6	7390.9	6732.9	7025.9	2441
2017-11-03 00:00	7026.0	7449.0	6933.1	7228.0	2259
2017-11-05 00:00	7353.0	7443.1	7303.6	7380.5	172
2017-11-06 00:00	7382.0	7423.7	6925.4	6953.5	3054
2017-11-07 00:00	6960.1	7226.0	6958.6	7122.8	2873
2017-11-08 00:00	7122.8	7882.2	7034.8	7457.0	2975
2017-11-09 00:00	7458.4	7470.2	7053.9	7150.1	2630
2017-11-10 00:00	7150.1	7345.2	6413.7	6580.3	2200
2017-11-12 00:00	5891.2	5891.9	5602.7	5843.5	224
2017-11-13 00:00	5844.2	6812.5	5801.3	6528.8	3385
2017-11-14 00:00	6530.0	6748.0	6477.0	6603.1	3148
2017-11-15 00:00	6603.0	7344.1	6602.9	7277.4	2300
2017-11-16 00:00	7274.4	7985.4	7114.7	7838.6	2185
2017-11-17 00:00	7838.6	7996.4	7532.4	7697.3	2031
2017-11-19 00:00	8017.6	8049.9	7950.0	8031.8	139
2017-11-20 00:00	8031.8	8299.3	7943.2	8237.3	1520
2017-11-21 00:00	8237.4	8374.0	7797.5	8096.9	1782
2017-11-22 00:00	8096.8	8303.0	8061.0	8237.4	1638
2017-11-23 00:00	8237.6	8268.4	8009.4	8019.3	1755
2017-11-24 00:00	8019.3	8327.4	7872.3	8249.0	1576
2017-11-26 00:00	9449.5	9449.5	9276.0	9317.9	112
2017-11-27 00:00	9317.5	9763.0	9309.7	9763.0	1897
2017-11-28 00:00	9740.9	9975.2	9624.7	9908.8	1555
2017-11-29 00:00	9931.5	11433.3	8980.4	9788.7	2989
2017-11-30 00:00	9784.5	10810.7	9011.1	9920.7	4040
2017-12-01 00:00	9916.0	10939.9	9372.8	10896.8	2982
2017-12-03 00:00	10914.5	11300.0	10500.1	11220.0	226
2017-12-04 00:00	11219.8	11638.1	10927.1	11633.9	2588
2017-12-05 00:00	11634.2	11864.0	11496.6	11718.3	2052
2017-12-06 00:00	11718.3	13953.4	11700.6	13705.1	2590
2017-12-07 00:00	13718.5	16784.3	13487.5	16341.6	2336
2017-12-08 00:00	16341.3	17021.2	13864.9	15640.4	304
2017-12-10 00:00	14574.1	15912.6	14524.1	15065.6	277
2017-12-11 00:00	15097.0	17424.0	15011.3	16749.7	1970
2017-12-12 00:00	16747.3	17596.3	16292.9	17145.7	1016
2017-12-13 00:00	17147.0	17619.9	15741.1	16358.0	1862
2017-12-14 00:00	16354.0	17101.0	16029.3	16386.1	1881
2017-12-15 00:00	16491.6	17957.2	16359.4	17628.5	925
2017-12-17 00:00	18980.0	19510.2	18816.6	19024.6	193
2017-12-18 00:00	19025.0	19229.1	18117.9	18929.0	2459
2017-12-19 00:00	18927.6	19001.9	16728.1	17585.2	2325
2017-12-20 00:00	17585.8	17835.3	15585.3	16443.4	3026
2017-12-21 00:00	16454.7	17338.9	14852.9	15682.0	1831
2017-12-22 00:00	15684.5	15825.1	10772.3	14233.6	288
2017-12-24 00:00	13123.1	14147.2	12973.3	14138.8	113
2017-12-25 00:00	13985.0	14622.5	13162.3	13950.7	672
2017-12-26 00:00	13947.4	16131.3	13894.7	15790.5	3346
2017-12-27 00:00	15790.2	16499.1	14604.0	15390.7	2651
2017-12-28 00:00	15391.6	15489.1	13497.5	14459.0	2301
2017-12-29 00:00	14447.3	15092.6	13939.2	14278.0	2699
2018-01-01 00:00	13496.1	13610.8	13347.2	13378.2	78
2018-01-02 00:00	13375.6	15196.7	12920.7	14707.6	868
2018-01-03 00:00	14678.7	15373.7	14555.7	15092.7	919
2018-01-04 00:00	15093.4	15366.9	14167.2	15106.7	890
2018-01-05 00:00	15106.8	16880.2	14786.3	16781.9	871
2018-01-07 00:00	16140.0	16408.4	16099.1	16120.6	67
2018-01-08 00:00	16116.5	16227.0	13864.8	14940.1	919
2018-01-09 00:00	14919.2	15321.2	14110.1	14396.2	770
2018-01-10 00:00	14358.6	14845.5	13387.5	14843.8	863
2018-01-11 00:00	14847.0	14913.8	12744.3	13242.9	782
2018-01-12 00:00	13198.5	14065.6	12782.5	13697.2	719
2018-01-14 00:00	13357.3	13650.2	13348.4	13572.4	61
2018-01-15 00:00	13572.3	14273.5	13342.4	13530.8	788
2018-01-16 00:00	13532.5	13539.4	9975.8	11339.5	711
2018-01-17 00:00	11337.1	11720.7	9124.9	11095.4	842
2018-01-18 00:00	11154.6	12007.0	10545.7	11207.0	1118
2018-01-19 00:00	11196.8	11885.3	10839.8	11309.5	1173
2018-01-21 00:00	11321.7	11474.2	11119.6	11474.1	103
2018-01-22 00:00	11466.9	11831.9	9979.9	10742.8	1467
2018-01-23 00:00	10738.2	11338.4	9908.2	10782.4	1403
2018-01-24 00:00	10798.5	11444.7	10446.9	11332.3	1225
2018-01-25 00:00	11335.9	11662.4	10846.6	11090.8	1042
2018-01-26 00:00	11082.2	11564.0	10260.5	10847.4	1008
2018-01-28 00:00	11725.4	11734.4	11611.3	11639.8	4
2018-01-29 00:00	11635.2	11723.4	10994.6	11142.1	48
2018-01-30 00:00	11148.9	11166.6	9755.9	10006.3	48
2018-01-31 00:00	10036.0	10321.0	9584.0	10104.2	48
2018-02-01 00:00	10111.8	10199.2	8600.5	9018.3	48
2018-02-02 00:00	9019.5	9083.7	7563.5	8534.9	44
2018-02-04 00:00	8017.5	8370.4	8002.2	8122.4	4
2018-02-05 00:00	8120.8	8299.9	6540.6	6857.3	487
2018-02-06 00:00	6870.4	7883.7	5881.5	7644.4	1263
2018-02-07 00:00	7638.4	8538.2	7139.6	7527.0	1100
2018-02-08 00:00	7538.3	8580.1	7526.7	8190.2	933
2018-02-09 00:00	8197.4	8676.7	7705.5	8505.4	778
2018-02-11 00:00	8241.5	8277.7	7970.3	8020.4	66
2018-02-12 00:00	8023.0	8927.9	8021.3	8843.3	304
2018-02-13 00:00	8845.1	8883.3	8312.8	8464.5	837
2018-02-14 00:00	8465.0	9441.8	8460.1	9419.7	914
2018-02-15 00:00	9420.6	10162.0	9288.2	9962.2	994
2018-02-16 00:00	9957.0	10236.1	9645.0	10028.3	828
2018-02-18 00:00	10697.8	10703.2	10315.1	10345.9	82
2018-02-19 00:00	10339.4	11193.6	10264.3	11105.9	920
2018-02-20 00:00	11115.2	11716.2	11027.1	11164.0	944
2018-02-21 00:00	11171.0	11213.9	10189.4	10400.1	1085
2018-02-22 00:00	10396.2	10869.0	9673.6	9780.2	1051
2018-02-23 00:00	9773.1	10353.2	9531.7	9860.1	1118
2018-02-25 00:00	9535.0	9625.5	9490.5	9517.9	110
2018-02-26 00:00	9528.6	10391.9	9323.2	10259.6	1347
2018-02-27 00:00	10244.9	10800.9	10083.3	10523.5	1445
2018-02-28 00:00	10530.0	11008.8	10227.9	10255.2	1362
2018-03-01 00:00	10263.1	11025.7	10169.7	10858.6	812
2018-03-02 00:00	10864.5	11118.2	10731.5	10970.2	724
2018-03-04 00:00	11367.0	11463.3	11280.5	11437.4	52
2018-03-05 00:00	11442.3	11620.9	11357.2	11378.0	642
2018-03-06 00:00	11362.7	11377.2	10517.4	10670.5	769
2018-03-07 00:00	10649.7	10844.1	9389.6	9856.6	937
2018-03-08 00:00	9867.8	10055.6	9032.7	9255.4	869
2018-03-09 00:00	9264.1	9373.5	8336.0	9049.0	950
2018-03-12 00:00	9496.3	9855.1	8744.2	8959.0	735
2018-03-13 00:00	9086.3	9432.4	8809.0	9106.2	827
2018-03-14 00:00	9106.5	9309.8	7905.0	8156.4	783
2018-03-15 00:00	8155.3	8375.6	7633.1	8217.9	809
2018-03-16 00:00	8216.6	8560.3	7872.9	8485.6	656
2018-03-18 00:00	8159.4	8208.2	8011.9	8158.7	84
2018-03-19 00:00	8146.8	8677.3	8075.5	8563.2	816
2018-03-20 00:00	8562.9	8958.1	8282.0	8833.2	1087
2018-03-21 00:00	8833.1	9096.5	8680.8	8817.4	1604
2018-03-22 00:00	8816.8	9011.9	8415.1	8634.6	1659
2018-03-23 00:00	8636.0	8641.2	8213.1	8542.3	1349
2018-03-25 00:00	8547.0	8569.5	8321.2	8377.6	172
2018-03-26 00:00	8377.6	8422.3	7782.9	8062.1	1642
2018-03-27 00:00	8062.7	8133.6	7668.6	7710.3	1935
2018-03-28 00:00	7711.2	8023.9	7658.2	7864.5	1589
2018-03-29 00:00	7864.5	7884.7	6838.8	7014.2	1962
2018-03-30 00:00	7014.1	7193.0	6516.3	6793.2	2312
2018-04-01 00:00	6748.5	6772.2	6687.4	6741.6	136
2018-04-02 00:00	6741.6	7041.1	6699.7	6980.0	1682
2018-04-03 00:00	6980.0	7435.2	6943.2	7344.2	1599
2018-04-04 00:00	7344.1	7344.9	6634.4	6715.1	1690
2018-04-05 00:00	6715.3	6841.6	6506.5	6699.7	1929
2018-04-06 00:00	6700.6	6774.4	6437.9	6529.7	1397
2018-04-08 00:00	6923.3	6976.8	6922.6	6948.2	85
2018-04-09 00:00	6948.2	7101.8	6545.4	6700.7	861
2018-04-10 00:00	6700.9	6808.7	6587.3	6761.1	904
2018-04-11 00:00	6761.2	6894.4	6731.5	6872.8	907
2018-04-12 00:00	6872.8	7944.5	6688.1	7844.7	1632
2018-04-13 00:00	7845.1	8146.7	7678.7	7821.0	1700
2018-04-15 00:00	8231.8	8296.2	8226.1	8287.7	97
2018-04-16 00:00	8287.8	8337.1	7831.1	7983.8	1589
2018-04-17 00:00	7984.0	8085.8	7753.9	7817.9	1464
2018-04-18 00:00	7818.2	8158.4	7806.9	8094.1	779
2018-04-19 00:00	8093.7	8221.0	8027.3	8202.8	1233
2018-04-20 00:00	8202.8	8484.6	8145.5	8450.2	1216
2018-04-22 00:00	8840.6	8841.5	8688.1	8723.4	180
2018-04-23 00:00	8723.4	8924.1	8704.5	8868.2	1422
2018-04-24 00:00	8868.3	9659.9	8860.7	9574.6	1608
2018-04-25 00:00	9574.6	9682.5	8691.8	8790.7	2135
2018-04-26 00:00	8790.8	9231.2	8587.5	9203.6	1778
2018-04-27 00:00	9203.6	9303.4	8884.4	8902.0	1273
2018-04-29 00:00	9251.1	9346.9	9249.7	9325.1	87
2018-04-30 00:00	9327.0	9373.7	9047.6	9161.4	1176
2018-05-01 00:00	9169.0	9171.0	8763.1	8999.0	1380
2018-05-02 00:00	8998.8	9192.2	8910.4	9150.9	1003
2018-05-03 00:00	9150.9	9726.5	9095.0	9662.7	1215
2018-05-04 00:00	9662.6	9703.7	9459.2	9613.1	1141
2018-05-06 00:00	9467.6	9568.3	9451.4	9553.3	93
2018-05-07 00:00	9554.1	9587.3	9117.5	9293.8	1338
2018-05-08 00:00	9293.8	9385.9	8977.0	9109.0	1148
2018-05-09 00:00	9109.1	9398.3	8899.9	9237.2	1085
2018-05-10 00:00	9239.1	9316.8	8933.9	8946.3	1206
2018-05-11 00:00	8946.3	8948.4	8319.1	8371.9	1366
2018-05-13 00:00	8592.4	8680.6	8590.7	8620.8	102
2018-05-14 00:00	8620.8	8812.8	8221.3	8604.3	1558
2018-05-15 00:00	8604.6	8778.3	8361.9	8405.3	1065
2018-05-16 00:00	8405.1	8424.8	8035.8	8274.8	652
2018-05-17 00:00	8274.5	8403.9	7933.1	7989.0	612
2018-05-18 00:00	7989.1	8208.2	7863.5	8160.7	533
2018-05-20 00:00	8458.7	8477.0	8416.3	8455.6	39
2018-05-21 00:00	8456.0	8513.1	8249.6	8324.6	731
2018-05-22 00:00	8325.0	8338.9	7889.6	7921.6	1228
2018-05-23 00:00	7921.9	7958.7	7376.1	7436.8	1779
2018-05-24 00:00	7437.2	7658.9	7207.4	7513.9	1802
2018-05-25 00:00	7513.8	7583.7	7272.2	7379.8	1214
2018-05-27 00:00	7259.4	7304.2	7255.0	7278.9	68
2018-05-28 00:00	7279.1	7369.6	7008.9	7037.9	1329
2018-05-29 00:00	7037.9	7456.1	6987.3	7394.7	1117
2018-05-30 00:00	7396.1	7489.1	7210.1	7315.1	1173
2018-05-31 00:00	7315.1	7532.1	7272.4	7425.3	1190
2018-06-01 00:00	7424.9	7540.5	7288.1	7372.6	989
2018-06-03 00:00	7625.5	7647.7	7625.5	7644.3	64
2018-06-04 00:00	7644.2	7689.9	7390.3	7429.8	996
2018-06-05 00:00	7429.8	7597.2	7293.4	7553.2	1081
2018-06-06 00:00	7553.2	7627.2	7422.9	7589.7	915
2018-06-07 00:00	7589.7	7684.7	7570.6	7621.5	998
2018-06-08 00:00	7621.5	7628.8	7479.9	7580.7	1017
2018-06-10 00:00	6675.4	6707.8	6596.5	6702.9	172
2018-06-11 00:00	6702.9	6842.1	6577.0	6813.2	1480
2018-06-12 00:00	6813.3	6813.8	6386.0	6482.1	1356
2018-06-13 00:00	6482.3	6547.7	6068.0	6231.9	1110
2018-06-14 00:00	6232.0	6637.7	6205.8	6571.4	1405
2018-06-15 00:00	6571.6	6592.4	6388.4	6432.5	1387
2018-06-17 00:00	6430.8	6436.6	6364.1	6376.7	147
2018-06-18 00:00	6376.6	6728.9	6320.8	6644.0	1160
2018-06-19 00:00	6644.1	6770.6	6604.7	6671.4	1158
2018-06-20 00:00	6671.3	6744.4	6493.4	6693.8	1152
2018-06-21 00:00	6693.9	6721.2	6617.6	6649.8	874
2018-06-22 00:00	6649.9	6662.2	5847.2	6007.4	1188
2018-06-24 00:00	6121.3	6132.7	6046.4	6084.4	157
2018-06-25 00:00	6084.4	6270.8	6024.6	6185.3	1547
2018-06-26 00:00	6185.3	6210.8	5992.3	6010.2	1465
2018-06-27 00:00	6010.2	6117.1	5937.1	6072.2	1132
2018-06-28 00:00	6072.2	6098.4	5768.2	5794.5	1080
2018-06-29 00:00	5794.6	5876.1	5732.2	5841.6	1727
2018-07-01 00:00	6279.8	6325.4	6278.8	6289.6	119
2018-07-02 00:00	6290.8	6610.3	6215.7	6550.6	1457
2018-07-03 00:00	6551.7	6608.5	6406.8	6442.9	1174
2018-07-04 00:00	6442.9	6725.0	6354.4	6526.1	927
2018-07-05 00:00	6526.1	6639.9	6393.2	6469.7	1460
2018-07-06 00:00	6469.8	6569.6	6392.2	6509.2	1124
2018-07-08 00:00	6687.5	6696.2	6616.9	6643.9	117
2018-07-09 00:00	6643.9	6739.9	6562.4	6604.0	1103
2018-07-10 00:00	6604.4	6618.1	6216.6	6243.7	1872
2018-07-11 00:00	6243.7	6339.5	6226.3	6318.5	1270
2018-07-12 00:00	6318.5	6318.5	6026.3	6183.7	1229
2018-07-13 00:00	6183.6	6273.5	6066.4	6124.5	803
2018-07-15 00:00	6318.7	6322.7	6278.4	6289.6	58
2018-07-16 00:00	6289.6	6684.9	6272.1	6667.6	1004
2018-07-17 00:00	6667.6	7390.9	6601.8	7254.5	921
2018-07-18 00:00	7254.6	7517.5	7181.8	7316.4	653
2018-07-19 00:00	7316.7	7493.2	7222.7	7412.3	959
2018-07-20 00:00	7412.3	7617.9	7218.0	7293.5	1166
2018-07-22 00:00	7469.6	7506.9	7282.9	7338.0	171
2018-07-23 00:00	7338.2	7737.9	7315.8	7656.3	1335
2018-07-24 00:00	7656.6	8417.4	7640.5	8343.0	1715
2018-07-25 00:00	8343.0	8421.3	7997.3	8109.5	1500
2018-07-26 00:00	8109.5	8249.4	7793.1	7871.9	1220
2018-07-27 00:00	7871.9	8209.6	7739.3	8168.3	1083
2018-07-29 00:00	8137.6	8209.5	8115.4	8153.6	101
2018-07-30 00:00	8153.6	8207.9	7801.0	8114.5	1237
2018-07-31 00:00	8114.5	8114.5	7584.5	7677.7	1334
2018-08-01 00:00	7668.6	7691.2	7379.6	7544.4	1108
2018-08-02 00:00	7544.4	7639.8	7405.4	7474.4	951
2018-08-03 00:00	7474.4	7475.0	7229.7	7327.5	491
2018-08-05 00:00	6993.8	7017.7	6953.3	6967.8	6
2018-08-06 00:00	6967.7	7096.6	6782.1	6875.2	48
2018-08-07 00:00	6875.1	7089.0	6622.0	6657.8	48
2018-08-08 00:00	6657.9	6658.4	6068.2	6220.1	48
2018-08-09 00:00	6220.3	6564.0	6131.4	6477.1	48
2018-08-10 00:00	6477.1	6513.3	6085.2	6128.0	42
2018-08-12 00:00	6279.2	6333.1	6237.2	6252.5	6
2018-08-13 00:00	6252.5	6470.8	6094.9	6191.5	48
2018-08-14 00:00	6191.5	6206.1	5827.0	6133.5	48
2018-08-15 00:00	6133.5	6556.2	6125.9	6209.4	48
2018-08-16 00:00	6209.3	6413.7	6154.8	6253.0	48
2018-08-17 00:00	6253.0	6491.4	6233.0	6414.9	42
2018-08-19 00:00	6468.5	6484.6	6417.9	6423.7	6
2018-08-20 00:00	6423.9	6460.7	6172.5	6198.4	48
2018-08-21 00:00	6198.4	6433.8	6190.1	6415.9	48
2018-08-22 00:00	6416.0	6813.7	6192.1	6296.7	48
2018-08-23 00:00	6296.8	6503.5	6287.4	6464.6	48
2018-08-24 00:00	6464.9	6581.8	6394.5	6550.7	42
2018-08-26 00:00	6619.0	6657.4	6606.3	6646.7	6
2018-08-27 00:00	6647.7	6877.1	6595.0	6848.5	48
2018-08-28 00:00	6848.6	7064.7	6805.6	7016.1	48
2018-08-29 00:00	7015.8	7059.5	6851.6	6972.4	48
2018-08-30 00:00	6972.4	6993.1	6739.1	6923.9	48
2018-08-31 00:00	6924.0	7026.6	6830.0	6986.8	42
2018-09-02 00:00	7223.7	7246.3	7208.7	7233.9	6
2018-09-03 00:00	7234.5	7270.7	7134.3	7200.4	48
2018-09-04 00:00	7200.4	7343.9	7173.6	7300.1	48
2018-09-05 00:00	7300.1	7326.6	6610.5	6627.8	48
2018-09-06 00:00	6627.9	6653.3	6211.3	6441.1	48
2018-09-07 00:00	6441.1	6472.1	6269.1	6385.1	42
2018-09-09 00:00	6328.2	6333.4	6153.5	6178.7	6
2018-09-10 00:00	6178.7	6296.3	6170.1	6251.1	48
2018-09-11 00:00	6250.0	6344.5	6121.1	6225.7	48
2018-09-12 00:00	6225.7	6283.0	6142.3	6270.5	48
2018-09-13 00:00	6270.5	6466.5	6269.4	6427.8	48
2018-09-14 00:00	6427.8	6522.0	6330.7	6475.1	42
2018-09-16 00:00	6441.2	6446.3	6420.2	6438.3	6
2018-09-17 00:00	6438.3	6470.3	6149.5	6191.9	48
2018-09-18 00:00	6192.0	6323.7	6168.7	6276.3	48
2018-09-19 00:00	6276.3	6454.4	6051.4	6329.1	48
2018-09-20 00:00	6329.9	6475.7	6279.7	6433.0	48
2018-09-21 00:00	6433.1	6716.5	6431.9	6658.4	42
2018-09-23 00:00	6618.9	6658.1	6610.4	6643.4	6
2018-09-24 00:00	6643.5	6661.1	6496.8	6523.1	48
2018-09-25 00:00	6523.1	6523.3	6271.4	6375.3	48
2018-09-26 00:00	6375.1	6485.3	6321.6	6399.3	48
2018-09-27 00:00	6399.8	6671.7	6374.3	6622.8	48
2018-09-28 00:00	6622.8	6736.4	6477.6	6587.7	42
2018-09-30 00:00	6503.3	6580.5	6494.0	6551.1	6
2018-10-01 00:00	6551.0	6586.5	6446.0	6527.9	48
2018-10-02 00:00	6528.1	6552.8	6400.3	6461.9	48
2018-10-03 00:00	6461.9	6472.8	6353.0	6428.1	48
2018-10-04 00:00	6428.2	6565.0	6414.7	6515.0	48
2018-10-05 00:00	6515.0	6548.1	6472.3	6508.7	42
2018-10-07 00:00	6484.7	6551.4	6476.1	6536.4	6
2018-10-08 00:00	6536.5	6636.9	6497.1	6584.2	48
2018-10-09 00:00	6584.2	6609.3	6510.2	6575.2	48
2018-10-10 00:00	6575.2	6576.1	6409.6	6495.8	48
2018-10-11 00:00	6495.8	6516.6	6061.1	6159.2	48
2018-10-12 00:00	6159.2	6248.2	6091.9	6189.9	42
2018-10-14 00:00	6209.6	6302.8	6147.9	6180.3	6
2018-10-15 00:00	6180.1	7255.7	6151.2	6377.4	48
2018-10-16 00:00	6377.4	6431.5	6340.4	6398.7	48
2018-10-17 00:00	6398.9	6402.6	6351.0	6380.4	48
2018-10-18 00:00	6379.7	6428.8	6296.6	6335.5	48
2018-10-19 00:00	6335.5	6348.2	6298.5	6321.8	42
2018-10-21 00:00	6375.1	6377.8	6346.4	6353.1	6
2018-10-22 00:00	6353.1	6365.0	6315.4	6348.4	48
2018-10-23 00:00	6348.4	6356.4	6298.1	6335.1	48
2018-10-24 00:00	6335.1	6399.7	6334.2	6354.9	48
2018-10-25 00:00	6354.9	6360.8	6301.4	6334.4	48
2018-10-26 00:00	6334.3	6390.2	6320.9	6345.1	42
2018-10-28 00:00	6335.8	6359.1	6332.9	6345.1	6
2018-10-29 00:00	6343.6	6356.0	6148.6	6205.7	48
2018-10-30 00:00	6204.5	6230.1	6184.1	6211.3	48
2018-10-31 00:00	6208.3	6293.5	6142.6	6244.6	48
2018-11-01 00:00	6245.9	6299.9	6234.4	6282.8	48
2018-11-02 00:00	6281.7	6319.2	6271.9	6293.5	42
2018-11-04 00:00	6354.2	6364.1	6347.8	6361.5	4
2018-11-05 00:00	6362.0	6380.4	6313.1	6344.9	48
2018-11-06 00:00	6344.0	6394.0	6326.7	6387.8	48
2018-11-07 00:00	6388.0	6477.9	6386.2	6442.1	48
2018-11-08 00:00	6442.1	6452.7	6332.3	6347.5	48
2018-11-09 00:00	6346.9	6355.8	6251.2	6268.7	44
2018-11-11 00:00	6257.8	6302.4	6250.3	6297.9	4
2018-11-12 00:00	6297.6	6323.6	6242.3	6265.5	48
2018-11-13 00:00	6267.0	6268.3	6192.0	6197.9	48
2018-11-14 00:00	6197.2	6233.3	5247.5	5542.7	48
2018-11-15 00:00	5536.4	5580.5	5144.8	5519.3	48
2018-11-16 00:00	5519.5	5549.0	5380.9	5386.0	44
2018-11-18 00:00	5484.7	5498.4	5469.0	5498.0	4
2018-11-19 00:00	5496.2	5498.8	4632.6	4674.3	48
2018-11-20 00:00	4674.9	4831.5	3994.8	4293.0	48
2018-11-21 00:00	4291.7	4570.6	4187.3	4482.7	48
2018-11-22 00:00	4482.9	4529.7	4182.3	4207.0	48
2018-11-23 00:00	4207.4	4299.2	4033.3	4199.2	44
2018-11-25 00:00	3987.6	4031.1	3855.3	3876.0	4
2018-11-26 00:00	3875.8	4011.4	3461.4	3670.0	48
2018-11-27 00:00	3670.1	3768.9	3505.0	3710.7	48
2018-11-28 00:00	3710.8	4298.3	3710.8	4159.7	48
2018-11-29 00:00	4159.5	4341.8	4028.6	4185.3	48
2018-11-30 00:00	4185.4	4237.8	3808.1	3863.9	44
2018-12-02 00:00	4086.3	4099.6	4006.0	4041.7	4
2018-12-03 00:00	4042.2	4056.7	3687.7	3774.1	48
2018-12-04 00:00	3774.3	3973.2	3685.4	3843.8	48
2018-12-05 00:00	3843.7	3854.2	3608.1	3637.0	48
2018-12-06 00:00	3637.3	3782.8	3368.3	3374.7	48
2018-12-07 00:00	3374.9	3471.6	3154.6	3329.9	44
2018-12-09 00:00	3464.4	3495.6	3449.9	3467.3	4
2018-12-10 00:00	3467.4	3530.6	3295.8	3347.7	48
2018-12-11 00:00	3347.9	3367.8	3238.5	3289.7	48
2018-12-12 00:00	3289.8	3427.6	3266.0	3371.2	48
2018-12-13 00:00	3371.1	3380.2	3165.4	3203.7	48
2018-12-14 00:00	3203.6	3233.6	3076.5	3097.6	44
2018-12-16 00:00	3142.7	3144.0	3123.8	3133.5	4
2018-12-17 00:00	3133.7	3524.2	3123.0	3437.9	48
2018-12-18 00:00	3437.8	3620.1	3374.9	3607.8	48
2018-12-19 00:00	3607.9	3863.0	3585.6	3621.8	48
2018-12-20 00:00	3621.9	4111.9	3603.1	4012.8	48
2018-12-21 00:00	4011.2	4101.7	3716.3	3788.8	44
2018-12-23 00:00	3889.1	3896.8	3849.9	3884.2	4
2018-12-24 00:00	3884.6	4175.6	3884.4	4005.8	45
2018-12-25 00:00	3731.6	3757.0	3679.2	3719.6	4
2018-12-26 00:00	3719.5	3802.2	3626.2	3748.7	48
2018-12-27 00:00	3748.5	3779.9	3507.5	3531.2	48
2018-12-28 00:00	3531.3	3900.8	3516.9	3832.7	44
2018-12-30 00:00	3760.5	3785.0	3747.5	3773.2	4
2018-12-31 00:00	3773.1	3779.1	3576.1	3612.0	45
2019-01-01 00:00	3658.6	3780.4	3649.9	3762.8	4
2019-01-02 00:00	3763.3	3855.1	3718.1	3829.3	48
2019-01-03 00:00	3829.3	3832.7	3701.7	3727.4	48
2019-01-04 00:00	3727.5	3791.0	3672.1	3773.8	44
2019-01-06 00:00	3973.4	4004.7	3964.2	3981.1	4
2019-01-07 00:00	3981.2	4010.0	3914.2	3946.0	48
2019-01-08 00:00	3946.1	4048.6	3890.2	3935.5	48
2019-01-09 00:00	3935.5	3986.0	3909.9	3942.6	48
2019-01-10 00:00	3942.7	3975.5	3513.1	3566.4	48
2019-01-11 00:00	3566.2	3637.4	3530.0	3588.6	44
2019-01-13 00:00	3455.5	3455.6	3436.1	3454.6	4
2019-01-14 00:00	3454.7	3651.0	3448.6	3603.7	48
2019-01-15 00:00	3603.8	3627.5	3487.4	3519.8	48
2019-01-16 00:00	3519.7	3606.1	3512.9	3547.8	48
2019-01-17 00:00	3547.7	3598.8	3484.6	3579.9	48
2019-01-18 00:00	3579.7	3583.3	3520.0	3552.1	44
2019-01-20 00:00	3479.7	3494.8	3471.5	3473.9	4
2019-01-21 00:00	3476.2	3509.3	3431.0	3473.1	48
2019-01-22 00:00	3473.2	3551.2	3373.2	3516.7	48
2019-01-23 00:00	3516.6	3554.8	3462.2	3493.4	48
2019-01-24 00:00	3493.3	3534.9	3469.6	3510.3	48
2019-01-25 00:00	3510.9	3518.6	3451.6	3497.8	44
2019-01-27 00:00	3481.8	3482.8	3468.1	3471.6	4
2019-01-28 00:00	3471.5	3475.4	3321.4	3370.3	48
2019-01-29 00:00	3370.2	3378.8	3285.1	3334.8	48
2019-01-30 00:00	3335.0	3399.7	3313.1	3376.2	48
2019-01-31 00:00	3376.1	3413.0	3337.1	3351.3	48
2019-02-01 00:00	3352.3	3397.1	3312.9	3389.7	44
2019-02-03 00:00	3335.2	3359.0	3333.2	3354.7	4
2019-02-04 00:00	3354.6	3377.4	3335.9	3351.2	48
2019-02-05 00:00	3351.2	3371.1	3338.9	3370.2	48
2019-02-06 00:00	3370.3	3384.7	3277.6	3306.1	48
2019-02-07 00:00	3306.0	3322.2	3292.9	3299.6	48
2019-02-08 00:00	3299.3	3650.6	3284.7	3534.0	44
2019-02-10 00:00	3545.6	3596.5	3544.6	3589.0	4
2019-02-11 00:00	3589.1	3591.7	3519.7	3530.8	48
2019-02-12 00:00	3530.7	3558.8	3491.2	3527.4	48
2019-02-13 00:00	3527.5	3568.6	3501.0	3516.0	48
2019-02-14 00:00	3515.9	3529.7	3476.7	3500.7	96
2019-02-15 00:00	3500.8	3557.0	3486.8	3504.3	134
2019-02-17 00:00	3526.0	3581.1	3525.7	3565.3	50
2019-02-18 00:00	3565.2	3856.6	3557.2	3809.4	583
2019-02-19 00:00	3809.6	3910.9	3783.4	3830.4	420
2019-02-20 00:00	3830.4	3904.1	3806.1	3877.4	297
2019-02-21 00:00	3877.5	3926.7	3809.2	3840.3	281
2019-02-22 00:00	3840.2	3895.5	3826.1	3880.8	204
2019-02-24 00:00	3724.8	3725.7	3669.3	3673.9	72
2019-02-25 00:00	3674.0	3800.1	3670.3	3758.0	472
2019-02-26 00:00	3758.3	3768.6	3705.9	3736.4	242
2019-02-27 00:00	3738.5	3763.1	3599.9	3739.4	238
2019-02-28 00:00	3739.2	3825.6	3706.9	3732.8	271
2019-03-01 00:00	3731.5	3783.8	3731.3	3768.9	152
2019-03-03 00:00	3729.8	3731.0	3702.3	3728.1	31
2019-03-04 00:00	3728.0	3745.9	3612.6	3639.2	293
2019-03-05 00:00	3639.3	3811.5	3633.0	3785.1	274
2019-03-06 00:00	3785.0	3832.1	3750.5	3791.7	200
2019-03-07 00:00	3791.8	3830.2	3769.9	3796.5	233
2019-03-08 00:00	3796.0	3850.7	3788.5	3807.2	213
2019-03-10 00:00	3837.2	3849.7	3833.8	3839.3	15
2019-03-11 00:00	3839.4	3852.6	3760.6	3790.9	201
2019-03-12 00:00	3790.8	3817.3	3739.3	3800.6	209
2019-03-13 00:00	3800.5	3812.7	3767.9	3790.6	152
2019-03-14 00:00	3790.8	3840.7	3725.2	3794.5	163
2019-03-15 00:00	3794.6	3848.5	3788.4	3837.5	146
2019-03-17 00:00	3915.4	3920.2	3905.1	3905.1	11
2019-03-18 00:00	3905.4	3956.6	3874.7	3910.1	190
2019-03-19 00:00	3910.1	3951.6	3890.0	3939.3	195
2019-03-20 00:00	3940.6	3986.6	3904.1	3971.8	223
2019-03-21 00:00	3971.7	3996.9	3862.1	3914.3	162
2019-03-22 00:00	3914.1	3944.2	3907.3	3917.9	42
2019-03-24 00:00	3902.8	3917.3	3901.1	3909.3	6
2019-03-25 00:00	3909.4	3921.6	3804.4	3848.0	48
2019-03-26 00:00	3847.9	3871.4	3826.8	3861.4	48
2019-03-27 00:00	3861.1	3981.3	3858.5	3966.7	48
2019-03-28 00:00	3966.6	3971.4	3939.4	3952.5	48
2019-03-29 00:00	3952.4	4045.7	3951.7	4013.9	42
2019-03-31 00:00	4037.6	4040.7	4030.5	4039.0	6
2019-04-01 00:00	4038.8	4093.4	3999.9	4081.5	48
2019-04-02 00:00	4081.6	5026.5	4077.8	4845.7	67
2019-04-03 00:00	4846.3	5288.9	4756.3	4916.7	113
2019-04-04 00:00	4916.6	5016.1	4732.4	4849.7	77
2019-04-05 00:00	4849.8	5010.3	4827.6	4939.7	71
2019-04-07 00:00	5084.2	5202.0	5083.5	5137.3	20
2019-04-08 00:00	5137.9	5290.1	5075.9	5230.5	154
2019-04-09 00:00	5231.5	5231.5	5093.4	5134.3	110
2019-04-10 00:00	5133.6	5403.2	5108.2	5263.9	98
2019-04-11 00:00	5264.5	5285.8	4917.6	4983.5	195
2019-04-12 00:00	4983.0	5057.7	4864.0	4983.6	131
2019-04-14 00:00	5028.8	5126.4	5028.1	5104.5	13
2019-04-15 00:00	5104.5	5131.5	4892.2	4974.4	64
2019-04-16 00:00	4974.8	5172.4	4960.0	5146.3	63
2019-04-17 00:00	5146.2	5211.0	5129.1	5169.4	67
2019-04-18 00:00	5169.4	5260.3	5165.5	5223.3	56
2019-04-19 00:00	5223.9	5296.3	5141.2	5209.6	54
2019-04-21 00:00	5181.3	5252.5	5181.3	5240.2	12
2019-04-22 00:00	5240.1	5378.9	5197.1	5328.5	75
2019-04-23 00:00	5328.4	5564.0	5305.8	5476.5	115
2019-04-24 00:00	5474.3	5563.4	5318.7	5384.7	179
2019-04-25 00:00	5384.3	5452.5	4931.4	5074.9	117
2019-04-26 00:00	5074.1	5225.5	4989.3	5036.9	122
2019-04-28 00:00	5069.5	5103.8	5053.5	5098.0	6
2019-04-29 00:00	5098.1	5130.8	5026.8	5091.6	76
2019-04-30 00:00	5091.4	5228.1	5071.9	5211.5	52
2019-05-01 00:00	5212.6	5297.7	5209.5	5264.0	63
2019-05-02 00:00	5264.1	5363.7	5251.3	5330.2	71
2019-05-03 00:00	5330.8	5737.5	5312.9	5629.3	107
2019-05-05 00:00	5688.0	5693.5	5646.9	5654.6	91
2019-05-06 00:00	5654.7	5697.6	5507.3	5630.4	328
2019-05-07 00:00	5630.3	5910.2	5630.1	5689.3	61
2019-05-08 00:00	5689.2	5929.1	5605.2	5886.3	61
2019-05-09 00:00	5886.1	6112.7	5876.1	6094.2	57
2019-05-10 00:00	6093.8	6370.1	6049.6	6230.5	55
2019-05-12 00:00	7081.4	7116.4	6808.8	6919.2	8
2019-05-13 00:00	6919.3	8103.8	6809.9	7763.3	165
2019-05-14 00:00	7763.1	8278.9	7568.3	7934.6	201
2019-05-15 00:00	7934.7	8243.6	7784.4	8145.5	136
2019-05-16 00:00	8145.5	8330.0	7608.9	7822.9	89
2019-05-17 00:00	7822.8	7882.5	6536.9	7043.7	151
2019-05-19 00:00	7970.0	8238.6	7966.4	8139.5	17
2019-05-20 00:00	8138.6	8138.6	7521.7	7944.7	163
2019-05-21 00:00	7945.2	8054.4	7728.0	7895.3	96
2019-05-22 00:00	7895.3	7982.7	7468.1	7568.6	102
2019-05-23 00:00	7568.2	7923.8	7422.1	7821.8	125
2019-05-24 00:00	7822.2	8121.6	7741.6	8056.7	87
2019-05-26 00:00	8682.5	8682.5	8682.5	8682.5	1
2019-05-27 00:00	8682.6	8884.9	8607.8	8715.8	259
2019-05-28 00:00	8716.2	8758.6	8509.7	8661.5	120
2019-05-29 00:00	8661.5	8699.2	8374.4	8606.2	86
2019-05-30 00:00	8606.4	9026.3	7972.6	8218.6	166
2019-05-31 00:00	8219.1	8456.8	8054.9	8446.7	131
2019-06-02 00:00	8655.9	8703.8	8631.2	8679.0	6
2019-06-03 00:00	8679.1	8684.0	8013.3	8053.0	121
2019-06-04 00:00	8053.0	8053.0	7384.8	7613.5	193
2019-06-05 00:00	7612.9	7866.4	7522.4	7729.8	110
2019-06-06 00:00	7729.9	7813.1	7403.0	7746.4	88
2019-06-07 00:00	7746.3	8074.1	7706.4	7842.0	86
2019-06-09 00:00	7576.0	7601.4	7455.9	7578.8	13
2019-06-10 00:00	7579.0	8024.2	7467.7	7960.0	141
2019-06-11 00:00	7959.6	7996.8	7657.6	7860.5	84
2019-06-12 00:00	7860.6	8215.8	7765.7	8116.2	105
2019-06-13 00:00	8116.8	8274.1	8004.6	8178.2	79
2019-06-14 00:00	8179.0	8410.6	8124.5	8393.5	79
2019-06-16 00:00	8874.0	9022.6	8863.1	8919.3	13
2019-06-17 00:00	8919.5	9416.5	8918.0	9275.3	301
2019-06-18 00:00	9275.2	9298.7	8876.4	9023.7	156
2019-06-19 00:00	9022.4	9261.5	8980.0	9220.9	109
2019-06-20 00:00	9220.6	9540.9	9158.0	9474.6	107
2019-06-21 00:00	9474.8	9895.8	9474.5	9881.1	165
2019-06-23 00:00	10968.6	11186.9	10673.0	10772.9	97
2019-06-24 00:00	10771.4	11036.1	10493.3	10973.8	906
2019-06-25 00:00	10973.8	11731.6	10950.5	11696.9	756
2019-06-26 00:00	11697.0	13797.0	11619.1	12874.7	923
2019-06-27 00:00	12874.7	13287.5	10249.5	11095.6	1253
2019-06-28 00:00	11095.3	12341.8	10707.9	12159.5	952
2019-06-30 00:00	11331.4	11359.7	10600.9	10649.3	118
2019-07-01 00:00	10699.0	11141.3	9933.0	10522.7	1332
2019-07-02 00:00	10521.6	10865.0	9600.8	10776.8	1125
2019-07-03 00:00	10776.6	11956.8	10776.3	11919.4	1171
2019-07-04 00:00	11919.4	11995.5	11011.9	11090.1	864
2019-07-05 00:00	11090.1	11382.0	10721.1	10977.1	681
2019-07-07 00:00	11451.6	11521.7	11287.3	11418.4	54
2019-07-08 00:00	11418.5	12335.5	11275.9	12242.5	859
2019-07-09 00:00	12242.5	12768.7	12072.9	12509.2	992
2019-07-10 00:00	12509.2	13132.0	11503.7	12038.5	969
2019-07-11 00:00	12038.5	12039.0	10929.1	11290.0	1043
2019-07-12 00:00	11290.1	11861.7	11034.0	11852.6	629
2019-07-14 00:00	10585.1	10644.9	10036.5	10129.3	92
2019-07-15 00:00	10129.3	11018.9	9806.3	10796.3	1046
2019-07-16 00:00	10796.3	10979.3	9310.7	9368.0	1141
2019-07-17 00:00	9367.9	9930.9	9024.3	9642.5	1034
2019-07-18 00:00	9642.5	10736.7	9236.8	10589.6	1117
2019-07-19 00:00	10589.5	10714.8	10068.7	10471.9	869
2019-07-21 00:00	10450.7	10591.4	10444.5	10537.3	61
2019-07-22 00:00	10537.4	10626.9	10010.7	10266.8	710
2019-07-23 00:00	10266.8	10268.2	9755.6	9789.4	683
2019-07-24 00:00	9789.0	9855.4	9459.3	9714.8	539
2019-07-25 00:00	9714.7	10125.4	9685.3	9821.9	446
2019-07-26 00:00	9821.9	9836.4	9602.5	9774.9	316
2019-07-28 00:00	9450.3	9546.2	9062.6	9473.7	84
2019-07-29 00:00	9473.7	9658.2	9327.3	9443.6	515
2019-07-30 00:00	9443.6	9705.6	9323.1	9533.8	466
2019-07-31 00:00	9533.7	10072.4	9515.6	10030.9	469
2019-08-01 00:00	10035.1	10434.5	9829.3	10352.1	448
2019-08-02 00:00	10352.0	10612.7	10280.2	10348.1	478
2019-08-04 00:00	10897.6	11025.8	10748.0	10921.7	68
2019-08-05 00:00	10921.6	11891.1	10921.6	11742.8	844
2019-08-06 00:00	11742.8	12260.6	11152.9	11405.6	629
2019-08-07 00:00	11405.9	12087.4	11334.4	11917.9	822
2019-08-08 00:00	11918.0	11995.5	11419.5	11931.7	668
2019-08-09 00:00	11931.7	11976.1	11600.5	11805.7	410
2019-08-11 00:00	11354.6	11524.4	11353.8	11484.1	37
2019-08-12 00:00	11484.1	11494.5	11175.9	11330.7	311
2019-08-13 00:00	11330.5	11383.9	10692.2	10801.3	359
2019-08-14 00:00	10801.4	10801.4	9847.2	9963.8	447
2019-08-15 00:00	9963.7	10385.2	9427.2	10241.7	557
2019-08-16 00:00	10241.7	10482.3	9693.4	10337.4	613
2019-08-18 00:00	10295.1	10382.3	10244.8	10261.5	47
2019-08-19 00:00	10261.5	10876.4	10216.1	10864.8	467
2019-08-20 00:00	10865.6	10894.4	10508.5	10711.4	465
2019-08-21 00:00	10711.5	10745.3	9809.5	10071.2	554
2019-08-22 00:00	10069.5	10176.7	9704.0	10056.8	690
2019-08-23 00:00	10056.8	10413.1	9992.9	10304.1	492
2019-08-25 00:00	9934.4	10101.7	9849.8	10083.0	55
2019-08-26 00:00	10083.0	10603.3	10080.7	10304.8	571
2019-08-27 00:00	10304.8	10320.2	9970.1	10115.9	348
2019-08-28 00:00	10115.9	10222.5	9508.5	9659.1	389
2019-08-29 00:00	9659.1	9660.4	9269.8	9433.3	168
2019-08-30 00:00	9433.3	9636.1	9302.7	9571.1	42
2019-09-01 00:00	9583.8	9768.8	9578.5	9712.1	6
2019-09-02 00:00	9711.4	10410.9	9701.4	10328.5	326
2019-09-03 00:00	10328.5	10721.0	10233.2	10573.9	536
2019-09-04 00:00	10574.0	10770.9	10328.2	10524.3	552
2019-09-05 00:00	10524.2	10604.7	10415.2	10519.3	486
2019-09-06 00:00	10519.3	10887.5	10153.4	10300.8	557
2019-09-08 00:00	10306.0	10372.4	10285.5	10343.8	29
2019-09-09 00:00	10343.8	10475.1	10015.6	10255.4	608
2019-09-10 00:00	10255.4	10331.8	9880.9	10041.8	470
2019-09-11 00:00	10041.8	10197.1	9809.1	10103.0	464
2019-09-12 00:00	10103.1	10407.4	9981.4	10368.2	366
2019-09-13 00:00	10368.1	10396.3	10105.5	10213.4	388
2019-09-15 00:00	10218.3	10267.7	10217.0	10250.6	34
2019-09-16 00:00	10250.8	10319.1	10019.3	10206.0	326
2019-09-17 00:00	10205.9	10217.9	10080.0	10131.4	289
2019-09-18 00:00	10131.3	10201.7	10028.8	10099.9	188
2019-09-19 00:00	10099.7	10309.7	9591.5	10216.4	370
2019-09-20 00:00	10216.4	10251.0	10007.6	10078.6	252
2019-09-22 00:00	9951.4	10017.6	9936.1	9971.8	35
2019-09-23 00:00	9971.8	9992.3	9557.6	9634.3	586
2019-09-24 00:00	9634.2	9720.7	8047.7	8475.1	521
2019-09-25 00:00	8475.1	8687.7	8168.3	8380.4	543
2019-09-26 00:00	8380.4	8407.0	7681.3	8005.0	656
2019-09-27 00:00	8005.0	8058.7	7811.9	8002.7	363
2019-09-29 00:00	7952.7	8079.9	7930.5	7997.2	40
2019-09-30 00:00	7997.2	8303.0	7657.8	8253.2	647
2019-10-01 00:00	8248.6	8471.6	8142.7	8266.1	652
2019-10-02 00:00	8265.8	8334.1	8120.2	8326.9	342
2019-10-03 00:00	8326.8	8358.8	8029.7	8184.4	297
2019-10-04 00:00	8184.6	8187.7	7971.9	8109.1	262
2019-10-06 00:00	7849.5	7871.9	7752.9	7803.8	31
2019-10-07 00:00	7803.9	8254.3	7713.6	8153.9	571
2019-10-08 00:00	8153.9	8284.5	8057.3	8126.3	540
2019-10-09 00:00	8126.3	8634.4	8065.1	8532.9	742
2019-10-10 00:00	8533.0	8604.0	8399.1	8529.4	513
2019-10-11 00:00	8529.4	8755.1	8231.6	8282.6	485
2019-10-13 00:00	8191.6	8260.0	8174.4	8224.0	48
2019-10-14 00:00	8224.0	8346.9	8163.4	8299.2	424
2019-10-15 00:00	8299.1	8359.7	8058.6	8105.0	428
2019-10-16 00:00	8105.0	8118.0	7855.8	7940.4	333
2019-10-17 00:00	7940.5	8069.6	7883.2	8018.1	412
2019-10-18 00:00	8017.9	8062.7	7765.0	7888.5	432
2019-10-20 00:00	8167.3	8184.1	8129.7	8177.7	46
2019-10-21 00:00	8177.7	8287.2	8102.2	8153.8	506
2019-10-22 00:00	8153.8	8256.3	7942.5	7966.6	515
2019-10-23 00:00	7966.6	7992.6	7247.4	7417.4	493
2019-10-24 00:00	7417.1	7453.5	7301.8	7371.8	507
2019-10-25 00:00	7371.6	8712.4	7340.6	8511.0	678
2019-10-27 00:00	9564.7	9667.7	9409.5	9493.6	99
2019-10-28 00:00	9493.9	9875.5	9140.6	9163.5	987
2019-10-29 00:00	9164.9	9504.1	9033.7	9376.2	739
2019-10-30 00:00	9376.3	9376.8	8944.8	9109.1	671
2019-10-31 00:00	9109.0	9373.3	8903.3	9095.6	684
2019-11-01 00:00	9099.5	9244.0	9003.7	9153.5	652
2019-11-03 00:00	9102.0	9187.5	9021.7	9146.4	41
2019-11-04 00:00	9148.1	9506.8	9071.2	9359.1	597
2019-11-05 00:00	9358.6	9425.4	9132.8	9263.9	555
2019-11-06 00:00	9263.0	9389.3	9201.4	9285.9	561
2019-11-07 00:00	9286.3	9314.5	9030.5	9147.0	576
2019-11-08 00:00	9147.1	9192.2	8616.9	8742.7	524
2019-11-10 00:00	8978.3	9039.6	8968.4	8977.6	50
2019-11-11 00:00	8978.1	9011.7	8548.6	8662.3	424
2019-11-12 00:00	8662.1	8807.9	8508.7	8757.8	428
2019-11-13 00:00	8758.0	8779.0	8651.3	8704.8	382
2019-11-14 00:00	8704.7	8730.2	8505.0	8571.0	369
2019-11-15 00:00	8570.9	8712.8	8326.1	8410.2	397
2019-11-17 00:00	8471.7	8506.6	8434.1	8447.4	16
2019-11-18 00:00	8448.3	8448.3	7982.2	8114.4	466
2019-11-19 00:00	8114.5	8141.1	7941.6	8065.9	444
2019-11-20 00:00	8065.9	8164.0	7970.7	8025.3	389
2019-11-21 00:00	8025.4	8059.3	7344.0	7558.6	484
2019-11-22 00:00	7558.5	7653.5	6739.3	7271.6	669
2019-11-24 00:00	6998.9	7043.1	6816.1	6849.2	48
2019-11-25 00:00	6849.3	7318.2	6470.6	7066.2	1014
2019-11-26 00:00	7066.2	7282.7	6974.3	7106.5	838
2019-11-27 00:00	7106.4	7614.7	6794.9	7465.8	911
2019-11-28 00:00	7465.7	7601.8	7318.7	7374.6	582
2019-11-29 00:00	7374.7	7807.3	7362.3	7688.4	594
2019-12-01 00:00	7297.4	7394.6	7259.7	7346.8	74
2019-12-02 00:00	7347.3	7373.5	7109.2	7246.4	595
2019-12-03 00:00	7247.5	7354.5	7188.0	7244.2	516
2019-12-04 00:00	7244.2	7712.7	7039.9	7141.8	652
2019-12-05 00:00	7141.7	7430.7	7110.5	7337.6	649
2019-12-06 00:00	7337.5	7545.5	7254.8	7383.8	428
2019-12-08 00:00	7479.0	7507.2	7463.5	7464.3	18
2019-12-09 00:00	7464.6	7595.6	7229.8	7279.9	341
2019-12-10 00:00	7279.9	7333.4	7105.7	7164.5	439
2019-12-11 00:00	7165.3	7210.5	7075.3	7146.2	361
2019-12-12 00:00	7146.4	7229.6	7025.3	7131.6	469
2019-12-13 00:00	7131.7	7241.1	7126.7	7198.3	289
2019-12-15 00:00	7071.5	7072.2	7035.4	7055.7	23
2019-12-16 00:00	7055.7	7081.7	6774.7	6820.7	386
2019-12-17 00:00	6820.7	6876.6	6503.9	6559.0	471
2019-12-18 00:00	6559.0	7385.5	6378.7	7230.6	772
2019-12-19 00:00	7230.6	7316.1	6989.4	7092.8	492
2019-12-20 00:00	7092.8	7159.2	7023.2	7151.6	269
2019-12-22 00:00	7362.1	7462.1	7324.2	7456.4	6
2019-12-23 00:00	7456.8	7631.1	7207.6	7255.4	347
2019-12-24 00:00	7255.5	7367.7	7103.3	7188.5	575
2019-12-25 00:00	7180.9	7185.4	7111.2	7137.3	34
2019-12-26 00:00	7138.1	7370.3	7094.0	7135.9	440
2019-12-27 00:00	7135.8	7194.9	7006.4	7155.3	262
2019-12-29 00:00	7334.2	7365.8	7300.4	7325.6	6
2019-12-30 00:00	7326.2	7331.0	7145.8	7160.8	362
2019-12-31 00:00	7160.9	7241.7	7058.5	7100.5	369
2020-01-01 00:00	7157.6	7164.5	7101.2	7119.7	24
2020-01-02 00:00	7119.7	7126.9	6849.7	6889.4	316
2020-01-03 00:00	6890.6	7341.8	6802.8	7253.4	623
2020-01-05 00:00	7371.8	7371.8	7259.0	7294.8	59
2020-01-06 00:00	7296.9	7747.6	7286.3	7707.7	718
2020-01-07 00:00	7707.8	8155.1	7679.0	8100.2	1093
2020-01-08 00:00	8100.1	8406.1	7816.9	7990.4	1081
2020-01-09 00:00	7990.4	7990.7	7692.4	7757.4	1010
2020-01-10 00:00	7760.4	8076.7	7622.9	8016.1	793
2020-01-12 00:00	8078.8	8124.8	8038.9	8124.5	40
2020-01-13 00:00	8124.4	8136.6	7991.5	8051.1	333
2020-01-14 00:00	8051.2	8835.2	8050.8	8763.8	1080
2020-01-15 00:00	8763.5	8844.1	8504.3	8751.9	817
2020-01-16 00:00	8751.7	8790.9	8528.0	8655.5	765
2020-01-17 00:00	8656.3	8951.4	8608.3	8811.9	674
2020-01-19 00:00	8583.8	8690.8	8442.7	8639.9	77
2020-01-20 00:00	8640.5	8678.8	8454.1	8571.8	607
2020-01-21 00:00	8572.0	8712.6	8429.5	8665.6	610
2020-01-22 00:00	8665.1	8733.9	8516.7	8604.8	494
2020-01-23 00:00	8604.8	8609.4	8222.9	8327.6	530
2020-01-24 00:00	8327.5	8453.8	8163.4	8417.1	480
2020-01-26 00:00	8497.6	8538.1	8479.9	8538.1	51
2020-01-27 00:00	8538.3	8934.1	8505.8	8838.3	708
2020-01-28 00:00	8838.1	9352.9	8834.1	9337.4	775
2020-01-29 00:00	9337.0	9375.4	9171.9	9229.6	668
2020-01-30 00:00	9229.7	9507.8	9130.9	9448.2	756
2020-01-31 00:00	9448.1	9464.7	9143.2	9248.0	525
2020-02-02 00:00	9377.9	9387.2	9259.2	9265.0	42
2020-02-03 00:00	9264.9	9548.6	9164.6	9222.0	515
2020-02-04 00:00	9223.6	9286.1	9022.7	9107.6	460
2020-02-05 00:00	9107.6	9710.5	9094.5	9559.8	813
2020-02-06 00:00	9559.7	9800.5	9473.5	9703.0	779
2020-02-07 00:00	9703.0	9815.2	9661.1	9672.9	593
2020-02-09 00:00	10002.1	10113.8	9999.4	10108.3	46
2020-02-10 00:00	10108.2	10137.2	9702.4	9795.2	708
2020-02-11 00:00	9795.0	10328.9	9655.5	10212.3	744
2020-02-12 00:00	10213.0	10424.4	10194.5	10294.0	693
2020-02-13 00:00	10294.2	10454.4	10031.1	10177.5	837
2020-02-14 00:00	10177.4	10333.6	10046.9	10314.2	844
2020-02-16 00:00	9724.3	9945.7	9705.6	9863.1	66
2020-02-17 00:00	9862.8	9911.7	9418.3	9648.7	750
2020-02-18 00:00	9649.4	10222.6	9555.6	10133.7	751
2020-02-19 00:00	10134.8	10246.0	9261.6	9544.2	744
2020-02-20 00:00	9543.8	9636.1	9359.5	9550.6	649
2020-02-21 00:00	9550.5	9713.1	9521.7	9660.3	640
2020-02-23 00:00	9830.3	9942.2	9823.8	9909.2	67
2020-02-24 00:00	9909.0	9968.2	9431.4	9602.0	612
2020-02-25 00:00	9602.5	9619.8	9189.8	9250.1	450
2020-02-26 00:00	9249.8	9308.1	8570.2	8719.3	347
2020-02-27 00:00	8719.9	8913.9	8467.3	8758.6	629
2020-02-28 00:00	8758.3	8842.8	8380.5	8559.5	758
2020-03-01 00:00	8424.8	8523.3	8404.0	8467.7	71
2020-03-02 00:00	8466.6	8916.3	8433.1	8860.6	729
2020-03-03 00:00	8861.1	8868.1	8604.6	8699.6	565
2020-03-04 00:00	8699.5	8790.2	8613.7	8700.4	538
2020-03-05 00:00	8700.3	9113.1	8700.3	9013.7	813
2020-03-06 00:00	9013.6	9123.6	8942.5	9062.3	697
2020-03-08 00:00	8215.3	8234.5	7945.4	7979.3	110
2020-03-09 00:00	7979.2	8125.0	7579.7	7874.6	752
2020-03-10 00:00	7874.4	8096.4	7680.3	7836.0	580
2020-03-11 00:00	7835.9	7934.2	7535.4	7882.6	638
2020-03-12 00:00	7882.6	7910.4	4644.0	4814.8	1004
2020-03-13 00:00	4818.3	5935.5	3850.6	5388.9	929
2020-03-15 00:00	5118.2	5897.2	5117.4	5287.5	110
2020-03-16 00:00	5288.4	5290.7	4378.0	4983.9	1134
2020-03-17 00:00	4984.1	5505.0	4887.6	5278.7	1163
2020-03-18 00:00	5278.6	5391.8	4967.2	5357.9	1208
2020-03-19 00:00	5357.9	6370.9	5211.9	6129.3	1202
2020-03-20 00:00	6129.3	6888.1	5645.3	5915.5	1228
2020-03-22 00:00	5881.0	6083.6	5693.2	5764.0	143
2020-03-23 00:00	5763.9	6578.7	5635.1	6438.8	1171
2020-03-24 00:00	6438.7	6807.9	6347.1	6713.5	1115
2020-03-25 00:00	6713.7	6928.9	6417.1	6632.2	1097
2020-03-26 00:00	6632.3	6737.8	6476.2	6702.3	944
2020-03-27 00:00	6702.5	6810.9	6531.3	6627.3	621
2020-03-29 00:00	5890.5	5890.5	5818.4	5820.6	73
2020-03-30 00:00	5820.6	6571.6	5798.6	6351.1	1003
2020-03-31 00:00	6351.1	6472.3	6287.1	6370.4	805
2020-04-01 00:00	6370.4	6650.3	6102.8	6609.6	1003
2020-04-02 00:00	6609.6	7193.7	6527.6	6743.6	1182
2020-04-03 00:00	6743.6	6989.3	6562.1	6646.5	1046
2020-04-05 00:00	6701.0	6761.5	6671.9	6719.7	59
2020-04-06 00:00	6719.8	7307.6	6715.7	7285.6	1202
2020-04-07 00:00	7284.8	7410.5	7022.5	7144.5	1140
2020-04-08 00:00	7144.6	7370.5	7098.0	7311.6	1027
2020-04-09 00:00	7311.5	7319.4	7060.4	7236.0	829
2020-04-10 00:00	7235.8	7246.9	6696.2	6865.9	929
2020-04-12 00:00	7073.1	7096.6	6844.9	6852.3	106
2020-04-13 00:00	6852.2	6852.3	6534.8	6803.3	967
2020-04-14 00:00	6803.4	6929.3	6722.0	6819.9	984
2020-04-15 00:00	6819.5	6883.0	6551.6	6565.2	687
2020-04-16 00:00	6565.1	7155.6	6423.9	7056.8	1051
2020-04-17 00:00	7057.0	7097.3	6945.0	7004.4	828
2020-04-19 00:00	7091.6	7148.1	7064.0	7074.1	112
2020-04-20 00:00	7074.1	7166.7	6704.9	6783.7	1065
2020-04-21 00:00	6782.9	6897.2	6719.0	6797.2	874
2020-04-22 00:00	6797.3	7111.3	6771.5	7080.1	775
2020-04-23 00:00	7080.5	7706.1	6980.3	7434.3	1009
2020-04-24 00:00	7433.9	7553.7	7340.7	7477.3	618
2020-04-26 00:00	7599.5	7651.2	7534.9	7649.5	79
2020-04-27 00:00	7649.2	7742.4	7582.9	7734.1	853
2020-04-28 00:00	7734.1	7740.4	7616.3	7703.1	754
2020-04-29 00:00	7703.1	8916.7	7672.8	8734.0	1274
2020-04-30 00:00	8733.9	9413.9	8355.8	8571.3	1502
2020-05-01 00:00	8570.8	9013.8	8566.7	8676.1	913
2020-05-03 00:00	8777.8	8908.7	8754.0	8850.3	97
2020-05-04 00:00	8850.3	8912.7	8480.3	8829.0	1016
2020-05-05 00:00	8829.1	9065.1	8732.2	8969.7	995
2020-05-06 00:00	8969.8	9353.2	8867.0	9107.2	1063
2020-05-07 00:00	9107.2	10016.2	8988.5	9949.7	1257
2020-05-08 00:00	9949.8	9994.7	9676.9	9944.1	992
2020-05-10 00:00	8675.0	8783.2	8529.0	8679.7	117
2020-05-11 00:00	8679.7	9115.5	8145.7	8515.6	1408
2020-05-12 00:00	8515.4	8922.4	8486.7	8766.0	1225
2020-05-13 00:00	8766.1	9357.1	8749.2	9265.5	1286
2020-05-14 00:00	9265.5	9888.5	9212.9	9737.5	1200
2020-05-15 00:00	9737.5	9788.7	9092.2	9186.1	790
2020-05-17 00:00	9676.2	9729.6	9553.4	9619.4	87
2020-05-18 00:00	9619.5	9898.5	9414.7	9674.8	787
2020-05-19 00:00	9674.8	9841.1	9409.9	9722.8	1053
2020-05-20 00:00	9722.5	9783.3	9259.3	9453.8	856
2020-05-21 00:00	9453.8	9511.8	8748.4	9003.5	903
2020-05-22 00:00	9003.6	9210.6	8876.1	9127.6	631
2020-05-24 00:00	8943.9	9021.8	8640.1	8658.0	89
2020-05-25 00:00	8658.5	8921.6	8581.4	8843.4	975
2020-05-26 00:00	8843.4	8962.0	8644.1	8785.1	696
2020-05-27 00:00	8785.0	9172.5	8759.1	9150.3	553
2020-05-28 00:00	9150.5	9567.5	9060.0	9523.6	540
2020-05-29 00:00	9522.4	9549.7	9285.0	9362.3	475
2020-05-31 00:00	9449.5	9460.1	9334.4	9390.2	80
2020-06-01 00:00	9390.1	10357.3	9367.4	10152.5	320
2020-06-02 00:00	10152.5	10176.8	9245.7	9463.6	536
2020-06-03 00:00	9463.9	9633.8	9341.0	9609.4	496
2020-06-04 00:00	9610.3	9829.2	9404.7	9736.2	667
2020-06-05 00:00	9736.1	9800.9	9566.6	9659.6	571
2020-06-07 00:00	9671.1	9732.7	9644.3	9697.9	69
2020-06-08 00:00	9697.8	9754.1	9598.6	9727.1	593
2020-06-09 00:00	9727.1	9834.6	9527.8	9727.0	592
2020-06-10 00:00	9726.9	9959.3	9651.3	9836.6	633
2020-06-11 00:00	9836.5	9953.5	9038.1	9217.1	590
2020-06-12 00:00	9217.1	9495.6	9177.2	9407.5	457
2020-06-14 00:00	9325.0	9347.3	9199.6	9276.2	70
2020-06-15 00:00	9276.3	9443.7	8853.5	9375.5	610
2020-06-16 00:00	9375.4	9534.9	9329.2	9471.9	547
2020-06-17 00:00	9471.8	9505.3	9189.2	9399.1	347
2020-06-18 00:00	9399.8	9423.0	9218.0	9324.2	353
2020-06-19 00:00	9323.3	9374.4	9177.9	9259.3	312
2020-06-21 00:00	9253.3	9272.2	9223.1	9232.2	12
2020-06-22 00:00	9229.9	9730.6	9217.4	9634.6	313
2020-06-23 00:00	9634.6	9667.0	9524.2	9565.9	429
2020-06-24 00:00	9565.9	9612.1	9146.3	9232.6	341
2020-06-25 00:00	9232.6	9278.7	8939.8	9185.9	391
2020-06-26 00:00	9186.2	9234.4	8975.9	9132.4	366
2020-06-28 00:00	9052.8	9074.5	9018.6	9062.3	47
2020-06-29 00:00	9064.0	9179.4	8962.5	9132.4	518
2020-06-30 00:00	9133.2	9150.5	9008.1	9079.8	469
2020-07-01 00:00	9080.4	9240.9	9037.0	9181.0	522
2020-07-02 00:00	9180.9	9210.0	8891.6	9034.9	590
2020-07-03 00:00	9035.4	9077.9	9001.8	9037.5	402
2020-07-05 00:00	8952.3	9043.6	8870.3	9026.6	20
2020-07-06 00:00	9026.6	9315.9	9008.0	9292.4	277
2020-07-07 00:00	9293.6	9323.4	9150.7	9201.5	305
2020-07-08 00:00	9201.3	9420.3	9180.8	9384.2	343
2020-07-09 00:00	9384.1	9392.3	9109.1	9182.3	297
2020-07-10 00:00	9182.2	9197.0	9070.0	9175.7	221
2020-07-12 00:00	9175.9	9277.1	9165.5	9245.5	7
2020-07-13 00:00	9245.4	9287.2	9144.9	9180.7	48
2020-07-14 00:00	9180.6	9223.2	9069.9	9199.9	48
2020-07-15 00:00	9199.9	9216.5	9101.0	9138.0	48
2020-07-16 00:00	9138.0	9157.5	8977.1	9074.5	48
2020-07-17 00:00	9074.5	9125.8	9022.6	9100.4	42
2020-07-19 00:00	9116.9	9180.0	9108.6	9157.8	6
2020-07-20 00:00	9158.1	9168.0	9081.6	9106.6	48
2020-07-21 00:00	9106.6	9381.3	9102.1	9337.3	48
2020-07-22 00:00	9337.8	9508.1	9229.7	9480.8	48
2020-07-23 00:00	9480.8	9621.9	9402.5	9557.8	48
2020-07-24 00:00	9557.8	9575.6	9421.1	9572.0	42
2020-07-26 00:00	9825.7	9892.1	9819.2	9883.5	6
2020-07-27 00:00	9883.5	11351.3	9879.8	10990.0	48
2020-07-28 00:00	10990.0	11200.7	10534.0	10876.5	48
2020-07-29 00:00	10876.5	11293.9	10794.6	11053.6	48
2020-07-30 00:00	11053.7	11128.2	10796.6	11057.4	48
2020-07-31 00:00	11057.3	11398.3	10921.7	11270.7	40
2020-08-02 00:00	11034.1	11129.0	10946.5	11009.0	6
2020-08-03 00:00	11009.3	11423.6	10907.8	11178.6	48
2020-08-04 00:00	11178.3	11361.5	10986.2	11137.3	48
2020-08-05 00:00	11137.3	11739.5	11045.2	11697.3	48
2020-08-06 00:00	11697.3	11857.0	11523.0	11715.4	48
2020-08-07 00:00	11715.5	11859.7	11293.7	11452.2	40
2020-08-09 00:00	11618.2	11644.0	11574.5	11628.5	6
2020-08-10 00:00	11628.5	12025.5	11462.5	11839.7	48
2020-08-11 00:00	11840.1	11885.0	11071.7	11331.2	48
2020-08-12 00:00	11331.2	11567.6	11110.7	11515.0	48
2020-08-13 00:00	11515.0	11742.6	11222.6	11736.1	48
2020-08-14 00:00	11736.1	11805.1	11599.0	11759.8	40
2020-08-16 00:00	11792.9	11863.7	11781.1	11859.9	6
2020-08-17 00:00	11860.1	12419.8	11719.4	12244.1	48
2020-08-18 00:00	12243.6	12340.1	11780.4	11900.2	48
2020-08-19 00:00	11899.7	11964.9	11539.4	11700.6	48
2020-08-20 00:00	11700.2	11836.7	11621.7	11808.9	48
2020-08-21 00:00	11808.9	11828.3	11557.1	11619.7	40
2020-08-23 00:00	11611.6	11630.9	11586.1	11595.9	6
2020-08-24 00:00	11596.1	11769.2	11540.4	11699.2	48
2020-08-25 00:00	11699.2	11712.4	11066.8	11272.5	48
2020-08-26 00:00	11272.5	11485.0	11200.0	11410.6	48
2020-08-27 00:00	11410.6	11537.3	11072.3	11273.8	48
2020-08-28 00:00	11274.0	11494.0	11229.7	11454.4	40
2020-08-30 00:00	11579.3	11659.9	11540.8	11659.6	6
2020-08-31 00:00	11659.0	11722.5	11527.1	11601.3	48
2020-09-01 00:00	11600.9	12005.1	11488.1	11874.0	48
2020-09-02 00:00	11874.5	11901.0	11165.1	11366.6	48
2020-09-03 00:00	11366.8	11452.3	9993.5	10150.7	48
2020-09-04 00:00	10149.8	10584.2	9893.1	10563.1	40
2020-09-06 00:00	10214.2	10331.4	10166.4	10237.0	6
2020-09-07 00:00	10237.3	10389.2	9863.6	10354.8	48
2020-09-08 00:00	10354.6	10421.6	9840.4	10105.3	48
2020-09-09 00:00	10105.7	10328.1	9965.3	10207.2	48
2020-09-10 00:00	10207.1	10470.4	10205.0	10327.4	48
2020-09-11 00:00	10327.4	10361.9	10188.1	10325.2	44
2020-09-13 00:00	10295.4	10316.8	10273.9	10316.8	6
2020-09-14 00:00	10316.9	10740.7	10232.3	10657.5	48
2020-09-15 00:00	10657.5	10916.5	10606.8	10765.9	48
2020-09-16 00:00	10765.9	11076.2	10649.3	10935.2	48
2020-09-17 00:00	10935.1	11026.0	10733.1	10925.7	48
2020-09-18 00:00	10925.7	11019.9	10801.3	10920.9	44
2020-09-20 00:00	10829.7	10918.9	10799.8	10899.0	6
2020-09-21 00:00	10898.7	10972.3	10285.5	10399.1	48
2020-09-22 00:00	10400.2	10554.0	10341.4	10514.9	48
2020-09-23 00:00	10514.4	10521.2	10120.3	10217.1	48
2020-09-24 00:00	10217.1	10773.0	10177.1	10718.9	48
2020-09-25 00:00	10718.9	10741.4	10541.9	10724.8	44
2020-09-27 00:00	10706.6	10765.4	10687.5	10755.2	6
2020-09-28 00:00	10755.5	10938.3	10621.2	10674.4	48
2020-09-29 00:00	10674.4	10846.5	10622.3	10822.1	48
2020-09-30 00:00	10822.0	10826.9	10647.5	10760.2	48
2020-10-01 00:00	10760.5	10907.8	10432.3	10596.4	48
2020-10-02 00:00	10596.2	10642.2	10365.5	10449.5	44
2020-10-04 00:00	10623.6	10664.3	10618.0	10655.8	6
2020-10-05 00:00	10655.7	10778.2	10608.9	10775.6	48
2020-10-06 00:00	10775.6	10780.7	10510.5	10583.2	48
2020-10-07 00:00	10583.2	10662.2	10530.1	10652.9	48
2020-10-08 00:00	10652.8	10940.6	10520.0	10912.3	48
2020-10-09 00:00	10912.3	11095.8	10818.8	11033.2	44
2020-10-11 00:00	11306.2	11376.9	11264.7	11353.9	6
2020-10-12 00:00	11353.7	11708.7	11184.2	11516.0	48
2020-10-13 00:00	11516.0	11541.2	11295.3	11406.4	48
2020-10-14 00:00	11406.2	11531.8	11277.9	11408.4	48
2020-10-15 00:00	11408.5	11606.9	11249.2	11490.2	48
2020-10-16 00:00	11490.2	11529.9	11197.0	11319.1	44
2020-10-18 00:00	11420.3	11498.4	11413.8	11492.1	6
2020-10-19 00:00	11492.1	11817.3	11395.9	11737.4	48
2020-10-20 00:00	11737.4	12035.7	11667.7	11904.3	48
2020-10-21 00:00	11904.3	13230.6	11882.1	12789.2	48
2020-10-22 00:00	12789.3	13184.9	12683.9	12968.3	48
2020-10-23 00:00	12963.5	13016.0	12712.2	12893.5	44
2020-10-25 00:00	13015.1	13035.3	12977.2	13021.2	6
2020-10-26 00:00	13021.2	13229.5	12768.5	13052.1	48
2020-10-27 00:00	13052.1	13771.1	13045.8	13636.5	48
2020-10-28 00:00	13636.5	13836.0	12883.9	13270.0	48
2020-10-29 00:00	13270.0	13632.5	12965.9	13448.4	48
2020-10-30 00:00	13448.4	13680.8	13109.8	13541.0	44
2020-11-01 00:00	13806.5	13844.6	13630.7	13751.3	6
2020-11-02 00:00	13751.7	13821.2	13198.3	13550.7	48
2020-11-03 00:00	13550.7	14064.5	13276.4	14024.2	48
2020-11-04 00:00	14024.1	14256.3	13526.6	14144.2	48
2020-11-05 00:00	14144.2	15747.1	14094.4	15589.7	48
2020-11-06 00:00	15587.3	15950.5	15188.8	15529.2	44
2020-11-08 00:00	15362.9	15518.6	15247.5	15463.1	6
2020-11-09 00:00	15462.7	15834.7	14809.8	15321.1	48
2020-11-10 00:00	15321.1	15458.6	15077.1	15295.3	48
2020-11-11 00:00	15293.5	15976.4	15272.2	15683.6	48
2020-11-12 00:00	15683.6	16343.8	15462.0	16288.3	48
2020-11-13 00:00	16288.3	16470.8	15955.0	16272.2	44
2020-11-15 00:00	15839.8	15997.4	15776.1	15949.1	6
2020-11-16 00:00	15949.1	16452.4	15858.1	16446.8	32