,"eta(Hn=0.01, Hp=0.01)","payoff(Hn=0.01, Hp=0.01)","eta(Hn=0.02, Hp=0.02)","payoff(Hn=0.02, Hp=0.02)","eta(Hn=0.03, Hp=0.03)","payoff(Hn=0.03, Hp=0.03)","eta(Hn=0.04, Hp=0.04)","payoff(Hn=0.04, Hp=0.04)",pure online,best price
0,,,,,,,-0.04,1.1591814999999996,1.1591814999999996,1.1872490000000002
1,,,,,,,-0.039900000000000005,1.1591814999999996,1.1591814999999996,1.1872490000000002
2,,,,,,,-0.0398,1.1591814999999996,1.1591814999999996,1.1872490000000002
3,,,,,,,-0.0397,1.1591814999999996,1.1591814999999996,1.1872490000000002
4,,,,,,,-0.0396,1.1591814999999996,1.1591814999999996,1.1872490000000002
5,,,,,,,-0.0395,1.1591814999999996,1.1591814999999996,1.1872490000000002
6,,,,,,,-0.039400000000000004,1.1591814999999996,1.1591814999999996,1.1872490000000002
7,,,,,,,-0.0393,1.1591814999999996,1.1591814999999996,1.1872490000000002
8,,,,,,,-0.0392,1.1591814999999996,1.1591814999999996,1.1872490000000002
9,,,,,,,-0.0391,1.1591814999999996,1.1591814999999996,1.1872490000000002
10,,,,,,,-0.039,1.1591814999999996,1.1591814999999996,1.1872490000000002
11,,,,,,,-0.038900000000000004,1.1591814999999996,1.1591814999999996,1.1872490000000002
12,,,,,,,-0.0388,1.1591814999999996,1.1591814999999996,1.1872490000000002
13,,,,,,,-0.038700000000000005,1.1591814999999996,1.1591814999999996,1.1872490000000002
14,,,,,,,-0.0386,1.1591814999999996,1.1591814999999996,1.1872490000000002
15,,,,,,,-0.0385,1.1591814999999996,1.1591814999999996,1.1872490000000002
16,,,,,,,-0.038400000000000004,1.1591814999999996,1.1591814999999996,1.1872490000000002
17,,,,,,,-0.0383,1.1591814999999996,1.1591814999999996,1.1872490000000002
18,,,,,,,-0.038200000000000005,1.1591814999999996,1.1591814999999996,1.1872490000000002
19,,,,,,,-0.0381,1.1591814999999996,1.1591814999999996,1.1872490000000002
20,,,,,,,-0.038,1.1591814999999996,1.1591814999999996,1.1872490000000002
21,,,,,,,-0.0379,1.1591814999999996,1.1591814999999996,1.1872490000000002
22,,,,,,,-0.0378,1.1591814999999996,1.1591814999999996,1.1872490000000002
23,,,,,,,-0.037700000000000004,1.1591814999999996,1.1591814999999996,1.1872490000000002
24,,,,,,,-0.0376,1.1591814999999996,1.1591814999999996,1.1872490000000002
25,,,,,,,-0.0375,1.1591814999999996,1.1591814999999996,1.1872490000000002
26,,,,,,,-0.0374,1.1591814999999996,1.1591814999999996,1.1872490000000002
27,,,,,,,-0.0373,1.1591814999999996,1.1591814999999996,1.1872490000000002
28,,,,,,,-0.037200000000000004,1.1591814999999996,1.1591814999999996,1.1872490000000002
29,,,,,,,-0.0371,1.1591814999999996,1.1591814999999996,1.1872490000000002
30,,,,,,,-0.037000000000000005,1.1591814999999996,1.1591814999999996,1.1872490000000002
31,,,,,,,-0.0369,1.1591814999999996,1.1591814999999996,1.1872490000000002
32,,,,,,,-0.0368,1.1591814999999996,1.1591814999999996,1.1872490000000002
33,,,,,,,-0.0367,1.1591814999999996,1.1591814999999996,1.1872490000000002
34,,,,,,,-0.0366,1.1591814999999996,1.1591814999999996,1.1872490000000002
35,,,,,,,-0.036500000000000005,1.1591814999999996,1.1591814999999996,1.1872490000000002
36,,,,,,,-0.0364,1.1591814999999996,1.1591814999999996,1.1872490000000002
37,,,,,,,-0.0363,1.1591814999999996,1.1591814999999996,1.1872490000000002
38,,,,,,,-0.0362,1.1591814999999996,1.1591814999999996,1.1872490000000002
39,,,,,,,-0.0361,1.1591814999999996,1.1591814999999996,1.1872490000000002
40,,,,,,,-0.036000000000000004,1.1591814999999996,1.1591814999999996,1.1872490000000002
41,,,,,,,-0.0359,1.1591814999999996,1.1591814999999996,1.1872490000000002
42,,,,,,,-0.0358,1.1591814999999996,1.1591814999999996,1.1872490000000002
43,,,,,,,-0.0357,1.1591814999999996,1.1591814999999996,1.1872490000000002
44,,,,,,,-0.0356,1.1591814999999996,1.1591814999999996,1.1872490000000002
45,,,,,,,-0.035500000000000004,1.1591814999999996,1.1591814999999996,1.1872490000000002
46,,,,,,,-0.0354,1.1591814999999996,1.1591814999999996,1.1872490000000002
47,,,,,,,-0.035300000000000005,1.1591814999999996,1.1591814999999996,1.1872490000000002
48,,,,,,,-0.0352,1.1591814999999996,1.1591814999999996,1.1872490000000002
49,,,,,,,-0.0351,1.1591814999999996,1.1591814999999996,1.1872490000000002
50,,,,,,,-0.035,1.1591814999999996,1.1591814999999996,1.1872490000000002
51,,,,,,,-0.0349,1.1591814999999996,1.1591814999999996,1.1872490000000002
52,,,,,,,-0.034800000000000005,1.1591814999999996,1.1591814999999996,1.1872490000000002
53,,,,,,,-0.0347,1.1591814999999996,1.1591814999999996,1.1872490000000002
54,,,,,,,-0.0346,1.1591814999999996,1.1591814999999996,1.1872490000000002
55,,,,,,,-0.0345,1.1591814999999996,1.1591814999999996,1.1872490000000002
56,,,,,,,-0.0344,1.1591814999999996,1.1591814999999996,1.1872490000000002
57,,,,,,,-0.034300000000000004,1.1591814999999996,1.1591814999999996,1.1872490000000002
58,,,,,,,-0.0342,1.1591814999999996,1.1591814999999996,1.1872490000000002
59,,,,,,,-0.0341,1.1591814999999996,1.1591814999999996,1.1872490000000002
60,,,,,,,-0.034,1.1591814999999996,1.1591814999999996,1.1872490000000002
61,,,,,,,-0.0339,1.1591814999999996,1.1591814999999996,1.1872490000000002
62,,,,,,,-0.033800000000000004,1.1591814999999996,1.1591814999999996,1.1872490000000002
63,,,,,,,-0.0337,1.1591814999999996,1.1591814999999996,1.1872490000000002
64,,,,,,,-0.033600000000000005,1.1591814999999996,1.1591814999999996,1.1872490000000002
65,,,,,,,-0.0335,1.1591814999999996,1.1591814999999996,1.1872490000000002
66,,,,,,,-0.0334,1.1591814999999996,1.1591814999999996,1.1872490000000002
67,,,,,,,-0.0333,1.1591814999999996,1.1591814999999996,1.1872490000000002
68,,,,,,,-0.0332,1.1591814999999996,1.1591814999999996,1.1872490000000002
69,,,,,,,-0.033100000000000004,1.1591814999999996,1.1591814999999996,1.1872490000000002
70,,,,,,,-0.033,1.1591814999999996,1.1591814999999996,1.1872490000000002
71,,,,,,,-0.0329,1.1591814999999996,1.1591814999999996,1.1872490000000002
72,,,,,,,-0.0328,1.1591814999999996,1.1591814999999996,1.1872490000000002
73,,,,,,,-0.0327,1.1591814999999996,1.1591814999999996,1.1872490000000002
74,,,,,,,-0.032600000000000004,1.1591814999999996,1.1591814999999996,1.1872490000000002
75,,,,,,,-0.0325,1.1591814999999996,1.1591814999999996,1.1872490000000002
76,,,,,,,-0.0324,1.1591814999999996,1.1591814999999996,1.1872490000000002
77,,,,,,,-0.0323,1.1591814999999996,1.1591814999999996,1.1872490000000002
78,,,,,,,-0.0322,1.1591814999999996,1.1591814999999996,1.1872490000000002
79,,,,,,,-0.032100000000000004,1.1591814999999996,1.1591814999999996,1.1872490000000002
80,,,,,,,-0.032,1.1591814999999996,1.1591814999999996,1.1872490000000002
81,,,,,,,-0.031900000000000005,1.1591814999999996,1.1591814999999996,1.1872490000000002
82,,,,,,,-0.0318,1.1591814999999996,1.1591814999999996,1.1872490000000002
83,,,,,,,-0.0317,1.1591814999999996,1.1591814999999996,1.1872490000000002
84,,,,,,,-0.0316,1.1591814999999996,1.1591814999999996,1.1872490000000002
85,,,,,,,-0.0315,1.1591814999999996,1.1591814999999996,1.1872490000000002
86,,,,,,,-0.031400000000000004,1.1591814999999996,1.1591814999999996,1.1872490000000002
87,,,,,,,-0.0313,1.1591814999999996,1.1591814999999996,1.1872490000000002
88,,,,,,,-0.031200000000000002,1.1591814999999996,1.1591814999999996,1.1872490000000002
89,,,,,,,-0.031100000000000003,1.1591814999999996,1.1591814999999996,1.1872490000000002
90,,,,,,,-0.031,1.1591814999999996,1.1591814999999996,1.1872490000000002
91,,,,,,,-0.0309,1.1591814999999996,1.1591814999999996,1.1872490000000002
92,,,,,,,-0.0308,1.1591814999999996,1.1591814999999996,1.1872490000000002
93,,,,,,,-0.0307,1.1591814999999996,1.1591814999999996,1.1872490000000002
94,,,,,,,-0.030600000000000002,1.1591814999999996,1.1591814999999996,1.1872490000000002
95,,,,,,,-0.030500000000000003,1.1591814999999996,1.1591814999999996,1.1872490000000002
96,,,,,,,-0.0304,1.1591814999999996,1.1591814999999996,1.1872490000000002
97,,,,,,,-0.0303,1.1591814999999996,1.1591814999999996,1.1872490000000002
98,,,,,,,-0.0302,1.1591814999999996,1.1591814999999996,1.1872490000000002
99,,,,,,,-0.030100000000000002,1.1591814999999996,1.1591814999999996,1.1872490000000002
100,,,,,-0.030000000000000002,1.1591814999999996,-0.030000000000000002,1.1591814999999996,1.1591814999999996,1.1872490000000002
101,,,,,-0.029900000000000003,1.1591814999999996,-0.029900000000000003,1.1591814999999996,1.1591814999999996,1.1872490000000002
102,,,,,-0.0298,1.1591814999999996,-0.0298,1.1591814999999996,1.1591814999999996,1.1872490000000002
103,,,,,-0.0297,1.1591814999999996,-0.0297,1.1591814999999996,1.1591814999999996,1.1872490000000002
104,,,,,-0.0296,1.1591814999999996,-0.0296,1.1591814999999996,1.1591814999999996,1.1872490000000002
105,,,,,-0.029500000000000002,1.1591814999999996,-0.029500000000000002,1.1591814999999996,1.1591814999999996,1.1872490000000002
106,,,,,-0.029400000000000003,1.1591814999999996,-0.029400000000000003,1.1591814999999996,1.1591814999999996,1.1872490000000002
107,,,,,-0.029300000000000003,1.1591814999999996,-0.029300000000000003,1.1591814999999996,1.1591814999999996,1.1872490000000002
108,,,,,-0.0292,1.1591814999999996,-0.0292,1.1591814999999996,1.1591814999999996,1.1872490000000002
109,,,,,-0.0291,1.1591814999999996,-0.0291,1.1591814999999996,1.1591814999999996,1.1872490000000002
110,,,,,-0.029,1.1591814999999996,-0.029,1.1591814999999996,1.1591814999999996,1.1872490000000002
111,,,,,-0.028900000000000002,1.1591814999999996,-0.028900000000000002,1.1591814999999996,1.1591814999999996,1.1872490000000002
112,,,,,-0.028800000000000003,1.1591814999999996,-0.028800000000000003,1.1591814999999996,1.1591814999999996,1.1872490000000002
113,,,,,-0.0287,1.1591814999999996,-0.0287,1.1591814999999996,1.1591814999999996,1.1872490000000002
114,,,,,-0.0286,1.1591814999999996,-0.0286,1.1591814999999996,1.1591814999999996,1.1872490000000002
115,,,,,-0.0285,1.1591814999999996,-0.0285,1.1591814999999996,1.1591814999999996,1.1872490000000002
116,,,,,-0.0284,1.1591814999999996,-0.0284,1.1591814999999996,1.1591814999999996,1.1872490000000002
117,,,,,-0.028300000000000002,1.1591814999999996,-0.028300000000000002,1.1591814999999996,1.1591814999999996,1.1872490000000002
118,,,,,-0.028200000000000003,1.1591814999999996,-0.028200000000000003,1.1591814999999996,1.1591814999999996,1.1872490000000002
119,,,,,-0.0281,1.1591814999999996,-0.0281,1.1591814999999996,1.1591814999999996,1.1872490000000002
120,,,,,-0.028,1.1591814999999996,-0.028,1.1591814999999996,1.1591814999999996,1.1872490000000002
121,,,,,-0.0279,1.1591814999999996,-0.0279,1.1591814999999996,1.1591814999999996,1.1872490000000002
122,,,,,-0.027800000000000002,1.1591814999999996,-0.027800000000000002,1.1591814999999996,1.1591814999999996,1.1872490000000002
123,,,,,-0.027700000000000002,1.1591814999999996,-0.027700000000000002,1.1591814999999996,1.1591814999999996,1.1872490000000002
124,,,,,-0.027600000000000003,1.1591814999999996,-0.027600000000000003,1.1591814999999996,1.1591814999999996,1.1872490000000002
125,,,,,-0.0275,1.1591814999999996,-0.0275,1.1591814999999996,1.1591814999999996,1.1872490000000002
126,,,,,-0.0274,1.1591814999999996,-0.0274,1.1591814999999996,1.1591814999999996,1.1872490000000002
127,,,,,-0.0273,1.1591814999999996,-0.0273,1.1591814999999996,1.1591814999999996,1.1872490000000002
128,,,,,-0.027200000000000002,1.1591814999999996,-0.027200000000000002,1.1591814999999996,1.1591814999999996,1.1872490000000002
129,,,,,-0.027100000000000003,1.1591814999999996,-0.027100000000000003,1.1591814999999996,1.1591814999999996,1.1872490000000002
130,,,,,-0.027,1.1591814999999996,-0.027,1.1591814999999996,1.1591814999999996,1.1872490000000002
131,,,,,-0.0269,1.1591814999999996,-0.0269,1.1591814999999996,1.1591814999999996,1.1872490000000002
132,,,,,-0.0268,1.1591814999999996,-0.0268,1.1591814999999996,1.1591814999999996,1.1872490000000002
133,,,,,-0.0267,1.1591814999999996,-0.0267,1.1591814999999996,1.1591814999999996,1.1872490000000002
134,,,,,-0.026600000000000002,1.1591814999999996,-0.026600000000000002,1.1591814999999996,1.1591814999999996,1.1872490000000002
135,,,,,-0.026500000000000003,1.1591814999999996,-0.026500000000000003,1.1591814999999996,1.1591814999999996,1.1872490000000002
136,,,,,-0.0264,1.1591814999999996,-0.0264,1.1591814999999996,1.1591814999999996,1.1872490000000002
137,,,,,-0.0263,1.1591814999999996,-0.0263,1.1591814999999996,1.1591814999999996,1.1872490000000002
138,,,,,-0.0262,1.1591814999999996,-0.0262,1.1591814999999996,1.1591814999999996,1.1872490000000002
139,,,,,-0.0261,1.1591814999999996,-0.0261,1.1591814999999996,1.1591814999999996,1.1872490000000002
140,,,,,-0.026000000000000002,1.1591814999999996,-0.026000000000000002,1.1591814999999996,1.1591814999999996,1.1872490000000002
141,,,,,-0.025900000000000003,1.1591814999999996,-0.025900000000000003,1.1591814999999996,1.1591814999999996,1.1872490000000002
142,,,,,-0.0258,1.1591814999999996,-0.0258,1.1591814999999996,1.1591814999999996,1.1872490000000002
143,,,,,-0.0257,1.1591814999999996,-0.0257,1.1591814999999996,1.1591814999999996,1.1872490000000002
144,,,,,-0.0256,1.1591814999999996,-0.0256,1.1591814999999996,1.1591814999999996,1.1872490000000002
145,,,,,-0.025500000000000002,1.1591814999999996,-0.025500000000000002,1.1591814999999996,1.1591814999999996,1.1872490000000002
146,,,,,-0.025400000000000002,1.1591814999999996,-0.025400000000000002,1.1591814999999996,1.1591814999999996,1.1872490000000002
147,,,,,-0.0253,1.1591814999999996,-0.0253,1.1591814999999996,1.1591814999999996,1.1872490000000002
148,,,,,-0.0252,1.1591814999999996,-0.0252,1.1591814999999996,1.1591814999999996,1.1872490000000002
149,,,,,-0.0251,1.1591814999999996,-0.0251,1.1591814999999996,1.1591814999999996,1.1872490000000002
150,,,,,-0.025,1.1591814999999996,-0.025,1.1591814999999996,1.1591814999999996,1.1872490000000002
151,,,,,-0.024900000000000002,1.1591814999999996,-0.024900000000000002,1.1591814999999996,1.1591814999999996,1.1872490000000002
152,,,,,-0.024800000000000003,1.1591814999999996,-0.024800000000000003,1.1591814999999996,1.1591814999999996,1.1872490000000002
153,,,,,-0.0247,1.1591814999999996,-0.0247,1.1591814999999996,1.1591814999999996,1.1872490000000002
154,,,,,-0.0246,1.1591814999999996,-0.0246,1.1591814999999996,1.1591814999999996,1.1872490000000002
155,,,,,-0.0245,1.1591814999999996,-0.0245,1.1591814999999996,1.1591814999999996,1.1872490000000002
156,,,,,-0.0244,1.1591814999999996,-0.0244,1.1591814999999996,1.1591814999999996,1.1872490000000002
157,,,,,-0.024300000000000002,1.1591814999999996,-0.024300000000000002,1.1591814999999996,1.1591814999999996,1.1872490000000002
158,,,,,-0.024200000000000003,1.1591814999999996,-0.024200000000000003,1.1591814999999996,1.1591814999999996,1.1872490000000002
159,,,,,-0.0241,1.1591814999999996,-0.0241,1.1591814999999996,1.1591814999999996,1.1872490000000002
160,,,,,-0.024,1.1591814999999996,-0.024,1.1591814999999996,1.1591814999999996,1.1872490000000002
161,,,,,-0.0239,1.1591814999999996,-0.0239,1.1591814999999996,1.1591814999999996,1.1872490000000002
162,,,,,-0.0238,1.1591814999999996,-0.0238,1.1591814999999996,1.1591814999999996,1.1872490000000002
163,,,,,-0.023700000000000002,1.1591814999999996,-0.023700000000000002,1.1591814999999996,1.1591814999999996,1.1872490000000002
164,,,,,-0.0236,1.1591814999999996,-0.0236,1.1591814999999996,1.1591814999999996,1.1872490000000002
165,,,,,-0.0235,1.1591814999999996,-0.0235,1.1591814999999996,1.1591814999999996,1.1872490000000002
166,,,,,-0.0234,1.1591814999999996,-0.0234,1.1591814999999996,1.1591814999999996,1.1872490000000002
167,,,,,-0.0233,1.1591814999999996,-0.0233,1.1591814999999996,1.1591814999999996,1.1872490000000002
168,,,,,-0.023200000000000002,1.1591814999999996,-0.023200000000000002,1.1591814999999996,1.1591814999999996,1.1872490000000002
169,,,,,-0.023100000000000002,1.1591814999999996,-0.023100000000000002,1.1591814999999996,1.1591814999999996,1.1872490000000002
170,,,,,-0.023,1.1591814999999996,-0.023,1.1591814999999996,1.1591814999999996,1.1872490000000002
171,,,,,-0.0229,1.1591814999999996,-0.0229,1.1591814999999996,1.1591814999999996,1.1872490000000002
172,,,,,-0.0228,1.1591814999999996,-0.0228,1.1591814999999996,1.1591814999999996,1.1872490000000002
173,,,,,-0.0227,1.1591814999999996,-0.0227,1.1591814999999996,1.1591814999999996,1.1872490000000002
174,,,,,-0.022600000000000002,1.1591814999999996,-0.022600000000000002,1.1591814999999996,1.1591814999999996,1.1872490000000002
175,,,,,-0.022500000000000003,1.1591814999999996,-0.022500000000000003,1.1591814999999996,1.1591814999999996,1.1872490000000002
176,,,,,-0.0224,1.1591814999999996,-0.0224,1.1591814999999996,1.1591814999999996,1.1872490000000002
177,,,,,-0.0223,1.1591814999999996,-0.0223,1.1591814999999996,1.1591814999999996,1.1872490000000002
178,,,,,-0.0222,1.1591814999999996,-0.0222,1.1591814999999996,1.1591814999999996,1.1872490000000002
179,,,,,-0.0221,1.1591814999999996,-0.0221,1.1591814999999996,1.1591814999999996,1.1872490000000002
180,,,,,-0.022000000000000002,1.1591814999999996,-0.022000000000000002,1.1591814999999996,1.1591814999999996,1.1872490000000002
181,,,,,-0.0219,1.1591814999999996,-0.0219,1.1591814999999996,1.1591814999999996,1.1872490000000002
182,,,,,-0.0218,1.1591814999999996,-0.0218,1.1591814999999996,1.1591814999999996,1.1872490000000002
183,,,,,-0.0217,1.1591814999999996,-0.0217,1.1591814999999996,1.1591814999999996,1.1872490000000002
184,,,,,-0.0216,1.1591814999999996,-0.0216,1.1591814999999996,1.1591814999999996,1.1872490000000002
185,,,,,-0.021500000000000002,1.1591814999999996,-0.021500000000000002,1.1591814999999996,1.1591814999999996,1.1872490000000002
186,,,,,-0.021400000000000002,1.1591814999999996,-0.021400000000000002,1.1591814999999996,1.1591814999999996,1.1872490000000002
187,,,,,-0.0213,1.1591814999999996,-0.0213,1.1591814999999996,1.1591814999999996,1.1872490000000002
188,,,,,-0.0212,1.1591814999999996,-0.0212,1.1591814999999996,1.1591814999999996,1.1872490000000002
189,,,,,-0.0211,1.1591814999999996,-0.0211,1.1591814999999996,1.1591814999999996,1.1872490000000002
190,,,,,-0.021,1.1591814999999996,-0.021,1.1591814999999996,1.1591814999999996,1.1872490000000002
191,,,,,-0.020900000000000002,1.1591814999999996,-0.020900000000000002,1.1591814999999996,1.1591814999999996,1.1872490000000002
192,,,,,-0.020800000000000003,1.1591814999999996,-0.020800000000000003,1.1591814999999996,1.1591814999999996,1.1872490000000002
193,,,,,-0.0207,1.1591814999999996,-0.0207,1.1591814999999996,1.1591814999999996,1.1872490000000002
194,,,,,-0.0206,1.1591814999999996,-0.0206,1.1591814999999996,1.1591814999999996,1.1872490000000002
195,,,,,-0.0205,1.1591814999999996,-0.0205,1.1591814999999996,1.1591814999999996,1.1872490000000002
196,,,,,-0.0204,1.1591814999999996,-0.0204,1.1591814999999996,1.1591814999999996,1.1872490000000002
197,,,,,-0.020300000000000002,1.1591814999999996,-0.020300000000000002,1.1591814999999996,1.1591814999999996,1.1872490000000002
198,,,,,-0.020200000000000003,1.1591814999999996,-0.020200000000000003,1.1591814999999996,1.1591814999999996,1.1872490000000002
199,,,,,-0.0201,1.1591814999999996,-0.0201,1.1591814999999996,1.1591814999999996,1.1872490000000002
200,,,-0.02,1.1740149999999998,-0.02,1.1591814999999996,-0.02,1.1591814999999996,1.1591814999999996,1.1872490000000002
201,,,-0.0199,1.1740149999999998,-0.0199,1.1591814999999996,-0.0199,1.1591814999999996,1.1591814999999996,1.1872490000000002
202,,,-0.0198,1.1739985,-0.0198,1.1591814999999996,-0.0198,1.1591814999999996,1.1591814999999996,1.1872490000000002
203,,,-0.019700000000000002,1.1739985,-0.019700000000000002,1.1591814999999996,-0.019700000000000002,1.1591814999999996,1.1591814999999996,1.1872490000000002
204,,,-0.0196,1.1739985,-0.0196,1.1591814999999996,-0.0196,1.1591814999999996,1.1591814999999996,1.1872490000000002
205,,,-0.0195,1.1739985,-0.0195,1.1591814999999996,-0.0195,1.1591814999999996,1.1591814999999996,1.1872490000000002
206,,,-0.0194,1.1739985,-0.0194,1.1591814999999996,-0.0194,1.1591814999999996,1.1591814999999996,1.1872490000000002
207,,,-0.0193,1.1739985,-0.0193,1.1591814999999996,-0.0193,1.1591814999999996,1.1591814999999996,1.1872490000000002
208,,,-0.019200000000000002,1.1739985,-0.019200000000000002,1.1591814999999996,-0.019200000000000002,1.1591814999999996,1.1591814999999996,1.1872490000000002
209,,,-0.019100000000000002,1.1739985,-0.019100000000000002,1.1591814999999996,-0.019100000000000002,1.1591814999999996,1.1591814999999996,1.1872490000000002
210,,,-0.019,1.1739985,-0.019,1.1591814999999996,-0.019,1.1591814999999996,1.1591814999999996,1.1872490000000002
211,,,-0.0189,1.1739985,-0.0189,1.1591814999999996,-0.0189,1.1591814999999996,1.1591814999999996,1.1872490000000002
212,,,-0.0188,1.1739985,-0.0188,1.1591814999999996,-0.0188,1.1591814999999996,1.1591814999999996,1.1872490000000002
213,,,-0.0187,1.1739985,-0.0187,1.1591814999999996,-0.0187,1.1591814999999996,1.1591814999999996,1.1872490000000002
214,,,-0.018600000000000002,1.1739985,-0.018600000000000002,1.1591814999999996,-0.018600000000000002,1.1591814999999996,1.1591814999999996,1.1872490000000002
215,,,-0.018500000000000003,1.1739985,-0.018500000000000003,1.1591814999999996,-0.018500000000000003,1.1591814999999996,1.1591814999999996,1.1872490000000002
216,,,-0.0184,1.1739985,-0.0184,1.1591814999999996,-0.0184,1.1591814999999996,1.1591814999999996,1.1872490000000002
217,,,-0.0183,1.1739985,-0.0183,1.1591814999999996,-0.0183,1.1591814999999996,1.1591814999999996,1.1872490000000002
218,,,-0.0182,1.1739985,-0.0182,1.1591814999999996,-0.0182,1.1591814999999996,1.1591814999999996,1.1872490000000002
219,,,-0.0181,1.1739985,-0.0181,1.1591814999999996,-0.0181,1.1591814999999996,1.1591814999999996,1.1872490000000002
220,,,-0.018000000000000002,1.1739985,-0.018000000000000002,1.1591814999999996,-0.018000000000000002,1.1591814999999996,1.1591814999999996,1.1872490000000002
221,,,-0.0179,1.1739985,-0.0179,1.1591814999999996,-0.0179,1.1591814999999996,1.1591814999999996,1.1872490000000002
222,,,-0.0178,1.1739985,-0.0178,1.1591814999999996,-0.0178,1.1591814999999996,1.1591814999999996,1.1872490000000002
223,,,-0.0177,1.1739985,-0.0177,1.1591814999999996,-0.0177,1.1591814999999996,1.1591814999999996,1.1872490000000002
224,,,-0.0176,1.1739985,-0.0176,1.1591814999999996,-0.0176,1.1591814999999996,1.1591814999999996,1.1872490000000002
225,,,-0.0175,1.1739985,-0.0175,1.1591814999999996,-0.0175,1.1591814999999996,1.1591814999999996,1.1872490000000002
226,,,-0.017400000000000002,1.1739985,-0.017400000000000002,1.1591814999999996,-0.017400000000000002,1.1591814999999996,1.1591814999999996,1.1872490000000002
227,,,-0.0173,1.1739985,-0.0173,1.1591814999999996,-0.0173,1.1591814999999996,1.1591814999999996,1.1872490000000002
228,,,-0.0172,1.1739985,-0.0172,1.1591814999999996,-0.0172,1.1591814999999996,1.1591814999999996,1.1872490000000002
229,,,-0.0171,1.1739985,-0.0171,1.1591814999999996,-0.0171,1.1591814999999996,1.1591814999999996,1.1872490000000002
230,,,-0.017,1.1739985,-0.017,1.1591814999999996,-0.017,1.1591814999999996,1.1591814999999996,1.1872490000000002
231,,,-0.016900000000000002,1.1737994999999999,-0.016900000000000002,1.1591814999999996,-0.016900000000000002,1.1591814999999996,1.1591814999999996,1.1872490000000002
232,,,-0.016800000000000002,1.1737994999999999,-0.016800000000000002,1.1591814999999996,-0.016800000000000002,1.1591814999999996,1.1591814999999996,1.1872490000000002
233,,,-0.0167,1.1735909999999996,-0.0167,1.1591814999999996,-0.0167,1.1591814999999996,1.1591814999999996,1.1872490000000002
234,,,-0.0166,1.1735909999999996,-0.0166,1.1591814999999996,-0.0166,1.1591814999999996,1.1591814999999996,1.1872490000000002
235,,,-0.0165,1.1735909999999996,-0.0165,1.1591814999999996,-0.0165,1.1591814999999996,1.1591814999999996,1.1872490000000002
236,,,-0.0164,1.1735909999999996,-0.0164,1.1591814999999996,-0.0164,1.1591814999999996,1.1591814999999996,1.1872490000000002
237,,,-0.016300000000000002,1.1735909999999996,-0.016300000000000002,1.1591814999999996,-0.016300000000000002,1.1591814999999996,1.1591814999999996,1.1872490000000002
238,,,-0.0162,1.1735909999999996,-0.0162,1.1591814999999996,-0.0162,1.1591814999999996,1.1591814999999996,1.1872490000000002
239,,,-0.0161,1.1735909999999996,-0.0161,1.1591814999999996,-0.0161,1.1591814999999996,1.1591814999999996,1.1872490000000002
240,,,-0.016,1.1735909999999996,-0.016,1.1591814999999996,-0.016,1.1591814999999996,1.1591814999999996,1.1872490000000002
241,,,-0.0159,1.1735909999999996,-0.0159,1.1591814999999996,-0.0159,1.1591814999999996,1.1591814999999996,1.1872490000000002
242,,,-0.0158,1.1735909999999996,-0.0158,1.1591814999999996,-0.0158,1.1591814999999996,1.1591814999999996,1.1872490000000002
243,,,-0.015700000000000002,1.1735909999999996,-0.015700000000000002,1.1591814999999996,-0.015700000000000002,1.1591814999999996,1.1591814999999996,1.1872490000000002
244,,,-0.015600000000000001,1.1735909999999996,-0.015600000000000001,1.1591814999999996,-0.015600000000000001,1.1591814999999996,1.1591814999999996,1.1872490000000002
245,,,-0.0155,1.1735909999999996,-0.0155,1.1591814999999996,-0.0155,1.1591814999999996,1.1591814999999996,1.1872490000000002
246,,,-0.0154,1.1735909999999996,-0.0154,1.1591814999999996,-0.0154,1.1591814999999996,1.1591814999999996,1.1872490000000002
247,,,-0.015300000000000001,1.1735909999999996,-0.015300000000000001,1.1591814999999996,-0.015300000000000001,1.1591814999999996,1.1591814999999996,1.1872490000000002
248,,,-0.0152,1.1735909999999996,-0.0152,1.1591814999999996,-0.0152,1.1591814999999996,1.1591814999999996,1.1872490000000002
249,,,-0.0151,1.1735909999999996,-0.0151,1.1591814999999996,-0.0151,1.1591814999999996,1.1591814999999996,1.1872490000000002
250,,,-0.015000000000000001,1.1735909999999996,-0.015000000000000001,1.1591814999999996,-0.015000000000000001,1.1591814999999996,1.1591814999999996,1.1872490000000002
251,,,-0.0149,1.1735909999999996,-0.0149,1.1591814999999996,-0.0149,1.1591814999999996,1.1591814999999996,1.1872490000000002
252,,,-0.0148,1.1735909999999996,-0.0148,1.1591814999999996,-0.0148,1.1591814999999996,1.1591814999999996,1.1872490000000002
253,,,-0.014700000000000001,1.1735909999999996,-0.014700000000000001,1.1591814999999996,-0.014700000000000001,1.1591814999999996,1.1591814999999996,1.1872490000000002
254,,,-0.0146,1.1735909999999996,-0.0146,1.1591814999999996,-0.0146,1.1591814999999996,1.1591814999999996,1.1872490000000002
255,,,-0.0145,1.1735909999999996,-0.0145,1.1591814999999996,-0.0145,1.1591814999999996,1.1591814999999996,1.1872490000000002
256,,,-0.014400000000000001,1.1735909999999996,-0.014400000000000001,1.1591814999999996,-0.014400000000000001,1.1591814999999996,1.1591814999999996,1.1872490000000002
257,,,-0.0143,1.1735909999999996,-0.0143,1.1591814999999996,-0.0143,1.1591814999999996,1.1591814999999996,1.1872490000000002
258,,,-0.0142,1.1728789999999996,-0.0142,1.1591814999999996,-0.0142,1.1591814999999996,1.1591814999999996,1.1872490000000002
259,,,-0.014100000000000001,1.1728789999999996,-0.014100000000000001,1.1591814999999996,-0.014100000000000001,1.1591814999999996,1.1591814999999996,1.1872490000000002
260,,,-0.014,1.1728789999999996,-0.014,1.1591814999999996,-0.014,1.1591814999999996,1.1591814999999996,1.1872490000000002
261,,,-0.013900000000000001,1.172661,-0.013900000000000001,1.1591814999999996,-0.013900000000000001,1.1591814999999996,1.1591814999999996,1.1872490000000002
262,,,-0.013800000000000002,1.1722645,-0.013800000000000002,1.1591814999999996,-0.013800000000000002,1.1591814999999996,1.1591814999999996,1.1872490000000002
263,,,-0.0137,1.1722645,-0.0137,1.1591814999999996,-0.0137,1.1591814999999996,1.1591814999999996,1.1872490000000002
264,,,-0.013600000000000001,1.1722645,-0.013600000000000001,1.1591814999999996,-0.013600000000000001,1.1591814999999996,1.1591814999999996,1.1872490000000002
265,,,-0.0135,1.1722499999999998,-0.0135,1.1591814999999996,-0.0135,1.1591814999999996,1.1591814999999996,1.1872490000000002
266,,,-0.0134,1.1722499999999998,-0.0134,1.1591814999999996,-0.0134,1.1591814999999996,1.1591814999999996,1.1872490000000002
267,,,-0.013300000000000001,1.1722499999999998,-0.013300000000000001,1.1591814999999996,-0.013300000000000001,1.1591814999999996,1.1591814999999996,1.1872490000000002
268,,,-0.0132,1.1722499999999998,-0.0132,1.1591814999999996,-0.0132,1.1591814999999996,1.1591814999999996,1.1872490000000002
269,,,-0.0131,1.1722499999999998,-0.0131,1.1591814999999996,-0.0131,1.1591814999999996,1.1591814999999996,1.1872490000000002
270,,,-0.013000000000000001,1.1722499999999998,-0.013000000000000001,1.1591814999999996,-0.013000000000000001,1.1591814999999996,1.1591814999999996,1.1872490000000002
271,,,-0.0129,1.1722499999999998,-0.0129,1.1591814999999996,-0.0129,1.1591814999999996,1.1591814999999996,1.1872490000000002
272,,,-0.0128,1.1722499999999998,-0.0128,1.1591814999999996,-0.0128,1.1591814999999996,1.1591814999999996,1.1872490000000002
273,,,-0.012700000000000001,1.1722499999999998,-0.012700000000000001,1.1591814999999996,-0.012700000000000001,1.1591814999999996,1.1591814999999996,1.1872490000000002
274,,,-0.0126,1.1722499999999998,-0.0126,1.1591814999999996,-0.0126,1.1591814999999996,1.1591814999999996,1.1872490000000002
275,,,-0.0125,1.1722499999999998,-0.0125,1.1591814999999996,-0.0125,1.1591814999999996,1.1591814999999996,1.1872490000000002
276,,,-0.012400000000000001,1.1722499999999998,-0.012400000000000001,1.1591814999999996,-0.012400000000000001,1.1591814999999996,1.1591814999999996,1.1872490000000002
277,,,-0.0123,1.1722499999999998,-0.0123,1.1591814999999996,-0.0123,1.1591814999999996,1.1591814999999996,1.1872490000000002
278,,,-0.0122,1.1717934999999997,-0.0122,1.1591814999999996,-0.0122,1.1591814999999996,1.1591814999999996,1.1872490000000002
279,,,-0.012100000000000001,1.1717934999999997,-0.012100000000000001,1.1591814999999996,-0.012100000000000001,1.1591814999999996,1.1591814999999996,1.1872490000000002
280,,,-0.012,1.1717934999999997,-0.012,1.1591814999999996,-0.012,1.1591814999999996,1.1591814999999996,1.1872490000000002
281,,,-0.0119,1.1717934999999997,-0.0119,1.1591814999999996,-0.0119,1.1591814999999996,1.1591814999999996,1.1872490000000002
282,,,-0.0118,1.1717934999999997,-0.0118,1.1591814999999996,-0.0118,1.1591814999999996,1.1591814999999996,1.1872490000000002
283,,,-0.0117,1.1717934999999997,-0.0117,1.1591814999999996,-0.0117,1.1591814999999996,1.1591814999999996,1.1872490000000002
284,,,-0.011600000000000001,1.1717934999999997,-0.011600000000000001,1.1591814999999996,-0.011600000000000001,1.1591814999999996,1.1591814999999996,1.1872490000000002
285,,,-0.0115,1.1717934999999997,-0.0115,1.1591814999999996,-0.0115,1.1591814999999996,1.1591814999999996,1.1872490000000002
286,,,-0.0114,1.1717934999999997,-0.0114,1.1591814999999996,-0.0114,1.1591814999999996,1.1591814999999996,1.1872490000000002
287,,,-0.011300000000000001,1.1717934999999997,-0.011300000000000001,1.1591814999999996,-0.011300000000000001,1.1591814999999996,1.1591814999999996,1.1872490000000002
288,,,-0.0112,1.1717934999999997,-0.0112,1.1591814999999996,-0.0112,1.1591814999999996,1.1591814999999996,1.1872490000000002
289,,,-0.0111,1.1717314999999997,-0.0111,1.1591814999999996,-0.0111,1.1591814999999996,1.1591814999999996,1.1872490000000002
290,,,-0.011000000000000001,1.1717314999999997,-0.011000000000000001,1.1591814999999996,-0.011000000000000001,1.1591814999999996,1.1591814999999996,1.1872490000000002
291,,,-0.0109,1.1717314999999997,-0.0109,1.1591814999999996,-0.0109,1.1591814999999996,1.1591814999999996,1.1872490000000002
292,,,-0.0108,1.1717314999999997,-0.0108,1.1591814999999996,-0.0108,1.1591814999999996,1.1591814999999996,1.1872490000000002
293,,,-0.010700000000000001,1.1715514999999999,-0.010700000000000001,1.1591814999999996,-0.010700000000000001,1.1591814999999996,1.1591814999999996,1.1872490000000002
294,,,-0.0106,1.1715514999999999,-0.0106,1.1591814999999996,-0.0106,1.1591814999999996,1.1591814999999996,1.1872490000000002
295,,,-0.0105,1.1715514999999999,-0.0105,1.1591814999999996,-0.0105,1.1591814999999996,1.1591814999999996,1.1872490000000002
296,,,-0.010400000000000001,1.1711565,-0.010400000000000001,1.1591814999999996,-0.010400000000000001,1.1591814999999996,1.1591814999999996,1.1872490000000002
297,,,-0.0103,1.1711565,-0.0103,1.1591814999999996,-0.0103,1.1591814999999996,1.1591814999999996,1.1872490000000002
298,,,-0.0102,1.1711565,-0.0102,1.1591814999999996,-0.0102,1.1591814999999996,1.1591814999999996,1.1872490000000002
299,,,-0.010100000000000001,1.1711565,-0.010100000000000001,1.1591814999999996,-0.010100000000000001,1.1591814999999996,1.1591814999999996,1.1872490000000002
300,-0.01,1.1863155000000003,-0.01,1.1711565,-0.01,1.1591814999999996,-0.01,1.1591814999999996,1.1591814999999996,1.1872490000000002
301,-0.0099,1.1863095000000001,-0.0099,1.1711565,-0.0099,1.1591814999999996,-0.0099,1.1591814999999996,1.1591814999999996,1.1872490000000002
302,-0.0098,1.1862930000000003,-0.0098,1.1711565,-0.0098,1.1591814999999996,-0.0098,1.1591814999999996,1.1591814999999996,1.1872490000000002
303,-0.0097,1.1862930000000003,-0.0097,1.1711565,-0.0097,1.1591814999999996,-0.0097,1.1591814999999996,1.1591814999999996,1.1872490000000002
304,-0.009600000000000001,1.1862930000000003,-0.009600000000000001,1.1711565,-0.009600000000000001,1.1591814999999996,-0.009600000000000001,1.1591814999999996,1.1591814999999996,1.1872490000000002
305,-0.0095,1.1862930000000003,-0.0095,1.1711565,-0.0095,1.1591814999999996,-0.0095,1.1591814999999996,1.1591814999999996,1.1872490000000002
306,-0.0094,1.1862930000000003,-0.0094,1.1711565,-0.0094,1.1591814999999996,-0.0094,1.1591814999999996,1.1591814999999996,1.1872490000000002
307,-0.009300000000000001,1.1862930000000003,-0.009300000000000001,1.1711565,-0.009300000000000001,1.1591814999999996,-0.009300000000000001,1.1591814999999996,1.1591814999999996,1.1872490000000002
308,-0.0092,1.1862930000000003,-0.0092,1.1711565,-0.0092,1.1591814999999996,-0.0092,1.1591814999999996,1.1591814999999996,1.1872490000000002
309,-0.0091,1.1861800000000002,-0.0091,1.1711565,-0.0091,1.1591814999999996,-0.0091,1.1591814999999996,1.1591814999999996,1.1872490000000002
310,-0.009000000000000001,1.1861800000000002,-0.009000000000000001,1.1710669999999999,-0.009000000000000001,1.1591814999999996,-0.009000000000000001,1.1591814999999996,1.1591814999999996,1.1872490000000002
311,-0.0089,1.1861225000000002,-0.0089,1.1710669999999999,-0.0089,1.1591814999999996,-0.0089,1.1591814999999996,1.1591814999999996,1.1872490000000002
312,-0.0088,1.1860520000000003,-0.0088,1.1710669999999999,-0.0088,1.1591814999999996,-0.0088,1.1591814999999996,1.1591814999999996,1.1872490000000002
313,-0.008700000000000001,1.1860520000000003,-0.008700000000000001,1.1710485,-0.008700000000000001,1.1591814999999996,-0.008700000000000001,1.1591814999999996,1.1591814999999996,1.1872490000000002
314,-0.0086,1.1860520000000003,-0.0086,1.1707219999999998,-0.0086,1.1591814999999996,-0.0086,1.1591814999999996,1.1591814999999996,1.1872490000000002
315,-0.0085,1.1860520000000003,-0.0085,1.1707219999999998,-0.0085,1.1591814999999996,-0.0085,1.1591814999999996,1.1591814999999996,1.1872490000000002
316,-0.008400000000000001,1.1859545000000002,-0.008400000000000001,1.1707219999999998,-0.008400000000000001,1.1591814999999996,-0.008400000000000001,1.1591814999999996,1.1591814999999996,1.1872490000000002
317,-0.0083,1.1859545000000002,-0.0083,1.1707219999999998,-0.0083,1.1591814999999996,-0.0083,1.1591814999999996,1.1591814999999996,1.1872490000000002
318,-0.0082,1.1859545000000002,-0.0082,1.1707219999999998,-0.0082,1.1591814999999996,-0.0082,1.1591814999999996,1.1591814999999996,1.1872490000000002
319,-0.0081,1.1859545000000002,-0.0081,1.1707219999999998,-0.0081,1.1591814999999996,-0.0081,1.1591814999999996,1.1591814999999996,1.1872490000000002
320,-0.008,1.1859330000000001,-0.008,1.1707219999999998,-0.008,1.1591814999999996,-0.008,1.1591814999999996,1.1591814999999996,1.1872490000000002
321,-0.0079,1.1859330000000001,-0.0079,1.1707219999999998,-0.0079,1.1591814999999996,-0.0079,1.1591814999999996,1.1591814999999996,1.1872490000000002
322,-0.0078000000000000005,1.1859330000000001,-0.0078000000000000005,1.1707219999999998,-0.0078000000000000005,1.1591814999999996,-0.0078000000000000005,1.1591814999999996,1.1591814999999996,1.1872490000000002
323,-0.0077,1.1859330000000001,-0.0077,1.1707219999999998,-0.0077,1.1591814999999996,-0.0077,1.1591814999999996,1.1591814999999996,1.1872490000000002
324,-0.0076,1.1859330000000001,-0.0076,1.1707219999999998,-0.0076,1.1591814999999996,-0.0076,1.1591814999999996,1.1591814999999996,1.1872490000000002
325,-0.007500000000000001,1.1859330000000001,-0.007500000000000001,1.1707219999999998,-0.007500000000000001,1.1591814999999996,-0.007500000000000001,1.1591814999999996,1.1591814999999996,1.1872490000000002
326,-0.0074,1.1858965000000004,-0.0074,1.1707219999999998,-0.0074,1.1591814999999996,-0.0074,1.1591814999999996,1.1591814999999996,1.1872490000000002
327,-0.0073,1.1858110000000002,-0.0073,1.1707219999999998,-0.0073,1.1591814999999996,-0.0073,1.1591814999999996,1.1591814999999996,1.1872490000000002
328,-0.007200000000000001,1.1858110000000002,-0.007200000000000001,1.1707219999999998,-0.007200000000000001,1.1591814999999996,-0.007200000000000001,1.1591814999999996,1.1591814999999996,1.1872490000000002
329,-0.0071,1.1858110000000002,-0.0071,1.1707219999999998,-0.0071,1.1591814999999996,-0.0071,1.1591814999999996,1.1591814999999996,1.1872490000000002
330,-0.007,1.1858110000000002,-0.007,1.1706159999999997,-0.007,1.1591814999999996,-0.007,1.1591814999999996,1.1591814999999996,1.1872490000000002
331,-0.006900000000000001,1.1858110000000002,-0.006900000000000001,1.1706159999999997,-0.006900000000000001,1.1591814999999996,-0.006900000000000001,1.1591814999999996,1.1591814999999996,1.1872490000000002
332,-0.0068000000000000005,1.1850149999999997,-0.0068000000000000005,1.1706159999999997,-0.0068000000000000005,1.1591814999999996,-0.0068000000000000005,1.1591814999999996,1.1591814999999996,1.1872490000000002
333,-0.0067,1.1848064999999999,-0.0067,1.1706159999999997,-0.0067,1.1591814999999996,-0.0067,1.1591814999999996,1.1591814999999996,1.1872490000000002
334,-0.0066,1.1848064999999999,-0.0066,1.1706159999999997,-0.0066,1.1591814999999996,-0.0066,1.1591814999999996,1.1591814999999996,1.1872490000000002
335,-0.006500000000000001,1.1848064999999999,-0.006500000000000001,1.1706159999999997,-0.006500000000000001,1.1591814999999996,-0.006500000000000001,1.1591814999999996,1.1591814999999996,1.1872490000000002
336,-0.0064,1.1848064999999999,-0.0064,1.1706159999999997,-0.0064,1.1591814999999996,-0.0064,1.1591814999999996,1.1591814999999996,1.1872490000000002
337,-0.0063,1.1848064999999999,-0.0063,1.1706159999999997,-0.0063,1.1591814999999996,-0.0063,1.1591814999999996,1.1591814999999996,1.1872490000000002
338,-0.006200000000000001,1.1848064999999999,-0.006200000000000001,1.1697029999999995,-0.006200000000000001,1.1591814999999996,-0.006200000000000001,1.1591814999999996,1.1591814999999996,1.1872490000000002
339,-0.0061,1.1846484999999998,-0.0061,1.1697029999999995,-0.0061,1.1591814999999996,-0.0061,1.1591814999999996,1.1591814999999996,1.1872490000000002
340,-0.006,1.1846484999999998,-0.006,1.1697029999999995,-0.006,1.1591814999999996,-0.006,1.1591814999999996,1.1591814999999996,1.1872490000000002
341,-0.0059,1.1846484999999998,-0.0059,1.1697029999999995,-0.0059,1.1591814999999996,-0.0059,1.1591814999999996,1.1591814999999996,1.1872490000000002
342,-0.0058000000000000005,1.1846484999999998,-0.0058000000000000005,1.1697029999999995,-0.0058000000000000005,1.1591814999999996,-0.0058000000000000005,1.1591814999999996,1.1591814999999996,1.1872490000000002
343,-0.0057,1.1843959999999998,-0.0057,1.1697029999999995,-0.0057,1.1591814999999996,-0.0057,1.1591814999999996,1.1591814999999996,1.1872490000000002
344,-0.0056,1.1843959999999998,-0.0056,1.1697029999999995,-0.0056,1.1591814999999996,-0.0056,1.1591814999999996,1.1591814999999996,1.1872490000000002
345,-0.0055000000000000005,1.1843959999999998,-0.0055000000000000005,1.1697029999999995,-0.0055000000000000005,1.1591814999999996,-0.0055000000000000005,1.1591814999999996,1.1591814999999996,1.1872490000000002
346,-0.0054,1.1843959999999998,-0.0054,1.1697029999999995,-0.0054,1.1591814999999996,-0.0054,1.1591814999999996,1.1591814999999996,1.1872490000000002
347,-0.0053,1.1843959999999998,-0.0053,1.1697029999999995,-0.0053,1.1591814999999996,-0.0053,1.1591814999999996,1.1591814999999996,1.1872490000000002
348,-0.005200000000000001,1.1843689999999998,-0.005200000000000001,1.1693699999999996,-0.005200000000000001,1.1591814999999996,-0.005200000000000001,1.1591814999999996,1.1591814999999996,1.1872490000000002
349,-0.0051,1.1840839999999997,-0.0051,1.1693699999999996,-0.0051,1.1591814999999996,-0.0051,1.1591814999999996,1.1591814999999996,1.1872490000000002
350,-0.005,1.1840839999999997,-0.005,1.1693699999999996,-0.005,1.1591814999999996,-0.005,1.1591814999999996,1.1591814999999996,1.1872490000000002
351,-0.0049,1.1840839999999997,-0.0049,1.1693699999999996,-0.0049,1.1591814999999996,-0.0049,1.1591814999999996,1.1591814999999996,1.1872490000000002
352,-0.0048000000000000004,1.1840839999999997,-0.0048000000000000004,1.1693699999999996,-0.0048000000000000004,1.1591814999999996,-0.0048000000000000004,1.1591814999999996,1.1591814999999996,1.1872490000000002
353,-0.0047,1.1840839999999997,-0.0047,1.1693414999999996,-0.0047,1.1591814999999996,-0.0047,1.1591814999999996,1.1591814999999996,1.1872490000000002
354,-0.0046,1.1840839999999997,-0.0046,1.1693414999999996,-0.0046,1.1591814999999996,-0.0046,1.1591814999999996,1.1591814999999996,1.1872490000000002
355,-0.0045000000000000005,1.1840839999999997,-0.0045000000000000005,1.1693414999999996,-0.0045000000000000005,1.1591814999999996,-0.0045000000000000005,1.1591814999999996,1.1591814999999996,1.1872490000000002
356,-0.0044,1.1837529999999998,-0.0044,1.1693229999999997,-0.0044,1.1591814999999996,-0.0044,1.1591814999999996,1.1591814999999996,1.1872490000000002
357,-0.0043,1.1835345,-0.0043,1.1693229999999997,-0.0043,1.1591814999999996,-0.0043,1.1591814999999996,1.1591814999999996,1.1872490000000002
358,-0.004200000000000001,1.1835345,-0.004200000000000001,1.1693229999999997,-0.004200000000000001,1.1591814999999996,-0.004200000000000001,1.1591814999999996,1.1591814999999996,1.1872490000000002
359,-0.0041,1.1828224999999999,-0.0041,1.1693229999999997,-0.0041,1.1591814999999996,-0.0041,1.1591814999999996,1.1591814999999996,1.1872490000000002
360,-0.004,1.1828224999999999,-0.004,1.1689044999999996,-0.004,1.1591814999999996,-0.004,1.1591814999999996,1.1591814999999996,1.1872490000000002
361,-0.0039000000000000003,1.1828224999999999,-0.0039000000000000003,1.1689044999999996,-0.0039000000000000003,1.1591814999999996,-0.0039000000000000003,1.1591814999999996,1.1591814999999996,1.1872490000000002
362,-0.0038,1.1820170000000003,-0.0038,1.1689044999999996,-0.0038,1.1591814999999996,-0.0038,1.1591814999999996,1.1591814999999996,1.1872490000000002
363,-0.0037,1.1813195000000003,-0.0037,1.1689044999999996,-0.0037,1.1591814999999996,-0.0037,1.1591814999999996,1.1591814999999996,1.1872490000000002
364,-0.0036000000000000003,1.1809485000000002,-0.0036000000000000003,1.1689044999999996,-0.0036000000000000003,1.1591814999999996,-0.0036000000000000003,1.1591814999999996,1.1591814999999996,1.1872490000000002
365,-0.0035,1.1809340000000002,-0.0035,1.1689044999999996,-0.0035,1.1591814999999996,-0.0035,1.1591814999999996,1.1591814999999996,1.1872490000000002
366,-0.0034000000000000002,1.1809340000000002,-0.0034000000000000002,1.1689044999999996,-0.0034000000000000002,1.1591814999999996,-0.0034000000000000002,1.1591814999999996,1.1591814999999996,1.1872490000000002
367,-0.0033,1.1809340000000002,-0.0033,1.1689044999999996,-0.0033,1.1591814999999996,-0.0033,1.1591814999999996,1.1591814999999996,1.1872490000000002
368,-0.0032,1.1809340000000002,-0.0032,1.1689044999999996,-0.0032,1.1591814999999996,-0.0032,1.1591814999999996,1.1591814999999996,1.1872490000000002
369,-0.0031000000000000003,1.1808535000000002,-0.0031000000000000003,1.1689044999999996,-0.0031000000000000003,1.1591814999999996,-0.0031000000000000003,1.1591814999999996,1.1591814999999996,1.1872490000000002
370,-0.003,1.1808535000000002,-0.003,1.1689044999999996,-0.003,1.1591814999999996,-0.003,1.1591814999999996,1.1591814999999996,1.1872490000000002
371,-0.0029000000000000002,1.1808060000000002,-0.0029000000000000002,1.1689044999999996,-0.0029000000000000002,1.1591814999999996,-0.0029000000000000002,1.1591814999999996,1.1591814999999996,1.1872490000000002
372,-0.0028,1.1808060000000002,-0.0028,1.1689044999999996,-0.0028,1.1591814999999996,-0.0028,1.1591814999999996,1.1591814999999996,1.1872490000000002
373,-0.0027,1.1808060000000002,-0.0027,1.1689044999999996,-0.0027,1.1591814999999996,-0.0027,1.1591814999999996,1.1591814999999996,1.1872490000000002
374,-0.0026000000000000003,1.1808060000000002,-0.0026000000000000003,1.1689044999999996,-0.0026000000000000003,1.1591814999999996,-0.0026000000000000003,1.1591814999999996,1.1591814999999996,1.1872490000000002
375,-0.0025,1.1808060000000002,-0.0025,1.1689044999999996,-0.0025,1.1591814999999996,-0.0025,1.1591814999999996,1.1591814999999996,1.1872490000000002
376,-0.0024000000000000002,1.1808060000000002,-0.0024000000000000002,1.1689044999999996,-0.0024000000000000002,1.1591814999999996,-0.0024000000000000002,1.1591814999999996,1.1591814999999996,1.1872490000000002
377,-0.0023,1.1807600000000003,-0.0023,1.1689044999999996,-0.0023,1.1591814999999996,-0.0023,1.1591814999999996,1.1591814999999996,1.1872490000000002
378,-0.0022,1.1807600000000003,-0.0022,1.1689044999999996,-0.0022,1.1591814999999996,-0.0022,1.1591814999999996,1.1591814999999996,1.1872490000000002
379,-0.0021000000000000003,1.1803035000000002,-0.0021000000000000003,1.1689044999999996,-0.0021000000000000003,1.1591814999999996,-0.0021000000000000003,1.1591814999999996,1.1591814999999996,1.1872490000000002
380,-0.002,1.1802125,-0.002,1.1689044999999996,-0.002,1.1591814999999996,-0.002,1.1591814999999996,1.1591814999999996,1.1872490000000002
381,-0.0019,1.1802125,-0.0019,1.1687489999999996,-0.0019,1.1591814999999996,-0.0019,1.1591814999999996,1.1591814999999996,1.1872490000000002
382,-0.0018000000000000002,1.1802125,-0.0018000000000000002,1.1687489999999996,-0.0018000000000000002,1.1591814999999996,-0.0018000000000000002,1.1591814999999996,1.1591814999999996,1.1872490000000002
383,-0.0017000000000000001,1.1802125,-0.0017000000000000001,1.1687489999999996,-0.0017000000000000001,1.1591814999999996,-0.0017000000000000001,1.1591814999999996,1.1591814999999996,1.1872490000000002
384,-0.0016,1.1802125,-0.0016,1.1687489999999996,-0.0016,1.1591814999999996,-0.0016,1.1591814999999996,1.1591814999999996,1.1872490000000002
385,-0.0015,1.1802125,-0.0015,1.1681809999999995,-0.0015,1.1591814999999996,-0.0015,1.1591814999999996,1.1591814999999996,1.1872490000000002
386,-0.0014,1.1801270000000001,-0.0014,1.1681809999999995,-0.0014,1.1591814999999996,-0.0014,1.1591814999999996,1.1591814999999996,1.1872490000000002
387,-0.0013000000000000002,1.1801270000000001,-0.0013000000000000002,1.1681809999999995,-0.0013000000000000002,1.1591814999999996,-0.0013000000000000002,1.1591814999999996,1.1591814999999996,1.1872490000000002
388,-0.0012000000000000001,1.1801270000000001,-0.0012000000000000001,1.1681809999999995,-0.0012000000000000001,1.1591814999999996,-0.0012000000000000001,1.1591814999999996,1.1591814999999996,1.1872490000000002
389,-0.0011,1.1801270000000001,-0.0011,1.1681809999999995,-0.0011,1.1591814999999996,-0.0011,1.1591814999999996,1.1591814999999996,1.1872490000000002
390,-0.001,1.1800650000000004,-0.001,1.1681809999999995,-0.001,1.1591814999999996,-0.001,1.1591814999999996,1.1591814999999996,1.1872490000000002
391,-0.0009000000000000001,1.1800650000000004,-0.0009000000000000001,1.1679914999999996,-0.0009000000000000001,1.1591814999999996,-0.0009000000000000001,1.1591814999999996,1.1591814999999996,1.1872490000000002
392,-0.0008,1.1800650000000004,-0.0008,1.1679914999999996,-0.0008,1.1591814999999996,-0.0008,1.1591814999999996,1.1591814999999996,1.1872490000000002
393,-0.0007,1.1800650000000004,-0.0007,1.1679914999999996,-0.0007,1.1591814999999996,-0.0007,1.1591814999999996,1.1591814999999996,1.1872490000000002
394,-0.0006000000000000001,1.179885,-0.0006000000000000001,1.1679914999999996,-0.0006000000000000001,1.1591814999999996,-0.0006000000000000001,1.1591814999999996,1.1591814999999996,1.1872490000000002
395,-0.0005,1.179885,-0.0005,1.1679704999999996,-0.0005,1.1591814999999996,-0.0005,1.1591814999999996,1.1591814999999996,1.1872490000000002
396,-0.0004,1.179885,-0.0004,1.1679704999999996,-0.0004,1.1591814999999996,-0.0004,1.1591814999999996,1.1591814999999996,1.1872490000000002
397,-0.00030000000000000003,1.1794900000000001,-0.00030000000000000003,1.1679704999999996,-0.00030000000000000003,1.1591814999999996,-0.00030000000000000003,1.1591814999999996,1.1591814999999996,1.1872490000000002
398,-0.0002,1.1790810000000003,-0.0002,1.1679704999999996,-0.0002,1.1591814999999996,-0.0002,1.1591814999999996,1.1591814999999996,1.1872490000000002
399,-0.0001,1.1790810000000003,-0.0001,1.1679704999999996,-0.0001,1.1591814999999996,-0.0001,1.1591814999999996,1.1591814999999996,1.1872490000000002
400,-0.0,1.1790810000000003,-0.0,1.1679704999999996,-0.0,1.1591814999999996,-0.0,1.1591814999999996,1.1591814999999996,1.1872490000000002
401,0.0,1.1790810000000003,0.0,1.1679704999999996,0.0,1.1591814999999996,0.0,1.1591814999999996,1.1591814999999996,1.1872490000000002
402,0.0001,1.178975,0.0001,1.1679704999999996,0.0001,1.1591814999999996,0.0001,1.1591814999999996,1.1591814999999996,1.1872490000000002
403,0.0002,1.178975,0.0002,1.1679704999999996,0.0002,1.1591814999999996,0.0002,1.1591814999999996,1.1591814999999996,1.1872490000000002
404,0.00030000000000000003,1.178975,0.00030000000000000003,1.1679704999999996,0.00030000000000000003,1.1591814999999996,0.00030000000000000003,1.1591814999999996,1.1591814999999996,1.1872490000000002
405,0.0004,1.1779030000000001,0.0004,1.1679704999999996,0.0004,1.1591814999999996,0.0004,1.1591814999999996,1.1591814999999996,1.1872490000000002
406,0.0005,1.1779030000000001,0.0005,1.1679704999999996,0.0005,1.1591814999999996,0.0005,1.1591814999999996,1.1591814999999996,1.1872490000000002
407,0.0006000000000000001,1.1779030000000001,0.0006000000000000001,1.1679704999999996,0.0006000000000000001,1.1591814999999996,0.0006000000000000001,1.1591814999999996,1.1591814999999996,1.1872490000000002
408,0.0007,1.1779030000000001,0.0007,1.1679704999999996,0.0007,1.1591814999999996,0.0007,1.1591814999999996,1.1591814999999996,1.1872490000000002
409,0.0008,1.1776135,0.0008,1.1679704999999996,0.0008,1.1591814999999996,0.0008,1.1591814999999996,1.1591814999999996,1.1872490000000002
410,0.0009000000000000001,1.1776135,0.0009000000000000001,1.1679704999999996,0.0009000000000000001,1.1591814999999996,0.0009000000000000001,1.1591814999999996,1.1591814999999996,1.1872490000000002
411,0.001,1.1774190000000002,0.001,1.1679704999999996,0.001,1.1591814999999996,0.001,1.1591814999999996,1.1591814999999996,1.1872490000000002
412,0.0011,1.1773295000000004,0.0011,1.1679704999999996,0.0011,1.1591814999999996,0.0011,1.1591814999999996,1.1591814999999996,1.1872490000000002
413,0.0012000000000000001,1.1773295000000004,0.0012000000000000001,1.1679704999999996,0.0012000000000000001,1.1591814999999996,0.0012000000000000001,1.1591814999999996,1.1591814999999996,1.1872490000000002
414,0.0013000000000000002,1.1773295000000004,0.0013000000000000002,1.1679704999999996,0.0013000000000000002,1.1591814999999996,0.0013000000000000002,1.1591814999999996,1.1591814999999996,1.1872490000000002
415,0.0014,1.1773110000000002,0.0014,1.1679704999999996,0.0014,1.1591814999999996,0.0014,1.1591814999999996,1.1591814999999996,1.1872490000000002
416,0.0015,1.176005,0.0015,1.1679704999999996,0.0015,1.1591814999999996,0.0015,1.1591814999999996,1.1591814999999996,1.1872490000000002
417,0.0016,1.176005,0.0016,1.1679704999999996,0.0016,1.1591814999999996,0.0016,1.1591814999999996,1.1591814999999996,1.1872490000000002
418,0.0017000000000000001,1.176005,0.0017000000000000001,1.1677544999999996,0.0017000000000000001,1.1591814999999996,0.0017000000000000001,1.1591814999999996,1.1591814999999996,1.1872490000000002
419,0.0018000000000000002,1.176005,0.0018000000000000002,1.1677544999999996,0.0018000000000000002,1.1591814999999996,0.0018000000000000002,1.1591814999999996,1.1591814999999996,1.1872490000000002
420,0.0019,1.176005,0.0019,1.1677544999999996,0.0019,1.1591814999999996,0.0019,1.1591814999999996,1.1591814999999996,1.1872490000000002
421,0.002,1.176005,0.002,1.1677544999999996,0.002,1.1591814999999996,0.002,1.1591814999999996,1.1591814999999996,1.1872490000000002
422,0.0021000000000000003,1.176005,0.0021000000000000003,1.1677544999999996,0.0021000000000000003,1.1591814999999996,0.0021000000000000003,1.1591814999999996,1.1591814999999996,1.1872490000000002
423,0.0022,1.176005,0.0022,1.1677544999999996,0.0022,1.1591814999999996,0.0022,1.1591814999999996,1.1591814999999996,1.1872490000000002
424,0.0023,1.176005,0.0023,1.1677544999999996,0.0023,1.1591814999999996,0.0023,1.1591814999999996,1.1591814999999996,1.1872490000000002
425,0.0024000000000000002,1.1758735,0.0024000000000000002,1.1677544999999996,0.0024000000000000002,1.1591814999999996,0.0024000000000000002,1.1591814999999996,1.1591814999999996,1.1872490000000002
426,0.0025,1.1758735,0.0025,1.1677544999999996,0.0025,1.1591814999999996,0.0025,1.1591814999999996,1.1591814999999996,1.1872490000000002
427,0.0026000000000000003,1.1758735,0.0026000000000000003,1.1677544999999996,0.0026000000000000003,1.1591814999999996,0.0026000000000000003,1.1591814999999996,1.1591814999999996,1.1872490000000002
428,0.0027,1.1758735,0.0027,1.1677544999999996,0.0027,1.1591814999999996,0.0027,1.1591814999999996,1.1591814999999996,1.1872490000000002
429,0.0028,1.175764,0.0028,1.1677544999999996,0.0028,1.1591814999999996,0.0028,1.1591814999999996,1.1591814999999996,1.1872490000000002
430,0.0029000000000000002,1.175764,0.0029000000000000002,1.1677544999999996,0.0029000000000000002,1.1591814999999996,0.0029000000000000002,1.1591814999999996,1.1591814999999996,1.1872490000000002
431,0.003,1.175764,0.003,1.1677544999999996,0.003,1.1591814999999996,0.003,1.1591814999999996,1.1591814999999996,1.1872490000000002
432,0.0031000000000000003,1.1756579999999999,0.0031000000000000003,1.1677544999999996,0.0031000000000000003,1.1591814999999996,0.0031000000000000003,1.1591814999999996,1.1591814999999996,1.1872490000000002
433,0.0032,1.175535,0.0032,1.1677544999999996,0.0032,1.1591814999999996,0.0032,1.1591814999999996,1.1591814999999996,1.1872490000000002
434,0.0033,1.175535,0.0033,1.1677544999999996,0.0033,1.1591814999999996,0.0033,1.1591814999999996,1.1591814999999996,1.1872490000000002
435,0.0034000000000000002,1.175535,0.0034000000000000002,1.1677544999999996,0.0034000000000000002,1.1591814999999996,0.0034000000000000002,1.1591814999999996,1.1591814999999996,1.1872490000000002
436,0.0035,1.1754954999999998,0.0035,1.1677544999999996,0.0035,1.1591814999999996,0.0035,1.1591814999999996,1.1591814999999996,1.1872490000000002
437,0.0036000000000000003,1.1754954999999998,0.0036000000000000003,1.1674574999999996,0.0036000000000000003,1.1591814999999996,0.0036000000000000003,1.1591814999999996,1.1591814999999996,1.1872490000000002
438,0.0037,1.1754954999999998,0.0037,1.1674574999999996,0.0037,1.1591814999999996,0.0037,1.1591814999999996,1.1591814999999996,1.1872490000000002
439,0.0038,1.1754954999999998,0.0038,1.1674574999999996,0.0038,1.1591814999999996,0.0038,1.1591814999999996,1.1591814999999996,1.1872490000000002
440,0.0039000000000000003,1.1745824999999996,0.0039000000000000003,1.1674574999999996,0.0039000000000000003,1.1591814999999996,0.0039000000000000003,1.1591814999999996,1.1591814999999996,1.1872490000000002
441,0.004,1.1745824999999996,0.004,1.1674574999999996,0.004,1.1591814999999996,0.004,1.1591814999999996,1.1591814999999996,1.1872490000000002
442,0.0041,1.1745824999999996,0.0041,1.1674574999999996,0.0041,1.1591814999999996,0.0041,1.1591814999999996,1.1591814999999996,1.1872490000000002
443,0.004200000000000001,1.1745824999999996,0.004200000000000001,1.1674574999999996,0.004200000000000001,1.1591814999999996,0.004200000000000001,1.1591814999999996,1.1591814999999996,1.1872490000000002
444,0.0043,1.1745824999999996,0.0043,1.1674574999999996,0.0043,1.1591814999999996,0.0043,1.1591814999999996,1.1591814999999996,1.1872490000000002
445,0.0044,1.1744629999999998,0.0044,1.1674574999999996,0.0044,1.1591814999999996,0.0044,1.1591814999999996,1.1591814999999996,1.1872490000000002
446,0.0045000000000000005,1.1744629999999998,0.0045000000000000005,1.1663214999999996,0.0045000000000000005,1.1591814999999996,0.0045000000000000005,1.1591814999999996,1.1591814999999996,1.1872490000000002
447,0.0046,1.1744629999999998,0.0046,1.1663214999999996,0.0046,1.1591814999999996,0.0046,1.1591814999999996,1.1591814999999996,1.1872490000000002
448,0.0047,1.1743944999999996,0.0047,1.1663214999999996,0.0047,1.1591814999999996,0.0047,1.1591814999999996,1.1591814999999996,1.1872490000000002
449,0.0048000000000000004,1.1743944999999996,0.0048000000000000004,1.1663214999999996,0.0048000000000000004,1.1591814999999996,0.0048000000000000004,1.1591814999999996,1.1591814999999996,1.1872490000000002
450,0.0049,1.1735585,0.0049,1.1663214999999996,0.0049,1.1591814999999996,0.0049,1.1591814999999996,1.1591814999999996,1.1872490000000002
451,0.005,1.1734345000000002,0.005,1.1659854999999997,0.005,1.1591814999999996,0.005,1.1591814999999996,1.1591814999999996,1.1872490000000002
452,0.0051,1.1734345000000002,0.0051,1.1659854999999997,0.0051,1.1591814999999996,0.0051,1.1591814999999996,1.1591814999999996,1.1872490000000002
453,0.005200000000000001,1.1734345000000002,0.005200000000000001,1.1659854999999997,0.005200000000000001,1.1591814999999996,0.005200000000000001,1.1591814999999996,1.1591814999999996,1.1872490000000002
454,0.0053,1.1734345000000002,0.0053,1.1659854999999997,0.0053,1.1591814999999996,0.0053,1.1591814999999996,1.1591814999999996,1.1872490000000002
455,0.0054,1.1733205000000002,0.0054,1.1659854999999997,0.0054,1.1591814999999996,0.0054,1.1591814999999996,1.1591814999999996,1.1872490000000002
456,0.0055000000000000005,1.1727405000000002,0.0055000000000000005,1.1659854999999997,0.0055000000000000005,1.1591814999999996,0.0055000000000000005,1.1591814999999996,1.1591814999999996,1.1872490000000002
457,0.0056,1.1727405000000002,0.0056,1.1659854999999997,0.0056,1.1591814999999996,0.0056,1.1591814999999996,1.1591814999999996,1.1872490000000002
458,0.0057,1.1726665,0.0057,1.1659854999999997,0.0057,1.1591814999999996,0.0057,1.1591814999999996,1.1591814999999996,1.1872490000000002
459,0.0058000000000000005,1.1726665,0.0058000000000000005,1.1659854999999997,0.0058000000000000005,1.1591814999999996,0.0058000000000000005,1.1591814999999996,1.1591814999999996,1.1872490000000002
460,0.0059,1.1726305000000001,0.0059,1.1659854999999997,0.0059,1.1591814999999996,0.0059,1.1591814999999996,1.1591814999999996,1.1872490000000002
461,0.006,1.1726305000000001,0.006,1.1659854999999997,0.006,1.1591814999999996,0.006,1.1591814999999996,1.1591814999999996,1.1872490000000002
462,0.0061,1.1726305000000001,0.0061,1.1659854999999997,0.0061,1.1591814999999996,0.0061,1.1591814999999996,1.1591814999999996,1.1872490000000002
463,0.006200000000000001,1.1720380000000001,0.006200000000000001,1.1659854999999997,0.006200000000000001,1.1591814999999996,0.006200000000000001,1.1591814999999996,1.1591814999999996,1.1872490000000002
464,0.0063,1.1720380000000001,0.0063,1.1658324999999996,0.0063,1.1591814999999996,0.0063,1.1591814999999996,1.1591814999999996,1.1872490000000002
465,0.0064,1.1720380000000001,0.0064,1.1658324999999996,0.0064,1.1591814999999996,0.0064,1.1591814999999996,1.1591814999999996,1.1872490000000002
466,0.006500000000000001,1.1720380000000001,0.006500000000000001,1.1658324999999996,0.006500000000000001,1.1591814999999996,0.006500000000000001,1.1591814999999996,1.1591814999999996,1.1872490000000002
467,0.0066,1.1720380000000001,0.0066,1.1658324999999996,0.0066,1.1591814999999996,0.0066,1.1591814999999996,1.1591814999999996,1.1872490000000002
468,0.0067,1.1720380000000001,0.0067,1.1658324999999996,0.0067,1.1591814999999996,0.0067,1.1591814999999996,1.1591814999999996,1.1872490000000002
469,0.0068000000000000005,1.1720380000000001,0.0068000000000000005,1.1658324999999996,0.0068000000000000005,1.1591814999999996,0.0068000000000000005,1.1591814999999996,1.1591814999999996,1.1872490000000002
470,0.006900000000000001,1.1719220000000001,0.006900000000000001,1.1658324999999996,0.006900000000000001,1.1591814999999996,0.006900000000000001,1.1591814999999996,1.1591814999999996,1.1872490000000002
471,0.007,1.1718730000000002,0.007,1.1658324999999996,0.007,1.1591814999999996,0.007,1.1591814999999996,1.1591814999999996,1.1872490000000002
472,0.0071,1.1718730000000002,0.0071,1.1658324999999996,0.0071,1.1591814999999996,0.0071,1.1591814999999996,1.1591814999999996,1.1872490000000002
473,0.007200000000000001,1.1718730000000002,0.007200000000000001,1.1658324999999996,0.007200000000000001,1.1591814999999996,0.007200000000000001,1.1591814999999996,1.1591814999999996,1.1872490000000002
474,0.0073,1.1718730000000002,0.0073,1.1658324999999996,0.0073,1.1591814999999996,0.0073,1.1591814999999996,1.1591814999999996,1.1872490000000002
475,0.0074,1.1718140000000001,0.0074,1.1658324999999996,0.0074,1.1591814999999996,0.0074,1.1591814999999996,1.1591814999999996,1.1872490000000002
476,0.007500000000000001,1.1718140000000001,0.007500000000000001,1.1658324999999996,0.007500000000000001,1.1591814999999996,0.007500000000000001,1.1591814999999996,1.1591814999999996,1.1872490000000002
477,0.0076,1.1718140000000001,0.0076,1.1658324999999996,0.0076,1.1591814999999996,0.0076,1.1591814999999996,1.1591814999999996,1.1872490000000002
478,0.0077,1.1718140000000001,0.0077,1.1658324999999996,0.0077,1.1591814999999996,0.0077,1.1591814999999996,1.1591814999999996,1.1872490000000002
479,0.0078000000000000005,1.1718140000000001,0.0078000000000000005,1.1658324999999996,0.0078000000000000005,1.1591814999999996,0.0078000000000000005,1.1591814999999996,1.1591814999999996,1.1872490000000002
480,0.0079,1.1718140000000001,0.0079,1.1658324999999996,0.0079,1.1591814999999996,0.0079,1.1591814999999996,1.1591814999999996,1.1872490000000002
481,0.008,1.1718140000000001,0.008,1.1658324999999996,0.008,1.1591814999999996,0.008,1.1591814999999996,1.1591814999999996,1.1872490000000002
482,0.0081,1.1716010000000001,0.0081,1.1658324999999996,0.0081,1.1591814999999996,0.0081,1.1591814999999996,1.1591814999999996,1.1872490000000002
483,0.0082,1.1716010000000001,0.0082,1.1658324999999996,0.0082,1.1591814999999996,0.0082,1.1591814999999996,1.1591814999999996,1.1872490000000002
484,0.0083,1.1709789999999995,0.0083,1.1658324999999996,0.0083,1.1591814999999996,0.0083,1.1591814999999996,1.1591814999999996,1.1872490000000002
485,0.008400000000000001,1.1709789999999995,0.008400000000000001,1.1658324999999996,0.008400000000000001,1.1591814999999996,0.008400000000000001,1.1591814999999996,1.1591814999999996,1.1872490000000002
486,0.0085,1.1709789999999995,0.0085,1.1658324999999996,0.0085,1.1591814999999996,0.0085,1.1591814999999996,1.1591814999999996,1.1872490000000002
487,0.0086,1.1709789999999995,0.0086,1.1658324999999996,0.0086,1.1591814999999996,0.0086,1.1591814999999996,1.1591814999999996,1.1872490000000002
488,0.008700000000000001,1.1704109999999994,0.008700000000000001,1.1658324999999996,0.008700000000000001,1.1591814999999996,0.008700000000000001,1.1591814999999996,1.1591814999999996,1.1872490000000002
489,0.0088,1.1704109999999994,0.0088,1.1658324999999996,0.0088,1.1591814999999996,0.0088,1.1591814999999996,1.1591814999999996,1.1872490000000002
490,0.0089,1.1704109999999994,0.0089,1.1656844999999998,0.0089,1.1591814999999996,0.0089,1.1591814999999996,1.1591814999999996,1.1872490000000002
491,0.009000000000000001,1.1702309999999996,0.009000000000000001,1.1656844999999998,0.009000000000000001,1.1591814999999996,0.009000000000000001,1.1591814999999996,1.1591814999999996,1.1872490000000002
492,0.0091,1.1702309999999996,0.0091,1.1656844999999998,0.0091,1.1591814999999996,0.0091,1.1591814999999996,1.1591814999999996,1.1872490000000002
493,0.0092,1.1702309999999996,0.0092,1.1656844999999998,0.0092,1.1591814999999996,0.0092,1.1591814999999996,1.1591814999999996,1.1872490000000002
494,0.009300000000000001,1.1700414999999995,0.009300000000000001,1.1656844999999998,0.009300000000000001,1.1591814999999996,0.009300000000000001,1.1591814999999996,1.1591814999999996,1.1872490000000002
495,0.0094,1.1700414999999995,0.0094,1.1656844999999998,0.0094,1.1591814999999996,0.0094,1.1591814999999996,1.1591814999999996,1.1872490000000002
496,0.0095,1.1700414999999995,0.0095,1.1656844999999998,0.0095,1.1591814999999996,0.0095,1.1591814999999996,1.1591814999999996,1.1872490000000002
497,0.009600000000000001,1.1700414999999995,0.009600000000000001,1.1650904999999998,0.009600000000000001,1.1591814999999996,0.009600000000000001,1.1591814999999996,1.1591814999999996,1.1872490000000002
498,0.0097,1.1700204999999997,0.0097,1.1650904999999998,0.0097,1.1591814999999996,0.0097,1.1591814999999996,1.1591814999999996,1.1872490000000002
499,0.0098,1.1700204999999997,0.0098,1.1650904999999998,0.0098,1.1591814999999996,0.0098,1.1591814999999996,1.1591814999999996,1.1872490000000002
500,0.0099,1.1700204999999997,0.0099,1.1645979999999998,0.0099,1.1591814999999996,0.0099,1.1591814999999996,1.1591814999999996,1.1872490000000002
501,0.01,1.1700204999999997,0.01,1.1645979999999998,0.01,1.1591814999999996,0.01,1.1591814999999996,1.1591814999999996,1.1872490000000002
502,,,0.010100000000000001,1.1645979999999998,0.010100000000000001,1.1591814999999996,0.010100000000000001,1.1591814999999996,1.1591814999999996,1.1872490000000002
503,,,0.0102,1.1645979999999998,0.0102,1.1591814999999996,0.0102,1.1591814999999996,1.1591814999999996,1.1872490000000002
504,,,0.0103,1.1645979999999998,0.0103,1.1591814999999996,0.0103,1.1591814999999996,1.1591814999999996,1.1872490000000002
505,,,0.010400000000000001,1.1645979999999998,0.010400000000000001,1.1591814999999996,0.010400000000000001,1.1591814999999996,1.1591814999999996,1.1872490000000002
506,,,0.0105,1.1645979999999998,0.0105,1.1591814999999996,0.0105,1.1591814999999996,1.1591814999999996,1.1872490000000002
507,,,0.0106,1.1645979999999998,0.0106,1.1591814999999996,0.0106,1.1591814999999996,1.1591814999999996,1.1872490000000002
508,,,0.010700000000000001,1.1645979999999998,0.010700000000000001,1.1591814999999996,0.010700000000000001,1.1591814999999996,1.1591814999999996,1.1872490000000002
509,,,0.0108,1.1645474999999998,0.0108,1.1591814999999996,0.0108,1.1591814999999996,1.1591814999999996,1.1872490000000002
510,,,0.0109,1.1645474999999998,0.0109,1.1591814999999996,0.0109,1.1591814999999996,1.1591814999999996,1.1872490000000002
511,,,0.011000000000000001,1.1645474999999998,0.011000000000000001,1.1591814999999996,0.011000000000000001,1.1591814999999996,1.1591814999999996,1.1872490000000002
512,,,0.0111,1.1645474999999998,0.0111,1.1591814999999996,0.0111,1.1591814999999996,1.1591814999999996,1.1872490000000002
513,,,0.0112,1.1645474999999998,0.0112,1.1591814999999996,0.0112,1.1591814999999996,1.1591814999999996,1.1872490000000002
514,,,0.011300000000000001,1.1645474999999998,0.011300000000000001,1.1591814999999996,0.011300000000000001,1.1591814999999996,1.1591814999999996,1.1872490000000002
515,,,0.0114,1.1645474999999998,0.0114,1.1591814999999996,0.0114,1.1591814999999996,1.1591814999999996,1.1872490000000002
516,,,0.0115,1.1645474999999998,0.0115,1.1591814999999996,0.0115,1.1591814999999996,1.1591814999999996,1.1872490000000002
517,,,0.011600000000000001,1.1645474999999998,0.011600000000000001,1.1591814999999996,0.011600000000000001,1.1591814999999996,1.1591814999999996,1.1872490000000002
518,,,0.0117,1.1645474999999998,0.0117,1.1591814999999996,0.0117,1.1591814999999996,1.1591814999999996,1.1872490000000002
519,,,0.0118,1.1645474999999998,0.0118,1.1591814999999996,0.0118,1.1591814999999996,1.1591814999999996,1.1872490000000002
520,,,0.0119,1.1645474999999998,0.0119,1.1591814999999996,0.0119,1.1591814999999996,1.1591814999999996,1.1872490000000002
521,,,0.012,1.1645474999999998,0.012,1.1591814999999996,0.012,1.1591814999999996,1.1591814999999996,1.1872490000000002
522,,,0.012100000000000001,1.1644694999999998,0.012100000000000001,1.1591814999999996,0.012100000000000001,1.1591814999999996,1.1591814999999996,1.1872490000000002
523,,,0.0122,1.1644694999999998,0.0122,1.1591814999999996,0.0122,1.1591814999999996,1.1591814999999996,1.1872490000000002
524,,,0.0123,1.1641634999999997,0.0123,1.1591814999999996,0.0123,1.1591814999999996,1.1591814999999996,1.1872490000000002
525,,,0.012400000000000001,1.1641634999999997,0.012400000000000001,1.1591814999999996,0.012400000000000001,1.1591814999999996,1.1591814999999996,1.1872490000000002
526,,,0.0125,1.1641634999999997,0.0125,1.1591814999999996,0.0125,1.1591814999999996,1.1591814999999996,1.1872490000000002
527,,,0.0126,1.1641634999999997,0.0126,1.1591814999999996,0.0126,1.1591814999999996,1.1591814999999996,1.1872490000000002
528,,,0.012700000000000001,1.1641634999999997,0.012700000000000001,1.1591814999999996,0.012700000000000001,1.1591814999999996,1.1591814999999996,1.1872490000000002
529,,,0.0128,1.1641634999999997,0.0128,1.1591814999999996,0.0128,1.1591814999999996,1.1591814999999996,1.1872490000000002
530,,,0.0129,1.1641634999999997,0.0129,1.1591814999999996,0.0129,1.1591814999999996,1.1591814999999996,1.1872490000000002
531,,,0.013000000000000001,1.1641634999999997,0.013000000000000001,1.1591814999999996,0.013000000000000001,1.1591814999999996,1.1591814999999996,1.1872490000000002
532,,,0.0131,1.1641634999999997,0.0131,1.1591814999999996,0.0131,1.1591814999999996,1.1591814999999996,1.1872490000000002
533,,,0.0132,1.1641634999999997,0.0132,1.1591814999999996,0.0132,1.1591814999999996,1.1591814999999996,1.1872490000000002
534,,,0.013300000000000001,1.1641634999999997,0.013300000000000001,1.1591814999999996,0.013300000000000001,1.1591814999999996,1.1591814999999996,1.1872490000000002
535,,,0.0134,1.1641634999999997,0.0134,1.1591814999999996,0.0134,1.1591814999999996,1.1591814999999996,1.1872490000000002
536,,,0.0135,1.1641634999999997,0.0135,1.1591814999999996,0.0135,1.1591814999999996,1.1591814999999996,1.1872490000000002
537,,,0.013600000000000001,1.1641634999999997,0.013600000000000001,1.1591814999999996,0.013600000000000001,1.1591814999999996,1.1591814999999996,1.1872490000000002
538,,,0.0137,1.1641634999999997,0.0137,1.1591814999999996,0.0137,1.1591814999999996,1.1591814999999996,1.1872490000000002
539,,,0.013800000000000002,1.1641634999999997,0.013800000000000002,1.1591814999999996,0.013800000000000002,1.1591814999999996,1.1591814999999996,1.1872490000000002
540,,,0.013900000000000001,1.1641634999999997,0.013900000000000001,1.1591814999999996,0.013900000000000001,1.1591814999999996,1.1591814999999996,1.1872490000000002
541,,,0.014,1.1641634999999997,0.014,1.1591814999999996,0.014,1.1591814999999996,1.1591814999999996,1.1872490000000002
542,,,0.014100000000000001,1.1641634999999997,0.014100000000000001,1.1591814999999996,0.014100000000000001,1.1591814999999996,1.1591814999999996,1.1872490000000002
543,,,0.0142,1.1641634999999997,0.0142,1.1591814999999996,0.0142,1.1591814999999996,1.1591814999999996,1.1872490000000002
544,,,0.0143,1.1641634999999997,0.0143,1.1591814999999996,0.0143,1.1591814999999996,1.1591814999999996,1.1872490000000002
545,,,0.014400000000000001,1.1641634999999997,0.014400000000000001,1.1591814999999996,0.014400000000000001,1.1591814999999996,1.1591814999999996,1.1872490000000002
546,,,0.0145,1.1641634999999997,0.0145,1.1591814999999996,0.0145,1.1591814999999996,1.1591814999999996,1.1872490000000002
547,,,0.0146,1.1641634999999997,0.0146,1.1591814999999996,0.0146,1.1591814999999996,1.1591814999999996,1.1872490000000002
548,,,0.014700000000000001,1.1641634999999997,0.014700000000000001,1.1591814999999996,0.014700000000000001,1.1591814999999996,1.1591814999999996,1.1872490000000002
549,,,0.0148,1.1641634999999997,0.0148,1.1591814999999996,0.0148,1.1591814999999996,1.1591814999999996,1.1872490000000002
550,,,0.0149,1.1638674999999998,0.0149,1.1591814999999996,0.0149,1.1591814999999996,1.1591814999999996,1.1872490000000002
551,,,0.015000000000000001,1.1638674999999998,0.015000000000000001,1.1591814999999996,0.015000000000000001,1.1591814999999996,1.1591814999999996,1.1872490000000002
552,,,0.0151,1.1638674999999998,0.0151,1.1591814999999996,0.0151,1.1591814999999996,1.1591814999999996,1.1872490000000002
553,,,0.0152,1.1638674999999998,0.0152,1.1591814999999996,0.0152,1.1591814999999996,1.1591814999999996,1.1872490000000002
554,,,0.015300000000000001,1.1638674999999998,0.015300000000000001,1.1591814999999996,0.015300000000000001,1.1591814999999996,1.1591814999999996,1.1872490000000002
555,,,0.0154,1.1638674999999998,0.0154,1.1591814999999996,0.0154,1.1591814999999996,1.1591814999999996,1.1872490000000002
556,,,0.0155,1.1638674999999998,0.0155,1.1591814999999996,0.0155,1.1591814999999996,1.1591814999999996,1.1872490000000002
557,,,0.015600000000000001,1.1638674999999998,0.015600000000000001,1.1591814999999996,0.015600000000000001,1.1591814999999996,1.1591814999999996,1.1872490000000002
558,,,0.015700000000000002,1.1638674999999998,0.015700000000000002,1.1591814999999996,0.015700000000000002,1.1591814999999996,1.1591814999999996,1.1872490000000002
559,,,0.0158,1.163471,0.0158,1.1591814999999996,0.0158,1.1591814999999996,1.1591814999999996,1.1872490000000002
560,,,0.0159,1.163471,0.0159,1.1591814999999996,0.0159,1.1591814999999996,1.1591814999999996,1.1872490000000002
561,,,0.016,1.1628064999999999,0.016,1.1591814999999996,0.016,1.1591814999999996,1.1591814999999996,1.1872490000000002
562,,,0.0161,1.1628064999999999,0.0161,1.1591814999999996,0.0161,1.1591814999999996,1.1591814999999996,1.1872490000000002
563,,,0.0162,1.1628064999999999,0.0162,1.1591814999999996,0.0162,1.1591814999999996,1.1591814999999996,1.1872490000000002
564,,,0.016300000000000002,1.1628064999999999,0.016300000000000002,1.1591814999999996,0.016300000000000002,1.1591814999999996,1.1591814999999996,1.1872490000000002
565,,,0.0164,1.1628064999999999,0.0164,1.1591814999999996,0.0164,1.1591814999999996,1.1591814999999996,1.1872490000000002
566,,,0.0165,1.1627815,0.0165,1.1591814999999996,0.0165,1.1591814999999996,1.1591814999999996,1.1872490000000002
567,,,0.0166,1.1627815,0.0166,1.1591814999999996,0.0166,1.1591814999999996,1.1591814999999996,1.1872490000000002
568,,,0.0167,1.1627815,0.0167,1.1591814999999996,0.0167,1.1591814999999996,1.1591814999999996,1.1872490000000002
569,,,0.016800000000000002,1.1627815,0.016800000000000002,1.1591814999999996,0.016800000000000002,1.1591814999999996,1.1591814999999996,1.1872490000000002
570,,,0.016900000000000002,1.1627815,0.016900000000000002,1.1591814999999996,0.016900000000000002,1.1591814999999996,1.1591814999999996,1.1872490000000002
571,,,0.017,1.1627815,0.017,1.1591814999999996,0.017,1.1591814999999996,1.1591814999999996,1.1872490000000002
572,,,0.0171,1.1627135,0.0171,1.1591814999999996,0.0171,1.1591814999999996,1.1591814999999996,1.1872490000000002
573,,,0.0172,1.1627135,0.0172,1.1591814999999996,0.0172,1.1591814999999996,1.1591814999999996,1.1872490000000002
574,,,0.0173,1.1627135,0.0173,1.1591814999999996,0.0173,1.1591814999999996,1.1591814999999996,1.1872490000000002
575,,,0.017400000000000002,1.1627135,0.017400000000000002,1.1591814999999996,0.017400000000000002,1.1591814999999996,1.1591814999999996,1.1872490000000002
576,,,0.0175,1.1627135,0.0175,1.1591814999999996,0.0175,1.1591814999999996,1.1591814999999996,1.1872490000000002
577,,,0.0176,1.1627135,0.0176,1.1591814999999996,0.0176,1.1591814999999996,1.1591814999999996,1.1872490000000002
578,,,0.0177,1.1627135,0.0177,1.1591814999999996,0.0177,1.1591814999999996,1.1591814999999996,1.1872490000000002
579,,,0.0178,1.1627135,0.0178,1.1591814999999996,0.0178,1.1591814999999996,1.1591814999999996,1.1872490000000002
580,,,0.0179,1.1627135,0.0179,1.1591814999999996,0.0179,1.1591814999999996,1.1591814999999996,1.1872490000000002
581,,,0.018000000000000002,1.1627135,0.018000000000000002,1.1591814999999996,0.018000000000000002,1.1591814999999996,1.1591814999999996,1.1872490000000002
582,,,0.0181,1.1627135,0.0181,1.1591814999999996,0.0181,1.1591814999999996,1.1591814999999996,1.1872490000000002
583,,,0.0182,1.1623575,0.0182,1.1591814999999996,0.0182,1.1591814999999996,1.1591814999999996,1.1872490000000002
584,,,0.0183,1.1623575,0.0183,1.1591814999999996,0.0183,1.1591814999999996,1.1591814999999996,1.1872490000000002
585,,,0.0184,1.1622655,0.0184,1.1591814999999996,0.0184,1.1591814999999996,1.1591814999999996,1.1872490000000002
586,,,0.018500000000000003,1.162265,0.018500000000000003,1.1591814999999996,0.018500000000000003,1.1591814999999996,1.1591814999999996,1.1872490000000002
587,,,0.018600000000000002,1.162265,0.018600000000000002,1.1591814999999996,0.018600000000000002,1.1591814999999996,1.1591814999999996,1.1872490000000002
588,,,0.0187,1.162265,0.0187,1.1591814999999996,0.0187,1.1591814999999996,1.1591814999999996,1.1872490000000002
589,,,0.0188,1.162265,0.0188,1.1591814999999996,0.0188,1.1591814999999996,1.1591814999999996,1.1872490000000002
590,,,0.0189,1.162265,0.0189,1.1591814999999996,0.0189,1.1591814999999996,1.1591814999999996,1.1872490000000002
591,,,0.019,1.162265,0.019,1.1591814999999996,0.019,1.1591814999999996,1.1591814999999996,1.1872490000000002
592,,,0.019100000000000002,1.162265,0.019100000000000002,1.1591814999999996,0.019100000000000002,1.1591814999999996,1.1591814999999996,1.1872490000000002
593,,,0.019200000000000002,1.162265,0.019200000000000002,1.1591814999999996,0.019200000000000002,1.1591814999999996,1.1591814999999996,1.1872490000000002
594,,,0.0193,1.162265,0.0193,1.1591814999999996,0.0193,1.1591814999999996,1.1591814999999996,1.1872490000000002
595,,,0.0194,1.162265,0.0194,1.1591814999999996,0.0194,1.1591814999999996,1.1591814999999996,1.1872490000000002
596,,,0.0195,1.162265,0.0195,1.1591814999999996,0.0195,1.1591814999999996,1.1591814999999996,1.1872490000000002
597,,,0.0196,1.162265,0.0196,1.1591814999999996,0.0196,1.1591814999999996,1.1591814999999996,1.1872490000000002
598,,,0.019700000000000002,1.162265,0.019700000000000002,1.1591814999999996,0.019700000000000002,1.1591814999999996,1.1591814999999996,1.1872490000000002
599,,,0.0198,1.162265,0.0198,1.1591814999999996,0.0198,1.1591814999999996,1.1591814999999996,1.1872490000000002
600,,,0.0199,1.1621799999999998,0.0199,1.1591814999999996,0.0199,1.1591814999999996,1.1591814999999996,1.1872490000000002
601,,,0.02,1.1621799999999998,0.02,1.1591814999999996,0.02,1.1591814999999996,1.1591814999999996,1.1872490000000002
602,,,,,0.0201,1.1591814999999996,0.0201,1.1591814999999996,1.1591814999999996,1.1872490000000002
603,,,,,0.020200000000000003,1.1591814999999996,0.020200000000000003,1.1591814999999996,1.1591814999999996,1.1872490000000002
604,,,,,0.020300000000000002,1.1591814999999996,0.020300000000000002,1.1591814999999996,1.1591814999999996,1.1872490000000002
605,,,,,0.0204,1.1591814999999996,0.0204,1.1591814999999996,1.1591814999999996,1.1872490000000002
606,,,,,0.0205,1.1591814999999996,0.0205,1.1591814999999996,1.1591814999999996,1.1872490000000002
607,,,,,0.0206,1.1591814999999996,0.0206,1.1591814999999996,1.1591814999999996,1.1872490000000002
608,,,,,0.0207,1.1591814999999996,0.0207,1.1591814999999996,1.1591814999999996,1.1872490000000002
609,,,,,0.020800000000000003,1.1591814999999996,0.020800000000000003,1.1591814999999996,1.1591814999999996,1.1872490000000002
610,,,,,0.020900000000000002,1.1591814999999996,0.020900000000000002,1.1591814999999996,1.1591814999999996,1.1872490000000002
611,,,,,0.021,1.1591814999999996,0.021,1.1591814999999996,1.1591814999999996,1.1872490000000002
612,,,,,0.0211,1.1591814999999996,0.0211,1.1591814999999996,1.1591814999999996,1.1872490000000002
613,,,,,0.0212,1.1591814999999996,0.0212,1.1591814999999996,1.1591814999999996,1.1872490000000002
614,,,,,0.0213,1.1591814999999996,0.0213,1.1591814999999996,1.1591814999999996,1.1872490000000002
615,,,,,0.021400000000000002,1.1591814999999996,0.021400000000000002,1.1591814999999996,1.1591814999999996,1.1872490000000002
616,,,,,0.021500000000000002,1.1591814999999996,0.021500000000000002,1.1591814999999996,1.1591814999999996,1.1872490000000002
617,,,,,0.0216,1.1591814999999996,0.0216,1.1591814999999996,1.1591814999999996,1.1872490000000002
618,,,,,0.0217,1.1591814999999996,0.0217,1.1591814999999996,1.1591814999999996,1.1872490000000002
619,,,,,0.0218,1.1591814999999996,0.0218,1.1591814999999996,1.1591814999999996,1.1872490000000002
620,,,,,0.0219,1.1591814999999996,0.0219,1.1591814999999996,1.1591814999999996,1.1872490000000002
621,,,,,0.022000000000000002,1.1591814999999996,0.022000000000000002,1.1591814999999996,1.1591814999999996,1.1872490000000002
622,,,,,0.0221,1.1591814999999996,0.0221,1.1591814999999996,1.1591814999999996,1.1872490000000002
623,,,,,0.0222,1.1591814999999996,0.0222,1.1591814999999996,1.1591814999999996,1.1872490000000002
624,,,,,0.0223,1.1591814999999996,0.0223,1.1591814999999996,1.1591814999999996,1.1872490000000002
625,,,,,0.0224,1.1591814999999996,0.0224,1.1591814999999996,1.1591814999999996,1.1872490000000002
626,,,,,0.022500000000000003,1.1591814999999996,0.022500000000000003,1.1591814999999996,1.1591814999999996,1.1872490000000002
627,,,,,0.022600000000000002,1.1591814999999996,0.022600000000000002,1.1591814999999996,1.1591814999999996,1.1872490000000002
628,,,,,0.0227,1.1591814999999996,0.0227,1.1591814999999996,1.1591814999999996,1.1872490000000002
629,,,,,0.0228,1.1591814999999996,0.0228,1.1591814999999996,1.1591814999999996,1.1872490000000002
630,,,,,0.0229,1.1591814999999996,0.0229,1.1591814999999996,1.1591814999999996,1.1872490000000002
631,,,,,0.023,1.1591814999999996,0.023,1.1591814999999996,1.1591814999999996,1.1872490000000002
632,,,,,0.023100000000000002,1.1591814999999996,0.023100000000000002,1.1591814999999996,1.1591814999999996,1.1872490000000002
633,,,,,0.023200000000000002,1.1591814999999996,0.023200000000000002,1.1591814999999996,1.1591814999999996,1.1872490000000002
634,,,,,0.0233,1.1591814999999996,0.0233,1.1591814999999996,1.1591814999999996,1.1872490000000002
635,,,,,0.0234,1.1591814999999996,0.0234,1.1591814999999996,1.1591814999999996,1.1872490000000002
636,,,,,0.0235,1.1591814999999996,0.0235,1.1591814999999996,1.1591814999999996,1.1872490000000002
637,,,,,0.0236,1.1591814999999996,0.0236,1.1591814999999996,1.1591814999999996,1.1872490000000002
638,,,,,0.023700000000000002,1.1591814999999996,0.023700000000000002,1.1591814999999996,1.1591814999999996,1.1872490000000002
639,,,,,0.0238,1.1591814999999996,0.0238,1.1591814999999996,1.1591814999999996,1.1872490000000002
640,,,,,0.0239,1.1591814999999996,0.0239,1.1591814999999996,1.1591814999999996,1.1872490000000002
641,,,,,0.024,1.1591814999999996,0.024,1.1591814999999996,1.1591814999999996,1.1872490000000002
642,,,,,0.0241,1.1591814999999996,0.0241,1.1591814999999996,1.1591814999999996,1.1872490000000002
643,,,,,0.024200000000000003,1.1591814999999996,0.024200000000000003,1.1591814999999996,1.1591814999999996,1.1872490000000002
644,,,,,0.024300000000000002,1.1591814999999996,0.024300000000000002,1.1591814999999996,1.1591814999999996,1.1872490000000002
645,,,,,0.0244,1.1591814999999996,0.0244,1.1591814999999996,1.1591814999999996,1.1872490000000002
646,,,,,0.0245,1.1591814999999996,0.0245,1.1591814999999996,1.1591814999999996,1.1872490000000002
647,,,,,0.0246,1.1591814999999996,0.0246,1.1591814999999996,1.1591814999999996,1.1872490000000002
648,,,,,0.0247,1.1591814999999996,0.0247,1.1591814999999996,1.1591814999999996,1.1872490000000002
649,,,,,0.024800000000000003,1.1591814999999996,0.024800000000000003,1.1591814999999996,1.1591814999999996,1.1872490000000002
650,,,,,0.024900000000000002,1.1591814999999996,0.024900000000000002,1.1591814999999996,1.1591814999999996,1.1872490000000002
651,,,,,0.025,1.1591814999999996,0.025,1.1591814999999996,1.1591814999999996,1.1872490000000002
652,,,,,0.0251,1.1591814999999996,0.0251,1.1591814999999996,1.1591814999999996,1.1872490000000002
653,,,,,0.0252,1.1591814999999996,0.0252,1.1591814999999996,1.1591814999999996,1.1872490000000002
654,,,,,0.0253,1.1591814999999996,0.0253,1.1591814999999996,1.1591814999999996,1.1872490000000002
655,,,,,0.025400000000000002,1.1591814999999996,0.025400000000000002,1.1591814999999996,1.1591814999999996,1.1872490000000002
656,,,,,0.025500000000000002,1.1591814999999996,0.025500000000000002,1.1591814999999996,1.1591814999999996,1.1872490000000002
657,,,,,0.0256,1.1591814999999996,0.0256,1.1591814999999996,1.1591814999999996,1.1872490000000002
658,,,,,0.0257,1.1591814999999996,0.0257,1.1591814999999996,1.1591814999999996,1.1872490000000002
659,,,,,0.0258,1.1591814999999996,0.0258,1.1591814999999996,1.1591814999999996,1.1872490000000002
660,,,,,0.025900000000000003,1.1591814999999996,0.025900000000000003,1.1591814999999996,1.1591814999999996,1.1872490000000002
661,,,,,0.026000000000000002,1.1591814999999996,0.026000000000000002,1.1591814999999996,1.1591814999999996,1.1872490000000002
662,,,,,0.0261,1.1591814999999996,0.0261,1.1591814999999996,1.1591814999999996,1.1872490000000002
663,,,,,0.0262,1.1591814999999996,0.0262,1.1591814999999996,1.1591814999999996,1.1872490000000002
664,,,,,0.0263,1.1591814999999996,0.0263,1.1591814999999996,1.1591814999999996,1.1872490000000002
665,,,,,0.0264,1.1591814999999996,0.0264,1.1591814999999996,1.1591814999999996,1.1872490000000002
666,,,,,0.026500000000000003,1.1591814999999996,0.026500000000000003,1.1591814999999996,1.1591814999999996,1.1872490000000002
667,,,,,0.026600000000000002,1.1591814999999996,0.026600000000000002,1.1591814999999996,1.1591814999999996,1.1872490000000002
668,,,,,0.0267,1.1591814999999996,0.0267,1.1591814999999996,1.1591814999999996,1.1872490000000002
669,,,,,0.0268,1.1591814999999996,0.0268,1.1591814999999996,1.1591814999999996,1.1872490000000002
670,,,,,0.0269,1.1591814999999996,0.0269,1.1591814999999996,1.1591814999999996,1.1872490000000002
671,,,,,0.027,1.1591814999999996,0.027,1.1591814999999996,1.1591814999999996,1.1872490000000002
672,,,,,0.027100000000000003,1.1591814999999996,0.027100000000000003,1.1591814999999996,1.1591814999999996,1.1872490000000002
673,,,,,0.027200000000000002,1.1591814999999996,0.027200000000000002,1.1591814999999996,1.1591814999999996,1.1872490000000002
674,,,,,0.0273,1.1591814999999996,0.0273,1.1591814999999996,1.1591814999999996,1.1872490000000002
675,,,,,0.0274,1.1591814999999996,0.0274,1.1591814999999996,1.1591814999999996,1.1872490000000002
676,,,,,0.0275,1.1591814999999996,0.0275,1.1591814999999996,1.1591814999999996,1.1872490000000002
677,,,,,0.027600000000000003,1.1591814999999996,0.027600000000000003,1.1591814999999996,1.1591814999999996,1.1872490000000002
678,,,,,0.027700000000000002,1.1591814999999996,0.027700000000000002,1.1591814999999996,1.1591814999999996,1.1872490000000002
679,,,,,0.027800000000000002,1.1591814999999996,0.027800000000000002,1.1591814999999996,1.1591814999999996,1.1872490000000002
680,,,,,0.0279,1.1591814999999996,0.0279,1.1591814999999996,1.1591814999999996,1.1872490000000002
681,,,,,0.028,1.1591814999999996,0.028,1.1591814999999996,1.1591814999999996,1.1872490000000002
682,,,,,0.0281,1.1591814999999996,0.0281,1.1591814999999996,1.1591814999999996,1.1872490000000002
683,,,,,0.028200000000000003,1.1591814999999996,0.028200000000000003,1.1591814999999996,1.1591814999999996,1.1872490000000002
684,,,,,0.028300000000000002,1.1591814999999996,0.028300000000000002,1.1591814999999996,1.1591814999999996,1.1872490000000002
685,,,,,0.0284,1.1591814999999996,0.0284,1.1591814999999996,1.1591814999999996,1.1872490000000002
686,,,,,0.0285,1.1591814999999996,0.0285,1.1591814999999996,1.1591814999999996,1.1872490000000002
687,,,,,0.0286,1.1591814999999996,0.0286,1.1591814999999996,1.1591814999999996,1.1872490000000002
688,,,,,0.0287,1.1591814999999996,0.0287,1.1591814999999996,1.1591814999999996,1.1872490000000002
689,,,,,0.028800000000000003,1.1591814999999996,0.028800000000000003,1.1591814999999996,1.1591814999999996,1.1872490000000002
690,,,,,0.028900000000000002,1.1591814999999996,0.028900000000000002,1.1591814999999996,1.1591814999999996,1.1872490000000002
691,,,,,0.029,1.1591814999999996,0.029,1.1591814999999996,1.1591814999999996,1.1872490000000002
692,,,,,0.0291,1.1591814999999996,0.0291,1.1591814999999996,1.1591814999999996,1.1872490000000002
693,,,,,0.0292,1.1591814999999996,0.0292,1.1591814999999996,1.1591814999999996,1.1872490000000002
694,,,,,0.029300000000000003,1.1591814999999996,0.029300000000000003,1.1591814999999996,1.1591814999999996,1.1872490000000002
695,,,,,0.029400000000000003,1.1591814999999996,0.029400000000000003,1.1591814999999996,1.1591814999999996,1.1872490000000002
696,,,,,0.029500000000000002,1.1591814999999996,0.029500000000000002,1.1591814999999996,1.1591814999999996,1.1872490000000002
697,,,,,0.0296,1.1591814999999996,0.0296,1.1591814999999996,1.1591814999999996,1.1872490000000002
698,,,,,0.0297,1.1591814999999996,0.0297,1.1591814999999996,1.1591814999999996,1.1872490000000002
699,,,,,0.0298,1.1591814999999996,0.0298,1.1591814999999996,1.1591814999999996,1.1872490000000002
700,,,,,0.029900000000000003,1.1591814999999996,0.029900000000000003,1.1591814999999996,1.1591814999999996,1.1872490000000002
701,,,,,0.030000000000000002,1.1591814999999996,0.030000000000000002,1.1591814999999996,1.1591814999999996,1.1872490000000002
702,,,,,,,0.030100000000000002,1.1591814999999996,1.1591814999999996,1.1872490000000002
703,,,,,,,0.0302,1.1591814999999996,1.1591814999999996,1.1872490000000002
704,,,,,,,0.0303,1.1591814999999996,1.1591814999999996,1.1872490000000002
705,,,,,,,0.0304,1.1591814999999996,1.1591814999999996,1.1872490000000002
706,,,,,,,0.030500000000000003,1.1591814999999996,1.1591814999999996,1.1872490000000002
707,,,,,,,0.030600000000000002,1.1591814999999996,1.1591814999999996,1.1872490000000002
708,,,,,,,0.0307,1.1591814999999996,1.1591814999999996,1.1872490000000002
709,,,,,,,0.0308,1.1591814999999996,1.1591814999999996,1.1872490000000002
710,,,,,,,0.0309,1.1591814999999996,1.1591814999999996,1.1872490000000002
711,,,,,,,0.031,1.1591814999999996,1.1591814999999996,1.1872490000000002
712,,,,,,,0.031100000000000003,1.1591814999999996,1.1591814999999996,1.1872490000000002
713,,,,,,,0.031200000000000002,1.1591814999999996,1.1591814999999996,1.1872490000000002
714,,,,,,,0.0313,1.1591814999999996,1.1591814999999996,1.1872490000000002
715,,,,,,,0.031400000000000004,1.1591814999999996,1.1591814999999996,1.1872490000000002
716,,,,,,,0.0315,1.1591814999999996,1.1591814999999996,1.1872490000000002
717,,,,,,,0.0316,1.1591814999999996,1.1591814999999996,1.1872490000000002
718,,,,,,,0.0317,1.1591814999999996,1.1591814999999996,1.1872490000000002
719,,,,,,,0.0318,1.1591814999999996,1.1591814999999996,1.1872490000000002
720,,,,,,,0.031900000000000005,1.1591814999999996,1.1591814999999996,1.1872490000000002
721,,,,,,,0.032,1.1591814999999996,1.1591814999999996,1.1872490000000002
722,,,,,,,0.032100000000000004,1.1591814999999996,1.1591814999999996,1.1872490000000002
723,,,,,,,0.0322,1.1591814999999996,1.1591814999999996,1.1872490000000002
724,,,,,,,0.0323,1.1591814999999996,1.1591814999999996,1.1872490000000002
725,,,,,,,0.0324,1.1591814999999996,1.1591814999999996,1.1872490000000002
726,,,,,,,0.0325,1.1591814999999996,1.1591814999999996,1.1872490000000002
727,,,,,,,0.032600000000000004,1.1591814999999996,1.1591814999999996,1.1872490000000002
728,,,,,,,0.0327,1.1591814999999996,1.1591814999999996,1.1872490000000002
729,,,,,,,0.0328,1.1591814999999996,1.1591814999999996,1.1872490000000002
730,,,,,,,0.0329,1.1591814999999996,1.1591814999999996,1.1872490000000002
731,,,,,,,0.033,1.1591814999999996,1.1591814999999996,1.1872490000000002
732,,,,,,,0.033100000000000004,1.1591814999999996,1.1591814999999996,1.1872490000000002
733,,,,,,,0.0332,1.1591814999999996,1.1591814999999996,1.1872490000000002
734,,,,,,,0.0333,1.1591814999999996,1.1591814999999996,1.1872490000000002
735,,,,,,,0.0334,1.1591814999999996,1.1591814999999996,1.1872490000000002
736,,,,,,,0.0335,1.1591814999999996,1.1591814999999996,1.1872490000000002
737,,,,,,,0.033600000000000005,1.1591814999999996,1.1591814999999996,1.1872490000000002
738,,,,,,,0.0337,1.1591814999999996,1.1591814999999996,1.1872490000000002
739,,,,,,,0.033800000000000004,1.1591814999999996,1.1591814999999996,1.1872490000000002
740,,,,,,,0.0339,1.1591814999999996,1.1591814999999996,1.1872490000000002
741,,,,,,,0.034,1.1591814999999996,1.1591814999999996,1.1872490000000002
742,,,,,,,0.0341,1.1591814999999996,1.1591814999999996,1.1872490000000002
743,,,,,,,0.0342,1.1591814999999996,1.1591814999999996,1.1872490000000002
744,,,,,,,0.034300000000000004,1.1591814999999996,1.1591814999999996,1.1872490000000002
745,,,,,,,0.0344,1.1591814999999996,1.1591814999999996,1.1872490000000002
746,,,,,,,0.0345,1.1591814999999996,1.1591814999999996,1.1872490000000002
747,,,,,,,0.0346,1.1591814999999996,1.1591814999999996,1.1872490000000002
748,,,,,,,0.0347,1.1591814999999996,1.1591814999999996,1.1872490000000002
749,,,,,,,0.034800000000000005,1.1591814999999996,1.1591814999999996,1.1872490000000002
750,,,,,,,0.0349,1.1591814999999996,1.1591814999999996,1.1872490000000002
751,,,,,,,0.035,1.1591814999999996,1.1591814999999996,1.1872490000000002
752,,,,,,,0.0351,1.1591814999999996,1.1591814999999996,1.1872490000000002
753,,,,,,,0.0352,1.1591814999999996,1.1591814999999996,1.1872490000000002
754,,,,,,,0.035300000000000005,1.1591814999999996,1.1591814999999996,1.1872490000000002
755,,,,,,,0.0354,1.1591814999999996,1.1591814999999996,1.1872490000000002
756,,,,,,,0.035500000000000004,1.1591814999999996,1.1591814999999996,1.1872490000000002
757,,,,,,,0.0356,1.1591814999999996,1.1591814999999996,1.1872490000000002
758,,,,,,,0.0357,1.1591814999999996,1.1591814999999996,1.1872490000000002
759,,,,,,,0.0358,1.1591814999999996,1.1591814999999996,1.1872490000000002
760,,,,,,,0.0359,1.1591814999999996,1.1591814999999996,1.1872490000000002
761,,,,,,,0.036000000000000004,1.1591814999999996,1.1591814999999996,1.1872490000000002
762,,,,,,,0.0361,1.1591814999999996,1.1591814999999996,1.1872490000000002
763,,,,,,,0.0362,1.1591814999999996,1.1591814999999996,1.1872490000000002
764,,,,,,,0.0363,1.1591814999999996,1.1591814999999996,1.1872490000000002
765,,,,,,,0.0364,1.1591814999999996,1.1591814999999996,1.1872490000000002
766,,,,,,,0.036500000000000005,1.1591814999999996,1.1591814999999996,1.1872490000000002
767,,,,,,,0.0366,1.1591814999999996,1.1591814999999996,1.1872490000000002
768,,,,,,,0.0367,1.1591814999999996,1.1591814999999996,1.1872490000000002
769,,,,,,,0.0368,1.1591814999999996,1.1591814999999996,1.1872490000000002
770,,,,,,,0.0369,1.1591814999999996,1.1591814999999996,1.1872490000000002
771,,,,,,,0.037000000000000005,1.1591814999999996,1.1591814999999996,1.1872490000000002
772,,,,,,,0.0371,1.1591814999999996,1.1591814999999996,1.1872490000000002
773,,,,,,,0.037200000000000004,1.1591814999999996,1.1591814999999996,1.1872490000000002
774,,,,,,,0.0373,1.1591814999999996,1.1591814999999996,1.1872490000000002
775,,,,,,,0.0374,1.1591814999999996,1.1591814999999996,1.1872490000000002
776,,,,,,,0.0375,1.1591814999999996,1.1591814999999996,1.1872490000000002
777,,,,,,,0.0376,1.1591814999999996,1.1591814999999996,1.1872490000000002
778,,,,,,,0.037700000000000004,1.1591814999999996,1.1591814999999996,1.1872490000000002
779,,,,,,,0.0378,1.1591814999999996,1.1591814999999996,1.1872490000000002
780,,,,,,,0.0379,1.1591814999999996,1.1591814999999996,1.1872490000000002
781,,,,,,,0.038,1.1591814999999996,1.1591814999999996,1.1872490000000002
782,,,,,,,0.0381,1.1591814999999996,1.1591814999999996,1.1872490000000002
783,,,,,,,0.038200000000000005,1.1591814999999996,1.1591814999999996,1.1872490000000002
784,,,,,,,0.0383,1.1591814999999996,1.1591814999999996,1.1872490000000002
785,,,,,,,0.038400000000000004,1.1591814999999996,1.1591814999999996,1.1872490000000002
786,,,,,,,0.0385,1.1591814999999996,1.1591814999999996,1.1872490000000002
787,,,,,,,0.0386,1.1591814999999996,1.1591814999999996,1.1872490000000002
788,,,,,,,0.038700000000000005,1.1591814999999996,1.1591814999999996,1.1872490000000002
789,,,,,,,0.0388,1.1591814999999996,1.1591814999999996,1.1872490000000002
790,,,,,,,0.038900000000000004,1.1591814999999996,1.1591814999999996,1.1872490000000002
791,,,,,,,0.039,1.1591814999999996,1.1591814999999996,1.1872490000000002
792,,,,,,,0.0391,1.1591814999999996,1.1591814999999996,1.1872490000000002
793,,,,,,,0.0392,1.1591814999999996,1.1591814999999996,1.1872490000000002
794,,,,,,,0.0393,1.1591814999999996,1.1591814999999996,1.1872490000000002
795,,,,,,,0.039400000000000004,1.1591814999999996,1.1591814999999996,1.1872490000000002
796,,,,,,,0.0395,1.1591814999999996,1.1591814999999996,1.1872490000000002
797,,,,,,,0.0396,1.1591814999999996,1.1591814999999996,1.1872490000000002
798,,,,,,,0.0397,1.1591814999999996,1.1591814999999996,1.1872490000000002
799,,,,,,,0.0398,1.1591814999999996,1.1591814999999996,1.1872490000000002
800,,,,,,,0.039900000000000005,1.1591814999999996,1.1591814999999996,1.1872490000000002
801,,,,,,,0.04,1.1591814999999996,1.1591814999999996,1.1872490000000002
