,payoff(H=0.10),payoff(H=0.20),payoff(H=0.30),payoff(H=0.40),payoff(H=0.50),pure online,best price
0,12386.804999999991,12386.804999999991,12386.804999999991,12386.804999999991,12386.804999999991,8511.065,12783.970000000003
1,12141.675799999992,11952.593099999995,11656.327649999996,11358.321649999996,10701.995699999996,8511.065,12783.970000000003
2,12109.787549999995,11971.470649999994,11647.228049999992,11369.506499999994,10757.676899999997,8511.065,12783.970000000003
3,12076.946399999995,11976.30954999999,11625.447899999996,11336.329249999997,10697.9231,8511.065,12783.970000000003
4,12100.024399999991,11938.829749999994,11656.899299999994,11358.109299999995,10741.426249999997,8511.065,12783.970000000003
5,12112.502249999994,11976.401349999995,11566.456749999996,11290.538499999997,10654.889399999998,8511.065,12783.970000000003
6,12113.82324999999,11987.872749999995,11614.351699999994,11343.554499999995,10639.4547,8511.065,12783.970000000003
7,12087.543399999991,11940.70019999999,11623.454899999995,11325.229649999997,10695.919549999999,8511.065,12783.970000000003
8,12071.152099999996,11930.406349999994,11617.296399999994,11378.650049999997,10669.8629,8511.065,12783.970000000003
9,12111.435249999991,11970.798949999993,11605.837249999995,11314.18465,10784.065849999997,8511.065,12783.970000000003
10,12085.884649999993,11929.453849999996,11607.179149999996,11358.119699999997,10772.035799999996,8511.065,12783.970000000003
11,12097.009849999991,11947.021849999994,11597.132449999996,11376.7435,10716.248899999995,8511.065,12783.970000000003
12,12150.638399999994,11951.517449999994,11649.283499999994,11380.707949999998,10647.848849999998,8511.065,12783.970000000003
13,12088.350699999992,11940.259949999994,11612.944499999994,11342.175349999998,10695.339199999999,8511.065,12783.970000000003
14,12119.100449999994,11949.669049999997,11651.184449999993,11338.178049999999,10729.709749999998,8511.065,12783.970000000003
15,12134.543299999994,11970.811799999994,11638.780299999993,11363.122849999994,10724.188149999998,8511.065,12783.970000000003
16,12068.835049999996,11962.195749999995,11611.585349999994,11282.2127,10674.746399999996,8511.065,12783.970000000003
17,12101.092949999995,11977.996049999996,11623.79364999999,11324.67975,10748.092649999999,8511.065,12783.970000000003
18,12151.392299999989,12001.386649999993,11592.750699999993,11318.953649999996,10661.892149999998,8511.065,12783.970000000003
19,12120.892449999994,11956.375549999995,11611.321599999992,11351.63425,10695.975799999997,8511.065,12783.970000000003
20,12116.270599999993,11990.818849999992,11649.590149999993,11330.075799999997,10748.844749999998,8511.065,12783.970000000003
21,12124.981649999992,11975.931299999993,11609.771549999994,11306.332099999996,10740.220599999997,8511.065,12783.970000000003
22,12088.523599999993,11976.419199999991,11666.864199999993,11334.014449999997,10699.888949999997,8511.065,12783.970000000003
23,12075.030299999995,11957.527299999992,11597.828649999992,11348.025849999998,10731.105399999999,8511.065,12783.970000000003
24,12087.664599999995,11984.700899999996,11645.688999999995,11327.530249999996,10679.850649999997,8511.065,12783.970000000003
25,12127.372849999992,11967.791099999997,11621.086149999992,11357.528299999996,10698.841749999996,8511.065,12783.970000000003
26,12076.987649999994,11978.602049999994,11679.109399999992,11329.47,10695.134549999999,8511.065,12783.970000000003
27,12098.188399999994,11961.337899999993,11597.008849999995,11350.244649999997,10692.234449999998,8511.065,12783.970000000003
28,12079.844349999992,11937.761249999994,11662.966499999991,11292.1459,10705.725849999999,8511.065,12783.970000000003
29,12121.759099999992,11920.269799999996,11624.042649999994,11300.914149999999,10648.522449999999,8511.065,12783.970000000003
30,12101.382949999992,11999.040099999993,11659.918999999993,11301.138699999998,10604.142600000001,8511.065,12783.970000000003
31,12110.42749999999,11968.217399999994,11606.633699999995,11414.533549999996,10692.214449999996,8511.065,12783.970000000003
32,12127.833899999994,11995.975449999994,11622.963299999992,11310.861399999998,10713.433699999996,8511.065,12783.970000000003
33,12081.237799999992,12006.658249999993,11676.755549999994,11301.712349999994,10695.145449999996,8511.065,12783.970000000003
34,12138.849099999992,11948.547049999992,11614.044199999993,11255.511499999997,10697.703949999997,8511.065,12783.970000000003
35,12154.71939999999,11982.321849999993,11575.74389999999,11327.114149999998,10624.034049999997,8511.065,12783.970000000003
36,12093.213399999995,11962.837349999993,11620.982399999995,11337.417449999997,10624.528499999999,8511.065,12783.970000000003
37,12088.042099999995,11979.483699999993,11602.22314999999,11371.889949999997,10699.965949999996,8511.065,12783.970000000003
38,12099.662099999992,11968.351349999994,11611.086249999995,11288.820849999996,10618.145949999996,8511.065,12783.970000000003
39,12109.182449999993,11992.984849999993,11636.242299999994,11321.384199999997,10691.1295,8511.065,12783.970000000003
40,11899.421049999994,11662.880299999995,11182.768249999994,10667.850849999999,9981.492699999999,8511.065,12783.970000000003
41,11851.611299999995,11632.113099999993,11106.406449999995,10696.043450000001,9996.1828,8511.065,12783.970000000003
42,11882.619849999995,11637.755949999995,11139.137999999997,10715.54505,9986.916000000001,8511.065,12783.970000000003
43,11847.937099999994,11715.433049999994,11117.573399999996,10642.76135,9994.618450000002,8511.065,12783.970000000003
44,11857.727549999992,11644.213699999997,11186.747549999996,10679.231449999997,10013.94875,8511.065,12783.970000000003
45,11859.451249999996,11577.446200000002,11165.866099999996,10702.8606,9974.271,8511.065,12783.970000000003
46,11872.603699999996,11617.892699999993,11178.437949999996,10731.324599999998,9963.874300000001,8511.065,12783.970000000003
47,11858.624499999994,11665.412599999996,11128.96705,10741.915050000001,9997.424750000002,8511.065,12783.970000000003
48,11885.584449999991,11654.009699999995,11119.791499999996,10750.995549999998,9928.179950000002,8511.065,12783.970000000003
49,11908.512799999993,11600.940549999996,11224.471899999995,10684.399499999998,9966.861650000003,8511.065,12783.970000000003
50,11892.424249999996,11635.984349999999,11121.280399999996,10761.6111,9983.3786,8511.065,12783.970000000003
51,11851.310399999993,11631.147899999998,11149.102699999998,10721.7302,9941.172800000002,8511.065,12783.970000000003
52,11802.865199999995,11650.634549999999,11147.909649999996,10723.873249999999,9944.436099999999,8511.065,12783.970000000003
53,11868.431999999992,11659.753249999998,11189.416249999993,10749.605199999998,9959.492000000002,8511.065,12783.970000000003
54,11862.973799999996,11665.406149999999,11135.147899999996,10712.35715,10033.370450000002,8511.065,12783.970000000003
55,11888.116749999996,11662.279799999995,11119.889649999996,10702.548349999997,9991.505650000001,8511.065,12783.970000000003
56,11869.058449999993,11674.772699999998,11099.734249999994,10726.545450000001,10007.589150000002,8511.065,12783.970000000003
57,11910.269199999997,11684.673649999997,11124.505349999996,10685.54085,10076.052800000001,8511.065,12783.970000000003
58,11856.072949999996,11634.497549999996,11113.703549999995,10711.663250000001,9955.141,8511.065,12783.970000000003
59,11852.155549999996,11652.743199999997,11151.639899999995,10787.144600000001,10021.69885,8511.065,12783.970000000003
60,11869.503349999995,11631.719049999998,11163.478099999995,10687.50105,9949.2016,8511.065,12783.970000000003
61,11884.534349999994,11659.274199999998,11178.909999999994,10664.81765,9975.0357,8511.065,12783.970000000003
62,11853.026499999996,11656.423599999998,11150.748799999996,10751.130350000001,10024.7321,8511.065,12783.970000000003
63,11882.208049999994,11634.252700000001,11131.645999999997,10726.4726,10045.9718,8511.065,12783.970000000003
64,11895.877699999997,11659.697549999995,11121.875149999996,10704.737550000002,9934.46615,8511.065,12783.970000000003
65,11860.839149999993,11653.732249999997,11118.020149999998,10712.36165,9989.891600000003,8511.065,12783.970000000003
66,11823.978749999993,11638.205349999993,11164.374599999996,10681.756550000002,10018.385550000003,8511.065,12783.970000000003
67,11860.401299999994,11671.53175,11110.421099999996,10714.523650000001,10009.529400000001,8511.065,12783.970000000003
68,11887.364499999994,11655.548949999999,11151.870599999995,10739.5858,9940.063400000001,8511.065,12783.970000000003
69,11870.082599999996,11652.150299999998,11123.401399999993,10702.065299999998,9990.952650000003,8511.065,12783.970000000003
70,11876.749049999995,11682.442899999993,11198.162199999993,10712.6702,9967.4143,8511.065,12783.970000000003
71,11809.654699999994,11663.670099999998,11157.281299999999,10710.18015,10021.91865,8511.065,12783.970000000003
72,11903.425449999992,11689.779499999995,11117.864599999995,10769.434949999999,9970.8817,8511.065,12783.970000000003
73,11824.568149999996,11626.843249999996,11139.938049999997,10696.480500000001,9945.625550000002,8511.065,12783.970000000003
74,11866.413199999997,11641.724399999997,11122.107899999994,10754.27335,9937.739950000003,8511.065,12783.970000000003
75,11843.763999999996,11665.064049999997,11136.347399999995,10725.71425,9945.492,8511.065,12783.970000000003
76,11887.438999999993,11654.180799999996,11166.405249999994,10747.8936,10011.983300000002,8511.065,12783.970000000003
77,11858.637549999996,11662.300499999996,11188.007299999996,10746.95745,9967.26815,8511.065,12783.970000000003
78,11907.007449999994,11616.952399999996,11167.310549999995,10699.098150000002,9965.395600000003,8511.065,12783.970000000003
79,11864.060099999995,11660.597549999995,11142.933749999993,10789.875049999999,9987.0894,8511.065,12783.970000000003
80,11719.601149999995,11383.682799999999,10792.310949999997,10381.067850000001,9699.801600000003,8511.065,12783.970000000003
81,11648.373449999996,11465.140399999995,10822.283950000001,10373.443949999999,9672.706800000004,8511.065,12783.970000000003
82,11677.066549999996,11396.032799999997,10826.334699999996,10379.434700000002,9695.918000000001,8511.065,12783.970000000003
83,11661.691699999996,11450.795849999999,10832.893049999995,10339.9194,9672.443250000002,8511.065,12783.970000000003
84,11651.106549999995,11424.627049999997,10846.557799999997,10324.539000000002,9660.853200000001,8511.065,12783.970000000003
85,11638.017949999996,11415.386949999996,10850.917699999995,10308.967600000004,9686.664150000002,8511.065,12783.970000000003
86,11662.685349999998,11434.485849999997,10870.927249999997,10370.583800000004,9642.27775,8511.065,12783.970000000003
87,11645.601999999995,11380.994999999999,10828.140499999998,10306.3254,9688.622850000003,8511.065,12783.970000000003
88,11630.054199999995,11428.348749999997,10791.991799999998,10311.015050000002,9662.8574,8511.065,12783.970000000003
89,11621.063849999997,11433.091749999996,10841.747949999999,10351.7454,9653.611100000002,8511.065,12783.970000000003
90,11698.74485,11405.631349999996,10875.697999999995,10314.751950000002,9670.639850000003,8511.065,12783.970000000003
91,11598.396399999996,11452.799349999998,10824.368899999998,10333.983999999999,9663.81365,8511.065,12783.970000000003
92,11699.017249999995,11408.645199999999,10806.2774,10275.965650000002,9683.804500000002,8511.065,12783.970000000003
93,11639.495399999994,11402.51905,10854.196999999996,10314.7916,9638.775300000003,8511.065,12783.970000000003
94,11671.625349999995,11415.400249999997,10795.326949999997,10349.71825,9722.51625,8511.065,12783.970000000003
95,11672.935799999996,11420.175599999999,10785.394549999999,10413.711050000002,9634.877900000003,8511.065,12783.970000000003
96,11644.439399999996,11428.018950000001,10826.412899999998,10282.9328,9697.957550000003,8511.065,12783.970000000003
97,11676.304449999994,11403.68925,10811.610449999996,10310.782000000003,9677.656050000001,8511.065,12783.970000000003
98,11658.16415,11391.696849999998,10834.16015,10305.62415,9690.381700000002,8511.065,12783.970000000003
99,11687.930249999994,11500.201399999996,10844.5976,10276.498200000002,9658.759100000001,8511.065,12783.970000000003
100,,11352.474599999996,10846.929699999999,10299.45795,9645.02045,8511.065,12783.970000000003
101,,11441.7055,10809.401299999998,10383.470999999998,9656.038300000002,8511.065,12783.970000000003
102,,11428.726899999998,10818.0934,10332.693350000001,9701.899650000001,8511.065,12783.970000000003
103,,11412.192599999998,10849.942549999996,10299.96245,9673.99285,8511.065,12783.970000000003
104,,11374.65295,10873.604149999996,10312.064200000003,9718.533599999999,8511.065,12783.970000000003
105,,11413.308599999998,10824.908449999995,10346.618,9653.697,8511.065,12783.970000000003
106,,11422.121299999997,10827.1266,10325.369100000002,9670.104750000002,8511.065,12783.970000000003
107,,11458.046049999999,10821.550049999996,10350.07255,9671.091600000002,8511.065,12783.970000000003
108,,11404.4891,10898.154399999996,10381.3038,9667.931100000002,8511.065,12783.970000000003
109,,11372.601799999999,10849.990899999997,10343.482699999999,9660.23535,8511.065,12783.970000000003
110,,11402.765549999998,10832.147899999996,10324.345100000002,9645.894850000002,8511.065,12783.970000000003
111,,11436.755099999997,10803.582199999997,10365.12165,9695.663799999998,8511.065,12783.970000000003
112,,11431.509799999998,10812.568649999996,10329.050400000002,9681.53745,8511.065,12783.970000000003
113,,11435.978849999998,10825.397550000002,10347.112650000001,9666.9247,8511.065,12783.970000000003
114,,11375.775999999994,10849.060899999999,10359.061750000003,9655.508550000002,8511.065,12783.970000000003
115,,11390.7832,10825.414949999997,10349.391450000001,9702.391900000002,8511.065,12783.970000000003
116,,11412.521599999996,10807.13995,10319.6419,9652.636950000002,8511.065,12783.970000000003
117,,11472.256699999996,10832.500649999998,10354.324250000001,9643.291200000003,8511.065,12783.970000000003
118,,11446.427249999997,10850.022049999998,10326.33855,9657.173150000002,8511.065,12783.970000000003
119,,11440.271699999998,10789.716049999999,10348.504000000003,9691.091250000003,8511.065,12783.970000000003
120,,11224.39835,10577.720549999998,10069.8933,9466.950500000004,8511.065,12783.970000000003
121,,11264.5641,10599.08875,10143.494300000002,9508.728000000001,8511.065,12783.970000000003
122,,11241.6296,10619.68565,10088.472100000003,9499.254250000004,8511.065,12783.970000000003
123,,11228.549749999998,10579.884300000002,10118.656,9513.290000000003,8511.065,12783.970000000003
124,,11285.407199999998,10635.069849999998,10092.844650000003,9511.969650000001,8511.065,12783.970000000003
125,,11288.659849999998,10638.61655,10118.588300000003,9478.959450000002,8511.065,12783.970000000003
126,,11218.239949999996,10627.02005,10109.7934,9488.292400000002,8511.065,12783.970000000003
127,,11272.239399999999,10576.97135,10070.824900000001,9510.835450000002,8511.065,12783.970000000003
128,,11239.4663,10626.372800000001,10059.0816,9492.444200000002,8511.065,12783.970000000003
129,,11229.7364,10636.103599999999,10078.294000000002,9497.258600000003,8511.065,12783.970000000003
130,,11254.089949999996,10651.55755,10116.2037,9511.130400000004,8511.065,12783.970000000003
131,,11246.227249999998,10600.882749999999,10139.01285,9501.123700000004,8511.065,12783.970000000003
132,,11237.0261,10640.471749999999,10097.6748,9477.687500000004,8511.065,12783.970000000003
133,,11226.511249999996,10646.7573,10084.201750000002,9510.063100000001,8511.065,12783.970000000003
134,,11263.9695,10602.473799999998,10094.53385,9492.744900000002,8511.065,12783.970000000003
135,,11216.8046,10623.061199999998,10090.380650000003,9490.370750000004,8511.065,12783.970000000003
136,,11215.56615,10627.763849999998,10093.075800000002,9479.4768,8511.065,12783.970000000003
137,,11242.72185,10572.623399999999,10090.644300000002,9494.991850000002,8511.065,12783.970000000003
138,,11212.332049999997,10604.4611,10079.586250000002,9487.773400000002,8511.065,12783.970000000003
139,,11262.029950000002,10665.953300000001,10088.3363,9490.844000000001,8511.065,12783.970000000003
140,,11262.332849999999,10610.618299999998,10056.498750000002,9513.934150000003,8511.065,12783.970000000003
141,,11259.352850000001,10594.956449999998,10100.42085,9511.571300000003,8511.065,12783.970000000003
142,,11243.057699999998,10634.15845,10112.76955,9504.578250000002,8511.065,12783.970000000003
143,,11229.16205,10607.941799999997,10077.449500000002,9497.448350000002,8511.065,12783.970000000003
144,,11217.210149999999,10645.850699999997,10105.6113,9490.553150000003,8511.065,12783.970000000003
145,,11265.4303,10656.93785,10061.270800000002,9496.219450000004,8511.065,12783.970000000003
146,,11248.005449999999,10638.580049999999,10105.8691,9526.397700000001,8511.065,12783.970000000003
147,,11230.4961,10620.929699999995,10058.55435,9502.208800000004,8511.065,12783.970000000003
148,,11292.743849999997,10593.639199999998,10096.578300000001,9505.16645,8511.065,12783.970000000003
149,,11203.882599999999,10630.899749999999,10065.610200000001,9492.333150000002,8511.065,12783.970000000003
150,,11238.734950000002,10631.775699999997,10076.896100000002,9483.054400000003,8511.065,12783.970000000003
151,,11228.016200000002,10609.684949999999,10115.1957,9488.101350000003,8511.065,12783.970000000003
152,,11252.75205,10628.506899999998,10100.774250000002,9520.016650000001,8511.065,12783.970000000003
153,,11267.2794,10645.22775,10109.208750000002,9499.138800000002,8511.065,12783.970000000003
154,,11270.091999999999,10620.8294,10116.35345,9486.304850000002,8511.065,12783.970000000003
155,,11241.1125,10589.953749999997,10125.95295,9505.977200000005,8511.065,12783.970000000003
156,,11245.231149999996,10620.681799999997,10080.791500000001,9492.43995,8511.065,12783.970000000003
157,,11263.616399999999,10611.46475,10058.201,9508.333600000002,8511.065,12783.970000000003
158,,11255.213649999996,10587.5589,10091.3845,9493.623850000004,8511.065,12783.970000000003
159,,11269.02915,10593.8602,10076.528150000002,9521.341000000002,8511.065,12783.970000000003
160,,11059.7259,10461.090149999998,9922.3338,9384.28945,8511.065,12783.970000000003
161,,11117.755200000001,10441.5643,9920.835100000002,9384.282500000001,8511.065,12783.970000000003
162,,11117.87045,10480.875299999998,9927.681000000002,9374.3266,8511.065,12783.970000000003
163,,11136.061599999999,10436.863949999999,9932.680400000001,9376.864850000002,8511.065,12783.970000000003
164,,11135.394000000002,10424.202849999998,9909.761750000003,9368.882200000002,8511.065,12783.970000000003
165,,11097.124099999999,10444.3771,9938.56275,9368.89945,8511.065,12783.970000000003
166,,11090.391899999999,10427.03935,9923.14755,9379.787900000001,8511.065,12783.970000000003
167,,11039.533599999999,10454.614899999999,9940.8489,9412.545350000002,8511.065,12783.970000000003
168,,11104.340999999997,10424.301849999998,9944.086750000004,9387.0558,8511.065,12783.970000000003
169,,11105.940499999999,10458.787,9952.792650000001,9389.3878,8511.065,12783.970000000003
170,,11023.877699999997,10389.9892,9937.9613,9404.768950000001,8511.065,12783.970000000003
171,,11085.71505,10440.71055,9962.301900000002,9392.740600000003,8511.065,12783.970000000003
172,,11096.30015,10437.1262,9937.654700000003,9358.096700000002,8511.065,12783.970000000003
173,,11059.742849999999,10438.531500000001,9905.337750000002,9375.1216,8511.065,12783.970000000003
174,,11105.131399999998,10453.6083,9926.673250000003,9379.039400000003,8511.065,12783.970000000003
175,,11099.91955,10440.851149999999,9939.010350000002,9378.53755,8511.065,12783.970000000003
176,,11101.12165,10456.93195,9928.48105,9385.322150000002,8511.065,12783.970000000003
177,,11074.354749999999,10446.5367,9938.29645,9371.7936,8511.065,12783.970000000003
178,,11071.869349999999,10428.2088,9902.707550000003,9401.520050000001,8511.065,12783.970000000003
179,,11065.388300000002,10439.990849999998,9918.660500000004,9365.157950000003,8511.065,12783.970000000003
180,,11096.573249999998,10440.186,9942.809400000002,9376.583750000002,8511.065,12783.970000000003
181,,11105.331450000001,10416.684250000002,9926.5711,9362.008200000002,8511.065,12783.970000000003
182,,11108.089000000004,10444.86295,9948.397649999999,9372.73565,8511.065,12783.970000000003
183,,11119.28485,10448.463349999998,9922.439150000002,9380.88165,8511.065,12783.970000000003
184,,11109.442900000002,10448.7529,9911.879400000002,9383.5435,8511.065,12783.970000000003
185,,11099.1914,10447.364499999998,9929.66405,9359.382800000001,8511.065,12783.970000000003
186,,11045.882549999998,10473.291499999998,9954.45505,9391.1263,8511.065,12783.970000000003
187,,11075.141950000001,10427.37475,9919.100600000002,9377.375900000001,8511.065,12783.970000000003
188,,11058.71115,10459.931700000003,9923.955650000002,9367.517350000002,8511.065,12783.970000000003
189,,11067.06625,10421.180400000001,9930.715850000002,9366.117400000003,8511.065,12783.970000000003
190,,11091.07225,10467.1095,9927.009300000002,9383.239300000001,8511.065,12783.970000000003
191,,11097.32925,10448.95965,9911.343450000002,9379.181849999999,8511.065,12783.970000000003
192,,11150.41465,10440.5242,9949.176900000002,9376.9167,8511.065,12783.970000000003
193,,11081.6203,10480.71715,9928.689600000002,9379.40295,8511.065,12783.970000000003
194,,11107.1865,10432.9793,9940.163550000001,9393.27135,8511.065,12783.970000000003
195,,11109.092100000003,10442.210949999997,9941.107350000002,9379.449550000001,8511.065,12783.970000000003
196,,11093.232049999999,10433.9759,9882.531850000003,9374.858400000001,8511.065,12783.970000000003
197,,11072.523249999998,10463.7516,9900.338500000002,9351.356,8511.065,12783.970000000003
198,,11087.092550000001,10404.478599999999,9926.63595,9373.277450000001,8511.065,12783.970000000003
199,,11101.88,10450.5872,9970.159199999998,9371.922450000002,8511.065,12783.970000000003
200,,,10285.3057,9815.249500000002,9255.851999999999,8511.065,12783.970000000003
201,,,10298.877949999998,9798.343600000002,9253.4391,8511.065,12783.970000000003
202,,,10298.65605,9823.566000000003,9254.75515,8511.065,12783.970000000003
203,,,10320.708800000002,9806.9181,9240.74515,8511.065,12783.970000000003
204,,,10285.985100000002,9812.046300000002,9245.761,8511.065,12783.970000000003
205,,,10257.660200000002,9841.76145,9244.041400000002,8511.065,12783.970000000003
206,,,10279.9723,9802.205500000002,9240.29065,8511.065,12783.970000000003
207,,,10321.7927,9796.27015,9227.05735,8511.065,12783.970000000003
208,,,10311.65085,9822.929700000002,9255.685500000001,8511.065,12783.970000000003
209,,,10298.029300000002,9798.020750000001,9260.5944,8511.065,12783.970000000003
210,,,10287.725499999999,9809.284500000002,9257.0239,8511.065,12783.970000000003
211,,,10291.955949999998,9816.469750000002,9232.1953,8511.065,12783.970000000003
212,,,10299.145249999998,9832.622600000002,9254.87575,8511.065,12783.970000000003
213,,,10293.378500000003,9830.58035,9269.85515,8511.065,12783.970000000003
214,,,10279.330599999998,9815.030800000002,9248.4192,8511.065,12783.970000000003
215,,,10334.7179,9813.446750000001,9238.017600000001,8511.065,12783.970000000003
216,,,10290.77925,9801.561950000001,9240.025599999999,8511.065,12783.970000000003
217,,,10312.570649999998,9823.656500000001,9258.142799999998,8511.065,12783.970000000003
218,,,10287.7039,9804.110650000002,9236.906700000001,8511.065,12783.970000000003
219,,,10322.2069,9797.214750000001,9224.5519,8511.065,12783.970000000003
220,,,10330.294400000002,9817.742600000001,9246.831,8511.065,12783.970000000003
221,,,10318.716100000001,9817.650250000002,9260.054199999999,8511.065,12783.970000000003
222,,,10286.250049999999,9820.094250000002,9257.641749999997,8511.065,12783.970000000003
223,,,10260.6865,9823.6105,9255.427850000002,8511.065,12783.970000000003
224,,,10338.23935,9825.431300000002,9242.46385,8511.065,12783.970000000003
225,,,10332.643450000001,9818.093250000002,9267.015200000002,8511.065,12783.970000000003
226,,,10308.814750000001,9801.886750000001,9243.885100000001,8511.065,12783.970000000003
227,,,10325.1935,9810.0239,9264.7579,8511.065,12783.970000000003
228,,,10297.095400000002,9830.446700000002,9251.9452,8511.065,12783.970000000003
229,,,10295.471850000002,9792.03865,9263.42305,8511.065,12783.970000000003
230,,,10323.526950000001,9811.61385,9260.431950000002,8511.065,12783.970000000003
231,,,10297.76845,9800.11735,9243.585000000001,8511.065,12783.970000000003
232,,,10320.689250000001,9817.8614,9273.5476,8511.065,12783.970000000003
233,,,10292.1823,9797.745050000001,9270.669100000003,8511.065,12783.970000000003
234,,,10298.177850000004,9793.62555,9252.470449999999,8511.065,12783.970000000003
235,,,10325.00635,9830.1065,9246.27585,8511.065,12783.970000000003
236,,,10305.122399999997,9806.137850000001,9271.320150000001,8511.065,12783.970000000003
237,,,10302.9509,9814.7133,9256.35555,8511.065,12783.970000000003
238,,,10313.725499999999,9822.879400000002,9251.918200000002,8511.065,12783.970000000003
239,,,10293.9054,9831.583250000001,9221.873,8511.065,12783.970000000003
240,,,10141.09675,9692.540550000002,9120.736649999997,8511.065,12783.970000000003
241,,,10149.644099999998,9729.340150000002,9119.890099999999,8511.065,12783.970000000003
242,,,10165.14575,9682.678600000001,9130.926449999999,8511.065,12783.970000000003
243,,,10172.11875,9719.432850000001,9136.85225,8511.065,12783.970000000003
244,,,10172.630200000003,9711.9063,9120.083799999997,8511.065,12783.970000000003
245,,,10189.3271,9691.811450000001,9127.01435,8511.065,12783.970000000003
246,,,10158.765750000002,9721.156700000001,9128.3351,8511.065,12783.970000000003
247,,,10195.32805,9703.768950000001,9141.468749999998,8511.065,12783.970000000003
248,,,10144.2156,9711.4932,9126.2858,8511.065,12783.970000000003
249,,,10181.0788,9721.664400000001,9124.55295,8511.065,12783.970000000003
250,,,10158.764750000002,9703.816700000001,9127.97955,8511.065,12783.970000000003
251,,,10166.15075,9705.69985,9130.101849999997,8511.065,12783.970000000003
252,,,10137.296600000001,9684.999600000001,9141.64845,8511.065,12783.970000000003
253,,,10120.5373,9709.681550000003,9131.48705,8511.065,12783.970000000003
254,,,10150.373800000003,9712.736700000001,9132.152399999997,8511.065,12783.970000000003
255,,,10156.88605,9722.484,9134.9798,8511.065,12783.970000000003
256,,,10202.2062,9720.013900000002,9146.825800000002,8511.065,12783.970000000003
257,,,10161.226550000001,9728.663450000002,9135.172299999998,8511.065,12783.970000000003
258,,,10177.27305,9710.499950000003,9138.675449999999,8511.065,12783.970000000003
259,,,10161.548749999998,9724.560300000001,9126.720899999998,8511.065,12783.970000000003
260,,,10167.800650000005,9706.5478,9123.50895,8511.065,12783.970000000003
261,,,10177.899000000001,9701.812849999998,9138.80225,8511.065,12783.970000000003
262,,,10181.2542,9702.040500000001,9107.455399999997,8511.065,12783.970000000003
263,,,10131.334450000002,9731.758450000003,9124.28185,8511.065,12783.970000000003
264,,,10176.789249999998,9699.17255,9135.894349999999,8511.065,12783.970000000003
265,,,10163.96095,9726.027950000003,9136.525899999999,8511.065,12783.970000000003
266,,,10142.371249999998,9723.490600000001,9143.2827,8511.065,12783.970000000003
267,,,10156.890800000001,9731.167899999999,9127.6547,8511.065,12783.970000000003
268,,,10187.777100000001,9698.216050000003,9124.426099999999,8511.065,12783.970000000003
269,,,10153.021300000002,9698.770150000002,9126.83555,8511.065,12783.970000000003
270,,,10175.864850000002,9694.694050000002,9130.084949999999,8511.065,12783.970000000003
271,,,10161.356350000002,9709.1474,9120.123199999998,8511.065,12783.970000000003
272,,,10182.98755,9722.761250000003,9132.57145,8511.065,12783.970000000003
273,,,10179.875100000001,9722.153649999998,9131.7576,8511.065,12783.970000000003
274,,,10151.688300000002,9700.488500000001,9160.4596,8511.065,12783.970000000003
275,,,10197.502850000003,9723.407550000002,9128.9923,8511.065,12783.970000000003
276,,,10137.85165,9713.053950000003,9139.3838,8511.065,12783.970000000003
277,,,10195.3422,9705.838950000001,9125.723599999998,8511.065,12783.970000000003
278,,,10171.96665,9697.346800000003,9139.612850000001,8511.065,12783.970000000003
279,,,10156.80615,9716.192850000001,9148.741250000001,8511.065,12783.970000000003
280,,,10030.552350000002,9620.828300000001,9013.071349999997,8511.065,12783.970000000003
281,,,10004.8206,9609.159400000002,9013.824899999996,8511.065,12783.970000000003
282,,,10024.053149999998,9588.320000000002,8981.827799999997,8511.065,12783.970000000003
283,,,10048.21515,9591.086350000001,8996.003299999997,8511.065,12783.970000000003
284,,,10026.247299999999,9597.87195,8998.276,8511.065,12783.970000000003
285,,,10029.372450000003,9589.269300000002,8979.488699999998,8511.065,12783.970000000003
286,,,10007.356600000001,9590.6571,8984.489299999997,8511.065,12783.970000000003
287,,,10021.216450000002,9562.722100000003,8986.979599999999,8511.065,12783.970000000003
288,,,9995.622150000001,9596.5111,8987.646649999999,8511.065,12783.970000000003
289,,,10020.190650000002,9579.068650000001,9000.623899999999,8511.065,12783.970000000003
290,,,10017.658,9600.427700000002,8988.054849999997,8511.065,12783.970000000003
291,,,10069.906650000003,9591.122100000002,9004.761999999999,8511.065,12783.970000000003
292,,,10058.500949999998,9616.931050000003,8987.427649999998,8511.065,12783.970000000003
293,,,10013.5094,9598.006650000003,8983.366999999997,8511.065,12783.970000000003
294,,,10001.3482,9605.2453,8991.76115,8511.065,12783.970000000003
295,,,10007.3023,9609.723950000003,9005.51765,8511.065,12783.970000000003
296,,,10032.5234,9598.2011,9009.324799999999,8511.065,12783.970000000003
297,,,10026.01855,9604.783,9016.398949999999,8511.065,12783.970000000003
298,,,10023.910049999999,9607.850550000001,8986.659099999999,8511.065,12783.970000000003
299,,,10053.848950000001,9608.66765,9014.81085,8511.065,12783.970000000003
300,,,,9583.328000000001,8998.658499999996,8511.065,12783.970000000003
301,,,,9590.983800000004,8999.0036,8511.065,12783.970000000003
302,,,,9609.838650000002,8990.459899999998,8511.065,12783.970000000003
303,,,,9601.876500000002,8979.873999999998,8511.065,12783.970000000003
304,,,,9596.746600000002,8980.71195,8511.065,12783.970000000003
305,,,,9594.05645,8987.344949999997,8511.065,12783.970000000003
306,,,,9601.460050000002,9006.410099999997,8511.065,12783.970000000003
307,,,,9611.387550000001,8988.280799999999,8511.065,12783.970000000003
308,,,,9570.297300000002,8979.649149999997,8511.065,12783.970000000003
309,,,,9621.960350000001,8998.889799999999,8511.065,12783.970000000003
310,,,,9614.3574,8988.967799999997,8511.065,12783.970000000003
311,,,,9596.513500000001,8976.86625,8511.065,12783.970000000003
312,,,,9623.1545,8998.8441,8511.065,12783.970000000003
313,,,,9599.196500000002,8991.771849999997,8511.065,12783.970000000003
314,,,,9572.61985,8990.864799999998,8511.065,12783.970000000003
315,,,,9600.9344,9020.4008,8511.065,12783.970000000003
316,,,,9605.317850000003,8996.612749999997,8511.065,12783.970000000003
317,,,,9594.501549999999,9007.426649999998,8511.065,12783.970000000003
318,,,,9603.080150000002,8992.315399999998,8511.065,12783.970000000003
319,,,,9603.254850000001,8979.445599999997,8511.065,12783.970000000003
320,,,,9492.3382,8874.193349999998,8511.065,12783.970000000003
321,,,,9430.242849999999,8863.006899999997,8511.065,12783.970000000003
322,,,,9437.1388,8841.347799999998,8511.065,12783.970000000003
323,,,,9454.102250000002,8840.747399999998,8511.065,12783.970000000003
324,,,,9466.6128,8871.812899999997,8511.065,12783.970000000003
325,,,,9486.56365,8846.728299999997,8511.065,12783.970000000003
326,,,,9486.013799999999,8870.4592,8511.065,12783.970000000003
327,,,,9457.08405,8844.058399999996,8511.065,12783.970000000003
328,,,,9471.024350000003,8853.738049999996,8511.065,12783.970000000003
329,,,,9469.122449999999,8852.353599999999,8511.065,12783.970000000003
330,,,,9463.10825,8865.726499999997,8511.065,12783.970000000003
331,,,,9450.95675,8844.765849999998,8511.065,12783.970000000003
332,,,,9470.1078,8834.528299999998,8511.065,12783.970000000003
333,,,,9482.3989,8862.891399999997,8511.065,12783.970000000003
334,,,,9491.951050000003,8846.684249999997,8511.065,12783.970000000003
335,,,,9460.880050000002,8850.091649999998,8511.065,12783.970000000003
336,,,,9460.324100000002,8837.320449999997,8511.065,12783.970000000003
337,,,,9466.095100000002,8872.425149999997,8511.065,12783.970000000003
338,,,,9475.1785,8862.705599999998,8511.065,12783.970000000003
339,,,,9469.751750000001,8862.594249999998,8511.065,12783.970000000003
340,,,,9454.163299999998,8860.990249999997,8511.065,12783.970000000003
341,,,,9465.21405,8858.768349999997,8511.065,12783.970000000003
342,,,,9461.51935,8867.143199999999,8511.065,12783.970000000003
343,,,,9478.672900000001,8849.312249999997,8511.065,12783.970000000003
344,,,,9473.093050000003,8857.813149999998,8511.065,12783.970000000003
345,,,,9443.771700000001,8843.550549999996,8511.065,12783.970000000003
346,,,,9456.38195,8863.437599999997,8511.065,12783.970000000003
347,,,,9458.04125,8852.907849999998,8511.065,12783.970000000003
348,,,,9489.35715,8847.024899999995,8511.065,12783.970000000003
349,,,,9467.9173,8845.73495,8511.065,12783.970000000003
350,,,,9476.711299999999,8870.006799999997,8511.065,12783.970000000003
351,,,,9478.899200000002,8858.512899999996,8511.065,12783.970000000003
352,,,,9448.446649999998,8861.662349999997,8511.065,12783.970000000003
353,,,,9449.16215,8870.942299999997,8511.065,12783.970000000003
354,,,,9489.067500000001,8854.032399999998,8511.065,12783.970000000003
355,,,,9456.65245,8860.469499999997,8511.065,12783.970000000003
356,,,,9475.525750000003,8847.147799999995,8511.065,12783.970000000003
357,,,,9458.466,8868.296499999999,8511.065,12783.970000000003
358,,,,9470.192700000003,8850.594199999998,8511.065,12783.970000000003
359,,,,9476.28355,8864.350599999998,8511.065,12783.970000000003
360,,,,9296.0554,8705.716449999998,8511.065,12783.970000000003
361,,,,9287.807649999999,8719.7025,8511.065,12783.970000000003
362,,,,9291.627550000001,8707.103399999998,8511.065,12783.970000000003
363,,,,9288.48615,8708.32265,8511.065,12783.970000000003
364,,,,9285.5145,8727.421250000001,8511.065,12783.970000000003
365,,,,9307.91805,8707.61835,8511.065,12783.970000000003
366,,,,9282.198,8730.0972,8511.065,12783.970000000003
367,,,,9286.10435,8743.575499999999,8511.065,12783.970000000003
368,,,,9281.957299999998,8732.955549999999,8511.065,12783.970000000003
369,,,,9315.881,8714.4188,8511.065,12783.970000000003
370,,,,9288.34005,8712.471300000001,8511.065,12783.970000000003
371,,,,9300.9404,8723.653399999997,8511.065,12783.970000000003
372,,,,9291.101149999999,8714.676399999998,8511.065,12783.970000000003
373,,,,9309.746000000003,8730.845249999998,8511.065,12783.970000000003
374,,,,9310.12185,8737.653799999998,8511.065,12783.970000000003
375,,,,9301.1485,8715.022449999999,8511.065,12783.970000000003
376,,,,9265.396799999999,8728.4515,8511.065,12783.970000000003
377,,,,9306.74425,8727.3859,8511.065,12783.970000000003
378,,,,9283.054399999999,8733.551449999999,8511.065,12783.970000000003
379,,,,9290.77405,8717.105549999998,8511.065,12783.970000000003
380,,,,9279.9796,8705.079249999999,8511.065,12783.970000000003
381,,,,9283.1503,8714.691599999996,8511.065,12783.970000000003
382,,,,9284.6076,8731.36665,8511.065,12783.970000000003
383,,,,9273.181349999999,8728.9874,8511.065,12783.970000000003
384,,,,9288.3905,8729.506599999997,8511.065,12783.970000000003
385,,,,9325.81905,8721.326449999997,8511.065,12783.970000000003
386,,,,9290.52395,8720.4186,8511.065,12783.970000000003
387,,,,9286.233450000002,8720.0237,8511.065,12783.970000000003
388,,,,9286.2838,8720.941149999997,8511.065,12783.970000000003
389,,,,9298.7237,8714.789849999997,8511.065,12783.970000000003
390,,,,9304.74365,8709.993699999999,8511.065,12783.970000000003
391,,,,9283.25185,8713.849999999997,8511.065,12783.970000000003
392,,,,9282.0485,8727.220249999998,8511.065,12783.970000000003
393,,,,9325.8754,8717.734299999998,8511.065,12783.970000000003
394,,,,9294.94775,8704.165399999998,8511.065,12783.970000000003
395,,,,9269.67055,8734.733799999998,8511.065,12783.970000000003
396,,,,9310.90345,8719.207649999998,8511.065,12783.970000000003
397,,,,9291.480549999997,8725.9805,8511.065,12783.970000000003
398,,,,9276.4968,8718.130099999998,8511.065,12783.970000000003
399,,,,9304.0762,8725.600699999999,8511.065,12783.970000000003
400,,,,,8584.207699999999,8511.065,12783.970000000003
401,,,,,8570.155299999997,8511.065,12783.970000000003
402,,,,,8588.840549999999,8511.065,12783.970000000003
403,,,,,8603.087999999998,8511.065,12783.970000000003
404,,,,,8583.93665,8511.065,12783.970000000003
405,,,,,8584.34385,8511.065,12783.970000000003
406,,,,,8578.994949999997,8511.065,12783.970000000003
407,,,,,8585.605,8511.065,12783.970000000003
408,,,,,8586.344449999999,8511.065,12783.970000000003
409,,,,,8586.18385,8511.065,12783.970000000003
410,,,,,8584.051299999997,8511.065,12783.970000000003
411,,,,,8577.285800000001,8511.065,12783.970000000003
412,,,,,8565.35855,8511.065,12783.970000000003
413,,,,,8586.8469,8511.065,12783.970000000003
414,,,,,8582.350299999998,8511.065,12783.970000000003
415,,,,,8582.63425,8511.065,12783.970000000003
416,,,,,8583.294049999999,8511.065,12783.970000000003
417,,,,,8594.237599999997,8511.065,12783.970000000003
418,,,,,8580.15805,8511.065,12783.970000000003
419,,,,,8579.838099999997,8511.065,12783.970000000003
420,,,,,8573.895499999999,8511.065,12783.970000000003
421,,,,,8572.449099999998,8511.065,12783.970000000003
422,,,,,8578.849099999998,8511.065,12783.970000000003
423,,,,,8581.400099999999,8511.065,12783.970000000003
424,,,,,8588.353,8511.065,12783.970000000003
425,,,,,8579.702499999998,8511.065,12783.970000000003
426,,,,,8580.41405,8511.065,12783.970000000003
427,,,,,8586.9984,8511.065,12783.970000000003
428,,,,,8577.49855,8511.065,12783.970000000003
429,,,,,8582.73285,8511.065,12783.970000000003
430,,,,,8573.474649999998,8511.065,12783.970000000003
431,,,,,8585.54655,8511.065,12783.970000000003
432,,,,,8577.740799999998,8511.065,12783.970000000003
433,,,,,8577.147899999996,8511.065,12783.970000000003
434,,,,,8590.431349999997,8511.065,12783.970000000003
435,,,,,8581.9916,8511.065,12783.970000000003
436,,,,,8580.001999999999,8511.065,12783.970000000003
437,,,,,8578.8594,8511.065,12783.970000000003
438,,,,,8571.2345,8511.065,12783.970000000003
439,,,,,8578.572400000001,8511.065,12783.970000000003
440,,,,,8456.070049999998,8511.065,12783.970000000003
441,,,,,8452.566149999997,8511.065,12783.970000000003
442,,,,,8456.291549999998,8511.065,12783.970000000003
443,,,,,8445.863649999998,8511.065,12783.970000000003
444,,,,,8453.876549999999,8511.065,12783.970000000003
445,,,,,8454.402799999998,8511.065,12783.970000000003
446,,,,,8451.326799999999,8511.065,12783.970000000003
447,,,,,8459.733549999999,8511.065,12783.970000000003
448,,,,,8461.43735,8511.065,12783.970000000003
449,,,,,8452.08615,8511.065,12783.970000000003
450,,,,,8457.11565,8511.065,12783.970000000003
451,,,,,8456.782,8511.065,12783.970000000003
452,,,,,8449.99215,8511.065,12783.970000000003
453,,,,,8443.434999999998,8511.065,12783.970000000003
454,,,,,8448.199249999998,8511.065,12783.970000000003
455,,,,,8451.039099999998,8511.065,12783.970000000003
456,,,,,8455.266049999998,8511.065,12783.970000000003
457,,,,,8432.344799999999,8511.065,12783.970000000003
458,,,,,8459.29055,8511.065,12783.970000000003
459,,,,,8434.287999999999,8511.065,12783.970000000003
460,,,,,8447.553899999999,8511.065,12783.970000000003
461,,,,,8443.54345,8511.065,12783.970000000003
462,,,,,8452.669599999997,8511.065,12783.970000000003
463,,,,,8454.5469,8511.065,12783.970000000003
464,,,,,8457.566649999999,8511.065,12783.970000000003
465,,,,,8459.6066,8511.065,12783.970000000003
466,,,,,8451.429549999999,8511.065,12783.970000000003
467,,,,,8452.26635,8511.065,12783.970000000003
468,,,,,8458.688549999999,8511.065,12783.970000000003
469,,,,,8455.6916,8511.065,12783.970000000003
470,,,,,8451.578549999998,8511.065,12783.970000000003
471,,,,,8449.442299999999,8511.065,12783.970000000003
472,,,,,8461.031699999998,8511.065,12783.970000000003
473,,,,,8452.579499999998,8511.065,12783.970000000003
474,,,,,8458.595849999998,8511.065,12783.970000000003
475,,,,,8444.60015,8511.065,12783.970000000003
476,,,,,8452.72295,8511.065,12783.970000000003
477,,,,,8443.776749999997,8511.065,12783.970000000003
478,,,,,8425.4906,8511.065,12783.970000000003
479,,,,,8450.7322,8511.065,12783.970000000003
480,,,,,8323.7321,8511.065,12783.970000000003
481,,,,,8329.2579,8511.065,12783.970000000003
482,,,,,8332.3861,8511.065,12783.970000000003
483,,,,,8326.24245,8511.065,12783.970000000003
484,,,,,8334.136849999999,8511.065,12783.970000000003
485,,,,,8317.240099999999,8511.065,12783.970000000003
486,,,,,8336.6675,8511.065,12783.970000000003
487,,,,,8321.199499999999,8511.065,12783.970000000003
488,,,,,8329.4797,8511.065,12783.970000000003
489,,,,,8334.721399999999,8511.065,12783.970000000003
490,,,,,8325.86175,8511.065,12783.970000000003
491,,,,,8332.5486,8511.065,12783.970000000003
492,,,,,8321.772799999999,8511.065,12783.970000000003
493,,,,,8326.926,8511.065,12783.970000000003
494,,,,,8330.3484,8511.065,12783.970000000003
495,,,,,8329.3904,8511.065,12783.970000000003
496,,,,,8319.3072,8511.065,12783.970000000003
497,,,,,8320.27465,8511.065,12783.970000000003
498,,,,,8324.106500000002,8511.065,12783.970000000003
499,,,,,8314.9516,8511.065,12783.970000000003
