,eta,pure online,best price,"payoff(Hn=0.005, Hp=0.005)","payoff(Hn=0.010, Hp=0.010)","payoff(Hn=0.020, Hp=0.020)","payoff(Hn=0.030, Hp=0.030)","payoff(Hn=0.040, Hp=0.040)"
0,-0.04,0.700461,0.7174935000000001,,,,,0.703318
1,-0.03991983967935872,0.700461,0.7174935000000001,,,,,0.703318
2,-0.03983967935871744,0.700461,0.7174935000000001,,,,,0.703318
3,-0.03975951903807615,0.700461,0.7174935000000001,,,,,0.703318
4,-0.03967935871743487,0.700461,0.7174935000000001,,,,,0.703318
5,-0.03959919839679359,0.700461,0.7174935000000001,,,,,0.703318
6,-0.039519038076152306,0.700461,0.7174935000000001,,,,,0.703318
7,-0.039438877755511026,0.700461,0.7174935000000001,,,,,0.703318
8,-0.039358717434869746,0.700461,0.7174935000000001,,,,,0.703318
9,-0.03927855711422846,0.700461,0.7174935000000001,,,,,0.703318
10,-0.03919839679358718,0.700461,0.7174935000000001,,,,,0.703318
11,-0.0391182364729459,0.700461,0.7174935000000001,,,,,0.703318
12,-0.03903807615230461,0.700461,0.7174935000000001,,,,,0.703318
13,-0.03895791583166333,0.700461,0.7174935000000001,,,,,0.703318
14,-0.03887775551102205,0.700461,0.7174935000000001,,,,,0.703318
15,-0.038797595190380764,0.700461,0.7174935000000001,,,,,0.703318
16,-0.038717434869739484,0.700461,0.7174935000000001,,,,,0.703318
17,-0.038637274549098204,0.700461,0.7174935000000001,,,,,0.703318
18,-0.03855711422845692,0.700461,0.7174935000000001,,,,,0.703318
19,-0.038476953907815636,0.700461,0.7174935000000001,,,,,0.703318
20,-0.03839679358717435,0.700461,0.7174935000000001,,,,,0.703318
21,-0.03831663326653307,0.700461,0.7174935000000001,,,,,0.703318
22,-0.03823647294589179,0.700461,0.7174935000000001,,,,,0.703318
23,-0.0381563126252505,0.700461,0.7174935000000001,,,,,0.703318
24,-0.03807615230460922,0.700461,0.7174935000000001,,,,,0.703318
25,-0.03799599198396794,0.700461,0.7174935000000001,,,,,0.703318
26,-0.037915831663326655,0.700461,0.7174935000000001,,,,,0.703318
27,-0.037835671342685374,0.700461,0.7174935000000001,,,,,0.703318
28,-0.037755511022044094,0.700461,0.7174935000000001,,,,,0.703318
29,-0.03767535070140281,0.700461,0.7174935000000001,,,,,0.703318
30,-0.03759519038076153,0.700461,0.7174935000000001,,,,,0.703318
31,-0.03751503006012025,0.700461,0.7174935000000001,,,,,0.703318
32,-0.03743486973947896,0.700461,0.7174935000000001,,,,,0.703318
33,-0.03735470941883768,0.700461,0.7174935000000001,,,,,0.703318
34,-0.0372745490981964,0.700461,0.7174935000000001,,,,,0.703318
35,-0.03719438877755511,0.700461,0.7174935000000001,,,,,0.703216
36,-0.03711422845691383,0.700461,0.7174935000000001,,,,,0.703216
37,-0.03703406813627255,0.700461,0.7174935000000001,,,,,0.703216
38,-0.036953907815631265,0.700461,0.7174935000000001,,,,,0.703216
39,-0.036873747494989985,0.700461,0.7174935000000001,,,,,0.703216
40,-0.0367935871743487,0.700461,0.7174935000000001,,,,,0.703216
41,-0.03671342685370742,0.700461,0.7174935000000001,,,,,0.7029739999999999
42,-0.03663326653306614,0.700461,0.7174935000000001,,,,,0.7029739999999999
43,-0.03655310621242485,0.700461,0.7174935000000001,,,,,0.7029739999999999
44,-0.03647294589178357,0.700461,0.7174935000000001,,,,,0.7029739999999999
45,-0.03639278557114229,0.700461,0.7174935000000001,,,,,0.7029739999999999
46,-0.036312625250501,0.700461,0.7174935000000001,,,,,0.7029739999999999
47,-0.03623246492985972,0.700461,0.7174935000000001,,,,,0.7028394999999998
48,-0.03615230460921844,0.700461,0.7174935000000001,,,,,0.7028394999999998
49,-0.036072144288577156,0.700461,0.7174935000000001,,,,,0.7028394999999998
50,-0.035991983967935876,0.700461,0.7174935000000001,,,,,0.7028394999999998
51,-0.035911823647294595,0.700461,0.7174935000000001,,,,,0.7028394999999998
52,-0.03583166332665331,0.700461,0.7174935000000001,,,,,0.7028394999999998
53,-0.03575150300601203,0.700461,0.7174935000000001,,,,,0.7028044999999998
54,-0.03567134268537075,0.700461,0.7174935000000001,,,,,0.7028044999999998
55,-0.03559118236472946,0.700461,0.7174935000000001,,,,,0.7028044999999998
56,-0.03551102204408818,0.700461,0.7174935000000001,,,,,0.7028044999999998
57,-0.0354308617234469,0.700461,0.7174935000000001,,,,,0.7028044999999998
58,-0.035350701402805614,0.700461,0.7174935000000001,,,,,0.7028044999999998
59,-0.03527054108216433,0.700461,0.7174935000000001,,,,,0.7028044999999998
60,-0.035190380761523046,0.700461,0.7174935000000001,,,,,0.7027325
61,-0.035110220440881766,0.700461,0.7174935000000001,,,,,0.7027325
62,-0.035030060120240486,0.700461,0.7174935000000001,,,,,0.7027325
63,-0.0349498997995992,0.700461,0.7174935000000001,,,,,0.7027325
64,-0.03486973947895792,0.700461,0.7174935000000001,,,,,0.7027325
65,-0.03478957915831664,0.700461,0.7174935000000001,,,,,0.7027325
66,-0.03470941883767535,0.700461,0.7174935000000001,,,,,0.7027325
67,-0.03462925851703407,0.700461,0.7174935000000001,,,,,0.7027325
68,-0.03454909819639279,0.700461,0.7174935000000001,,,,,0.7027325
69,-0.034468937875751504,0.700461,0.7174935000000001,,,,,0.7027079999999998
70,-0.034388777555110224,0.700461,0.7174935000000001,,,,,0.7027079999999998
71,-0.034308617234468944,0.700461,0.7174935000000001,,,,,0.7026234999999998
72,-0.03422845691382766,0.700461,0.7174935000000001,,,,,0.7026234999999998
73,-0.03414829659318638,0.700461,0.7174935000000001,,,,,0.7026234999999998
74,-0.034068136272545096,0.700461,0.7174935000000001,,,,,0.7026234999999998
75,-0.03398797595190381,0.700461,0.7174935000000001,,,,,0.7026234999999998
76,-0.03390781563126253,0.700461,0.7174935000000001,,,,,0.7026234999999998
77,-0.03382765531062125,0.700461,0.7174935000000001,,,,,0.7026234999999998
78,-0.03374749498997996,0.700461,0.7174935000000001,,,,,0.7026234999999998
79,-0.03366733466933868,0.700461,0.7174935000000001,,,,,0.7026234999999998
80,-0.033587174348697395,0.700461,0.7174935000000001,,,,,0.7026234999999998
81,-0.033507014028056115,0.700461,0.7174935000000001,,,,,0.7025934999999999
82,-0.033426853707414834,0.700461,0.7174935000000001,,,,,0.7025934999999999
83,-0.03334669338677355,0.700461,0.7174935000000001,,,,,0.7025934999999999
84,-0.03326653306613227,0.700461,0.7174935000000001,,,,,0.7025934999999999
85,-0.03318637274549099,0.700461,0.7174935000000001,,,,,0.7025934999999999
86,-0.0331062124248497,0.700461,0.7174935000000001,,,,,0.7025934999999999
87,-0.03302605210420842,0.700461,0.7174935000000001,,,,,0.7025934999999999
88,-0.03294589178356714,0.700461,0.7174935000000001,,,,,0.7024959999999998
89,-0.03286573146292585,0.700461,0.7174935000000001,,,,,0.7024959999999998
90,-0.03278557114228457,0.700461,0.7174935000000001,,,,,0.7024959999999998
91,-0.03270541082164329,0.700461,0.7174935000000001,,,,,0.7024959999999998
92,-0.032625250501002005,0.700461,0.7174935000000001,,,,,0.7024959999999998
93,-0.032545090180360725,0.700461,0.7174935000000001,,,,,0.7024959999999998
94,-0.032464929859719445,0.700461,0.7174935000000001,,,,,0.7024959999999998
95,-0.03238476953907816,0.700461,0.7174935000000001,,,,,0.7024959999999998
96,-0.03230460921843688,0.700461,0.7174935000000001,,,,,0.7024959999999998
97,-0.0322244488977956,0.700461,0.7174935000000001,,,,,0.7024959999999998
98,-0.03214428857715431,0.700461,0.7174935000000001,,,,,0.7024959999999998
99,-0.03206412825651303,0.700461,0.7174935000000001,,,,,0.7024959999999998
100,-0.03198396793587174,0.700461,0.7174935000000001,,,,,0.7024959999999998
101,-0.03190380761523046,0.700461,0.7174935000000001,,,,,0.7024959999999998
102,-0.03182364729458918,0.700461,0.7174935000000001,,,,,0.7024379999999999
103,-0.031743486973947896,0.700461,0.7174935000000001,,,,,0.7024379999999999
104,-0.031663326653306616,0.700461,0.7174935000000001,,,,,0.7024379999999999
105,-0.031583166332665336,0.700461,0.7174935000000001,,,,,0.7024379999999999
106,-0.03150300601202405,0.700461,0.7174935000000001,,,,,0.7024379999999999
107,-0.03142284569138277,0.700461,0.7174935000000001,,,,,0.7024379999999999
108,-0.03134268537074149,0.700461,0.7174935000000001,,,,,0.7024379999999999
109,-0.0312625250501002,0.700461,0.7174935000000001,,,,,0.7024379999999999
110,-0.03118236472945892,0.700461,0.7174935000000001,,,,,0.7024379999999999
111,-0.031102204408817637,0.700461,0.7174935000000001,,,,,0.7024379999999999
112,-0.031022044088176357,0.700461,0.7174935000000001,,,,,0.7024379999999999
113,-0.030941883767535074,0.700461,0.7174935000000001,,,,,0.7024379999999999
114,-0.03086172344689379,0.700461,0.7174935000000001,,,,,0.7024379999999999
115,-0.030781563126252506,0.700461,0.7174935000000001,,,,,0.7024379999999999
116,-0.030701402805611226,0.700461,0.7174935000000001,,,,,0.7024379999999999
117,-0.030621242484969943,0.700461,0.7174935000000001,,,,,0.7024379999999999
118,-0.03054108216432866,0.700461,0.7174935000000001,,,,,0.7024379999999999
119,-0.03046092184368738,0.700461,0.7174935000000001,,,,,0.7024379999999999
120,-0.030380761523046095,0.700461,0.7174935000000001,,,,,0.7024379999999999
121,-0.03030060120240481,0.700461,0.7174935000000001,,,,,0.7024379999999999
122,-0.03022044088176353,0.700461,0.7174935000000001,,,,,0.7024379999999999
123,-0.030140280561122248,0.700461,0.7174935000000001,,,,,0.7024379999999999
124,-0.030060120240480964,0.700461,0.7174935000000001,,,,,0.702223
125,-0.029979959919839684,0.700461,0.7174935000000001,,,,0.7093145000000002,0.702223
126,-0.0298997995991984,0.700461,0.7174935000000001,,,,0.7093145000000002,0.702223
127,-0.029819639278557117,0.700461,0.7174935000000001,,,,0.7093145000000002,0.702223
128,-0.029739478957915833,0.700461,0.7174935000000001,,,,0.7093145000000002,0.702223
129,-0.029659318637274553,0.700461,0.7174935000000001,,,,0.7093145000000002,0.702223
130,-0.02957915831663327,0.700461,0.7174935000000001,,,,0.7093145000000002,0.702223
131,-0.029498997995991986,0.700461,0.7174935000000001,,,,0.7093145000000002,0.702223
132,-0.029418837675350706,0.700461,0.7174935000000001,,,,0.7093145000000002,0.702223
133,-0.029338677354709422,0.700461,0.7174935000000001,,,,0.7093145000000002,0.702223
134,-0.02925851703406814,0.700461,0.7174935000000001,,,,0.7093145000000002,0.702223
135,-0.02917835671342686,0.700461,0.7174935000000001,,,,0.7093145000000002,0.702223
136,-0.029098196392785575,0.700461,0.7174935000000001,,,,0.7093145000000002,0.7020355
137,-0.02901803607214429,0.700461,0.7174935000000001,,,,0.7093145000000002,0.7020355
138,-0.028937875751503007,0.700461,0.7174935000000001,,,,0.7093145000000002,0.701934
139,-0.028857715430861727,0.700461,0.7174935000000001,,,,0.7093145000000002,0.701934
140,-0.028777555110220444,0.700461,0.7174935000000001,,,,0.7093145000000002,0.701928
141,-0.02869739478957916,0.700461,0.7174935000000001,,,,0.7093145000000002,0.701928
142,-0.02861723446893788,0.700461,0.7174935000000001,,,,0.7093145000000002,0.701928
143,-0.028537074148296596,0.700461,0.7174935000000001,,,,0.7093145000000002,0.701928
144,-0.028456913827655313,0.700461,0.7174935000000001,,,,0.7093145000000002,0.7018734999999999
145,-0.028376753507014033,0.700461,0.7174935000000001,,,,0.7093145000000002,0.7018734999999999
146,-0.02829659318637275,0.700461,0.7174935000000001,,,,0.7093145000000002,0.7018734999999999
147,-0.028216432865731465,0.700461,0.7174935000000001,,,,0.7093145000000002,0.7018734999999999
148,-0.02813627254509018,0.700461,0.7174935000000001,,,,0.7093145000000002,0.7018734999999999
149,-0.0280561122244489,0.700461,0.7174935000000001,,,,0.7093145000000002,0.7018734999999999
150,-0.027975951903807618,0.700461,0.7174935000000001,,,,0.7093145000000002,0.7018734999999999
151,-0.027895791583166334,0.700461,0.7174935000000001,,,,0.7093145000000002,0.7018734999999999
152,-0.027815631262525054,0.700461,0.7174935000000001,,,,0.7093145000000002,0.7018734999999999
153,-0.02773547094188377,0.700461,0.7174935000000001,,,,0.7093145000000002,0.7018734999999999
154,-0.027655310621242487,0.700461,0.7174935000000001,,,,0.7093145000000002,0.7018734999999999
155,-0.027575150300601207,0.700461,0.7174935000000001,,,,0.7093145000000002,0.7018734999999999
156,-0.027494989979959923,0.700461,0.7174935000000001,,,,0.7093145000000002,0.7018734999999999
157,-0.02741482965931864,0.700461,0.7174935000000001,,,,0.7093145000000002,0.7018734999999999
158,-0.027334669338677356,0.700461,0.7174935000000001,,,,0.7093145000000002,0.7018734999999999
159,-0.027254509018036076,0.700461,0.7174935000000001,,,,0.7093145000000002,0.7018734999999999
160,-0.027174348697394792,0.700461,0.7174935000000001,,,,0.7092125000000001,0.7018734999999999
161,-0.02709418837675351,0.700461,0.7174935000000001,,,,0.7092125000000001,0.7018734999999999
162,-0.02701402805611223,0.700461,0.7174935000000001,,,,0.7092125000000001,0.7018734999999999
163,-0.026933867735470945,0.700461,0.7174935000000001,,,,0.7092125000000001,0.7018734999999999
164,-0.02685370741482966,0.700461,0.7174935000000001,,,,0.7092125000000001,0.7018734999999999
165,-0.02677354709418838,0.700461,0.7174935000000001,,,,0.7092125000000001,0.7018734999999999
166,-0.026693386773547097,0.700461,0.7174935000000001,,,,0.7089705000000001,0.7018734999999999
167,-0.026613226452905814,0.700461,0.7174935000000001,,,,0.7089705000000001,0.7018734999999999
168,-0.02653306613226453,0.700461,0.7174935000000001,,,,0.7089705000000001,0.7018734999999999
169,-0.02645290581162325,0.700461,0.7174935000000001,,,,0.7089705000000001,0.7018734999999999
170,-0.026372745490981966,0.700461,0.7174935000000001,,,,0.7089705000000001,0.7016435
171,-0.026292585170340683,0.700461,0.7174935000000001,,,,0.7089705000000001,0.7016435
172,-0.026212424849699403,0.700461,0.7174935000000001,,,,0.7087014999999999,0.7016435
173,-0.02613226452905812,0.700461,0.7174935000000001,,,,0.7087014999999999,0.7016435
174,-0.026052104208416835,0.700461,0.7174935000000001,,,,0.7087014999999999,0.7015505
175,-0.025971943887775555,0.700461,0.7174935000000001,,,,0.7087014999999999,0.701441
176,-0.02589178356713427,0.700461,0.7174935000000001,,,,0.7087014999999999,0.701441
177,-0.025811623246492988,0.700461,0.7174935000000001,,,,0.7087014999999999,0.701441
178,-0.025731462925851704,0.700461,0.7174935000000001,,,,0.7087014999999999,0.701441
179,-0.025651302605210424,0.700461,0.7174935000000001,,,,0.7086664999999999,0.701441
180,-0.02557114228456914,0.700461,0.7174935000000001,,,,0.7086664999999999,0.701441
181,-0.025490981963927857,0.700461,0.7174935000000001,,,,0.7086664999999999,0.701441
182,-0.025410821643286577,0.700461,0.7174935000000001,,,,0.7086664999999999,0.7014085
183,-0.025330661322645293,0.700461,0.7174935000000001,,,,0.7086664999999999,0.7014085
184,-0.02525050100200401,0.700461,0.7174935000000001,,,,0.7086664999999999,0.7014085
185,-0.02517034068136273,0.700461,0.7174935000000001,,,,0.7086664999999999,0.7014085
186,-0.025090180360721446,0.700461,0.7174935000000001,,,,0.7085944999999999,0.7014085
187,-0.025010020040080162,0.700461,0.7174935000000001,,,,0.7085944999999999,0.7014085
188,-0.02492985971943888,0.700461,0.7174935000000001,,,,0.7085944999999999,0.7014085
189,-0.0248496993987976,0.700461,0.7174935000000001,,,,0.7085944999999999,0.7014085
190,-0.024769539078156315,0.700461,0.7174935000000001,,,,0.7085944999999999,0.7014085
191,-0.02468937875751503,0.700461,0.7174935000000001,,,,0.7085944999999999,0.7014085
192,-0.02460921843687375,0.700461,0.7174935000000001,,,,0.7085944999999999,0.7014085
193,-0.024529058116232468,0.700461,0.7174935000000001,,,,0.7085944999999999,0.7014085
194,-0.024448897795591184,0.700461,0.7174935000000001,,,,0.7085699999999999,0.7014085
195,-0.024368737474949904,0.700461,0.7174935000000001,,,,0.7085699999999999,0.7014085
196,-0.02428857715430862,0.700461,0.7174935000000001,,,,0.7084854999999999,0.7014085
197,-0.024208416833667337,0.700461,0.7174935000000001,,,,0.7084854999999999,0.7014085
198,-0.024128256513026053,0.700461,0.7174935000000001,,,,0.7084854999999999,0.7014085
199,-0.024048096192384773,0.700461,0.7174935000000001,,,,0.7084854999999999,0.7014085
200,-0.02396793587174349,0.700461,0.7174935000000001,,,,0.7084854999999999,0.7014085
201,-0.023887775551102206,0.700461,0.7174935000000001,,,,0.7084854999999999,0.7014085
202,-0.023807615230460925,0.700461,0.7174935000000001,,,,0.7084854999999999,0.7014085
203,-0.023727454909819642,0.700461,0.7174935000000001,,,,0.7084854999999999,0.7014085
204,-0.023647294589178358,0.700461,0.7174935000000001,,,,0.7084854999999999,0.7014085
205,-0.023567134268537078,0.700461,0.7174935000000001,,,,0.7084854999999999,0.7014085
206,-0.023486973947895794,0.700461,0.7174935000000001,,,,0.7084854999999999,0.7014085
207,-0.02340681362725451,0.700461,0.7174935000000001,,,,0.7084554999999998,0.7014085
208,-0.023326653306613227,0.700461,0.7174935000000001,,,,0.7084554999999998,0.7014085
209,-0.023246492985971947,0.700461,0.7174935000000001,,,,0.7084554999999998,0.7014085
210,-0.023166332665330663,0.700461,0.7174935000000001,,,,0.7084554999999998,0.7014085
211,-0.02308617234468938,0.700461,0.7174935000000001,,,,0.7084554999999998,0.7014085
212,-0.0230060120240481,0.700461,0.7174935000000001,,,,0.7084554999999998,0.7014085
213,-0.022925851703406816,0.700461,0.7174935000000001,,,,0.7084554999999998,0.7014085
214,-0.022845691382765532,0.700461,0.7174935000000001,,,,0.7083579999999999,0.7014085
215,-0.022765531062124252,0.700461,0.7174935000000001,,,,0.7083579999999999,0.7014085
216,-0.02268537074148297,0.700461,0.7174935000000001,,,,0.7083579999999999,0.7014085
217,-0.022605210420841685,0.700461,0.7174935000000001,,,,0.7083579999999999,0.7014085
218,-0.0225250501002004,0.700461,0.7174935000000001,,,,0.7083579999999999,0.7014085
219,-0.02244488977955912,0.700461,0.7174935000000001,,,,0.7083579999999999,0.7014085
220,-0.022364729458917838,0.700461,0.7174935000000001,,,,0.7083579999999999,0.7014085
221,-0.022284569138276554,0.700461,0.7174935000000001,,,,0.7083579999999999,0.7014085
222,-0.022204408817635274,0.700461,0.7174935000000001,,,,0.7083579999999999,0.7014085
223,-0.02212424849699399,0.700461,0.7174935000000001,,,,0.7083579999999999,0.7014085
224,-0.022044088176352707,0.700461,0.7174935000000001,,,,0.7083579999999999,0.7014085
225,-0.021963927855711426,0.700461,0.7174935000000001,,,,0.7083579999999999,0.7014085
226,-0.021883767535070143,0.700461,0.7174935000000001,,,,0.7083579999999999,0.7014085
227,-0.02180360721442886,0.700461,0.7174935000000001,,,,0.7083579999999999,0.7014085
228,-0.021723446893787576,0.700461,0.7174935000000001,,,,0.7083,0.7014085
229,-0.021643286573146295,0.700461,0.7174935000000001,,,,0.7083,0.7014085
230,-0.021563126252505012,0.700461,0.7174935000000001,,,,0.7083,0.7011755
231,-0.021482965931863728,0.700461,0.7174935000000001,,,,0.7083,0.7011755
232,-0.021402805611222448,0.700461,0.7174935000000001,,,,0.7083,0.7011755
233,-0.021322645290581164,0.700461,0.7174935000000001,,,,0.7083,0.7011755
234,-0.02124248496993988,0.700461,0.7174935000000001,,,,0.7083,0.7011755
235,-0.0211623246492986,0.700461,0.7174935000000001,,,,0.7083,0.7011755
236,-0.021082164328657317,0.700461,0.7174935000000001,,,,0.7083,0.7011755
237,-0.021002004008016033,0.700461,0.7174935000000001,,,,0.7083,0.7011755
238,-0.02092184368737475,0.700461,0.7174935000000001,,,,0.7083,0.7011755
239,-0.02084168336673347,0.700461,0.7174935000000001,,,,0.7083,0.7011755
240,-0.020761523046092186,0.700461,0.7174935000000001,,,,0.7083,0.7011755
241,-0.020681362725450902,0.700461,0.7174935000000001,,,,0.7083,0.7011755
242,-0.020601202404809622,0.700461,0.7174935000000001,,,,0.7083,0.7011755
243,-0.02052104208416834,0.700461,0.7174935000000001,,,,0.7083,0.7011755
244,-0.020440881763527055,0.700461,0.7174935000000001,,,,0.7083,0.7011755
245,-0.020360721442885775,0.700461,0.7174935000000001,,,,0.7083,0.7011755
246,-0.02028056112224449,0.700461,0.7174935000000001,,,,0.7083,0.7011755
247,-0.020200400801603208,0.700461,0.7174935000000001,,,,0.707568,0.7011755
248,-0.020120240480961928,0.700461,0.7174935000000001,,,,0.707568,0.7011755
249,-0.020040080160320644,0.700461,0.7174935000000001,,,,0.707568,0.7011755
250,-0.01995991983967936,0.700461,0.7174935000000001,,,0.7144075000000001,0.7071380000000002,0.7011755
251,-0.019879759519038077,0.700461,0.7174935000000001,,,0.7144075000000001,0.7071380000000002,0.701117
252,-0.019799599198396797,0.700461,0.7174935000000001,,,0.7144075000000001,0.7071380000000002,0.701117
253,-0.019719438877755513,0.700461,0.7174935000000001,,,0.7144075000000001,0.7071380000000002,0.701117
254,-0.01963927855711423,0.700461,0.7174935000000001,,,0.7143725000000002,0.7071380000000002,0.701117
255,-0.01955911823647295,0.700461,0.7174935000000001,,,0.7143295000000002,0.7071380000000002,0.701117
256,-0.019478957915831666,0.700461,0.7174935000000001,,,0.7143295000000002,0.7071380000000002,0.701117
257,-0.019398797595190382,0.700461,0.7174935000000001,,,0.7143295000000002,0.7071380000000002,0.7009079999999999
258,-0.019318637274549102,0.700461,0.7174935000000001,,,0.7143295000000002,0.7071380000000002,0.7009079999999999
259,-0.019238476953907818,0.700461,0.7174935000000001,,,0.7143295000000002,0.7071380000000002,0.7009079999999999
260,-0.019158316633266535,0.700461,0.7174935000000001,,,0.7143295000000002,0.7071380000000002,0.7009079999999999
261,-0.01907815631262525,0.700461,0.7174935000000001,,,0.7143295000000002,0.7071380000000002,0.7009079999999999
262,-0.01899799599198397,0.700461,0.7174935000000001,,,0.7143295000000002,0.7069505000000001,0.7009079999999999
263,-0.018917835671342687,0.700461,0.7174935000000001,,,0.7143295000000002,0.7069505000000001,0.7009079999999999
264,-0.018837675350701404,0.700461,0.7174935000000001,,,0.7143295000000002,0.7068490000000001,0.7009079999999999
265,-0.018757515030060123,0.700461,0.7174935000000001,,,0.7143295000000002,0.7068490000000001,0.7009079999999999
266,-0.01867735470941884,0.700461,0.7174935000000001,,,0.7143295000000002,0.7068490000000001,0.7009079999999999
267,-0.018597194388777556,0.700461,0.7174935000000001,,,0.7142575000000002,0.7068430000000001,0.7009079999999999
268,-0.018517034068136276,0.700461,0.7174935000000001,,,0.7142575000000002,0.7068430000000001,0.7009079999999999
269,-0.018436873747494992,0.700461,0.7174935000000001,,,0.7142140000000001,0.7068430000000001,0.7009079999999999
270,-0.01835671342685371,0.700461,0.7174935000000001,,,0.7141950000000001,0.7067340000000002,0.7009079999999999
271,-0.018276553106212425,0.700461,0.7174935000000001,,,0.7141950000000001,0.7067340000000002,0.7009079999999999
272,-0.018196392785571145,0.700461,0.7174935000000001,,,0.7141950000000001,0.7067340000000002,0.7009079999999999
273,-0.01811623246492986,0.700461,0.7174935000000001,,,0.7141950000000001,0.7067340000000002,0.7009079999999999
274,-0.018036072144288578,0.700461,0.7174935000000001,,,0.7141950000000001,0.7067340000000002,0.7009079999999999
275,-0.017955911823647298,0.700461,0.7174935000000001,,,0.7141950000000001,0.7067340000000002,0.700844
276,-0.017875751503006014,0.700461,0.7174935000000001,,,0.7141950000000001,0.7067340000000002,0.700844
277,-0.01779559118236473,0.700461,0.7174935000000001,,,0.7141950000000001,0.7067340000000002,0.700844
278,-0.01771543086172345,0.700461,0.7174935000000001,,,0.7141700000000002,0.7067340000000002,0.700844
279,-0.017635270541082167,0.700461,0.7174935000000001,,,0.7141700000000002,0.7067340000000002,0.700844
280,-0.017555110220440883,0.700461,0.7174935000000001,,,0.7141700000000002,0.7067340000000002,0.700844
281,-0.0174749498997996,0.700461,0.7174935000000001,,,0.7141700000000002,0.7067340000000002,0.700844
282,-0.01739478957915832,0.700461,0.7174935000000001,,,0.7141700000000002,0.7067340000000002,0.700844
283,-0.017314629258517036,0.700461,0.7174935000000001,,,0.7141700000000002,0.7067340000000002,0.700844
284,-0.017234468937875752,0.700461,0.7174935000000001,,,0.7141700000000002,0.7067340000000002,0.700844
285,-0.017154308617234472,0.700461,0.7174935000000001,,,0.7140680000000001,0.7067340000000002,0.700844
286,-0.01707414829659319,0.700461,0.7174935000000001,,,0.7140680000000001,0.7067340000000002,0.700844
287,-0.016993987975951905,0.700461,0.7174935000000001,,,0.7140680000000001,0.7067340000000002,0.700844
288,-0.016913827655310625,0.700461,0.7174935000000001,,,0.7140680000000001,0.7067340000000002,0.700844
289,-0.01683366733466934,0.700461,0.7174935000000001,,,0.7140680000000001,0.7067340000000002,0.700844
290,-0.016753507014028057,0.700461,0.7174935000000001,,,0.7140055000000002,0.7067340000000002,0.700844
291,-0.016673346693386774,0.700461,0.7174935000000001,,,0.7137635000000001,0.7067340000000002,0.700844
292,-0.016593186372745494,0.700461,0.7174935000000001,,,0.713697,0.7067340000000002,0.700844
293,-0.01651302605210421,0.700461,0.7174935000000001,,,0.713697,0.7067340000000002,0.700844
294,-0.016432865731462926,0.700461,0.7174935000000001,,,0.713697,0.7067340000000002,0.700844
295,-0.016352705410821646,0.700461,0.7174935000000001,,,0.713697,0.7067340000000002,0.700844
296,-0.016272545090180363,0.700461,0.7174935000000001,,,0.713697,0.7065040000000001,0.700844
297,-0.01619238476953908,0.700461,0.7174935000000001,,,0.7134279999999998,0.7065040000000001,0.700844
298,-0.0161122244488978,0.700461,0.7174935000000001,,,0.7134279999999998,0.7065040000000001,0.700844
299,-0.016032064128256515,0.700461,0.7174935000000001,,,0.7134279999999998,0.7065040000000001,0.700844
300,-0.01595190380761523,0.700461,0.7174935000000001,,,0.7134279999999998,0.7064110000000001,0.700844
301,-0.015871743486973948,0.700461,0.7174935000000001,,,0.7134279999999998,0.7064110000000001,0.700844
302,-0.015791583166332668,0.700461,0.7174935000000001,,,0.7134279999999998,0.7063015000000001,0.700844
303,-0.015711422845691384,0.700461,0.7174935000000001,,,0.7134279999999998,0.7063015000000001,0.7007695
304,-0.0156312625250501,0.700461,0.7174935000000001,,,0.7133929999999999,0.7063015000000001,0.7007695
305,-0.015551102204408819,0.700461,0.7174935000000001,,,0.7132425,0.7063015000000001,0.7007695
306,-0.015470941883767537,0.700461,0.7174935000000001,,,0.7132425,0.7063015000000001,0.7007695
307,-0.015390781563126253,0.700461,0.7174935000000001,,,0.7132425,0.7063015000000001,0.7007695
308,-0.015310621242484971,0.700461,0.7174935000000001,,,0.7132425,0.7062690000000001,0.7007695
309,-0.01523046092184369,0.700461,0.7174935000000001,,,0.7132425,0.7062690000000001,0.7007695
310,-0.015150300601202406,0.700461,0.7174935000000001,,,0.7132425,0.7062690000000001,0.7007695
311,-0.015070140280561124,0.700461,0.7174935000000001,,,0.7131705,0.7062690000000001,0.7007695
312,-0.014989979959919842,0.700461,0.7174935000000001,,,0.7131705,0.7062690000000001,0.7007695
313,-0.014909819639278558,0.700461,0.7174935000000001,,,0.7131705,0.7062690000000001,0.7007695
314,-0.014829659318637277,0.700461,0.7174935000000001,,,0.7131705,0.7062690000000001,0.7007695
315,-0.014749498997995993,0.700461,0.7174935000000001,,,0.7131705,0.7062690000000001,0.7007695
316,-0.014669338677354711,0.700461,0.7174935000000001,,,0.7131705,0.7062690000000001,0.7007695
317,-0.01458917835671343,0.700461,0.7174935000000001,,,0.7131705,0.7062690000000001,0.7007695
318,-0.014509018036072146,0.700461,0.7174935000000001,,,0.7131705,0.7062690000000001,0.7007294999999999
319,-0.014428857715430864,0.700461,0.7174935000000001,,,0.7131705,0.7062690000000001,0.7007294999999999
320,-0.01434869739478958,0.700461,0.7174935000000001,,,0.7131459999999998,0.7062690000000001,0.7007294999999999
321,-0.014268537074148298,0.700461,0.7174935000000001,,,0.7131459999999998,0.7062690000000001,0.7007294999999999
322,-0.014188376753507016,0.700461,0.7174935000000001,,,0.7130614999999999,0.7062690000000001,0.7007294999999999
323,-0.014108216432865733,0.700461,0.7174935000000001,,,0.7129645,0.7062690000000001,0.7007294999999999
324,-0.01402805611222445,0.700461,0.7174935000000001,,,0.7129645,0.7062690000000001,0.7007294999999999
325,-0.013947895791583167,0.700461,0.7174935000000001,,,0.7129645,0.7062690000000001,0.7007294999999999
326,-0.013867735470941885,0.700461,0.7174935000000001,,,0.7129645,0.7062690000000001,0.7007294999999999
327,-0.013787575150300603,0.700461,0.7174935000000001,,,0.7129645,0.7062690000000001,0.7007294999999999
328,-0.01370741482965932,0.700461,0.7174935000000001,,,0.7129645,0.7062690000000001,0.7007294999999999
329,-0.013627254509018038,0.700461,0.7174935000000001,,,0.7129645,0.7062690000000001,0.7007294999999999
330,-0.013547094188376754,0.700461,0.7174935000000001,,,0.7129645,0.7062690000000001,0.7007294999999999
331,-0.013466933867735472,0.700461,0.7174935000000001,,,0.7129645,0.7062690000000001,0.7007294999999999
332,-0.01338677354709419,0.700461,0.7174935000000001,,,0.7129645,0.7062690000000001,0.7007294999999999
333,-0.013306613226452907,0.700461,0.7174935000000001,,,0.7128079999999999,0.7062690000000001,0.7007294999999999
334,-0.013226452905811625,0.700461,0.7174935000000001,,,0.7128079999999999,0.7062690000000001,0.7007294999999999
335,-0.013146292585170341,0.700461,0.7174935000000001,,,0.7128079999999999,0.7062690000000001,0.7007294999999999
336,-0.01306613226452906,0.700461,0.7174935000000001,,,0.712631,0.7062690000000001,0.7007294999999999
337,-0.012985971943887778,0.700461,0.7174935000000001,,,0.7125365,0.7062690000000001,0.7005129999999999
338,-0.012905811623246494,0.700461,0.7174935000000001,,,0.7125365,0.7062690000000001,0.7005129999999999
339,-0.012825651302605212,0.700461,0.7174935000000001,,,0.712439,0.7062690000000001,0.7005129999999999
340,-0.012745490981963929,0.700461,0.7174935000000001,,,0.712439,0.7062690000000001,0.7005129999999999
341,-0.012665330661322647,0.700461,0.7174935000000001,,,0.712439,0.7062690000000001,0.7005129999999999
342,-0.012585170340681365,0.700461,0.7174935000000001,,,0.712439,0.7062690000000001,0.7005129999999999
343,-0.012505010020040081,0.700461,0.7174935000000001,,,0.712439,0.7062690000000001,0.7005129999999999
344,-0.0124248496993988,0.700461,0.7174935000000001,,,0.712439,0.7062690000000001,0.7005129999999999
345,-0.012344689378757516,0.700461,0.7174935000000001,,,0.712439,0.7062690000000001,0.7005129999999999
346,-0.012264529058116234,0.700461,0.7174935000000001,,,0.712439,0.7062690000000001,0.7005129999999999
347,-0.012184368737474952,0.700461,0.7174935000000001,,,0.712397,0.7062690000000001,0.7005129999999999
348,-0.012104208416833668,0.700461,0.7174935000000001,,,0.712397,0.7062690000000001,0.7005129999999999
349,-0.012024048096192386,0.700461,0.7174935000000001,,,0.712397,0.7062690000000001,0.7005129999999999
350,-0.011943887775551103,0.700461,0.7174935000000001,,,0.7120940000000001,0.7062690000000001,0.7005129999999999
351,-0.011863727454909821,0.700461,0.7174935000000001,,,0.7120940000000001,0.7062690000000001,0.7005129999999999
352,-0.011783567134268539,0.700461,0.7174935000000001,,,0.7120940000000001,0.7062690000000001,0.7005129999999999
353,-0.011703406813627255,0.700461,0.7174935000000001,,,0.7120940000000001,0.7062690000000001,0.7005129999999999
354,-0.011623246492985973,0.700461,0.7174935000000001,,,0.7120360000000001,0.7062690000000001,0.7005129999999999
355,-0.01154308617234469,0.700461,0.7174935000000001,,,0.7120360000000001,0.7062690000000001,0.7005129999999999
356,-0.011462925851703408,0.700461,0.7174935000000001,,,0.7120360000000001,0.7062690000000001,0.700461
357,-0.011382765531062126,0.700461,0.7174935000000001,,,0.711979,0.7060360000000001,0.700461
358,-0.011302605210420842,0.700461,0.7174935000000001,,,0.711979,0.7060360000000001,0.700461
359,-0.01122244488977956,0.700461,0.7174935000000001,,,0.711979,0.7060360000000001,0.700461
360,-0.011142284569138277,0.700461,0.7174935000000001,,,0.711979,0.7060360000000001,0.700461
361,-0.011062124248496995,0.700461,0.7174935000000001,,,0.711979,0.7060360000000001,0.700461
362,-0.010981963927855713,0.700461,0.7174935000000001,,,0.711979,0.7060360000000001,0.700461
363,-0.01090180360721443,0.700461,0.7174935000000001,,,0.711979,0.7060360000000001,0.700461
364,-0.010821643286573148,0.700461,0.7174935000000001,,,0.711979,0.7060360000000001,0.700461
365,-0.010741482965931864,0.700461,0.7174935000000001,,,0.711979,0.7060360000000001,0.700461
366,-0.010661322645290582,0.700461,0.7174935000000001,,,0.7119300000000001,0.7053470000000001,0.700461
367,-0.0105811623246493,0.700461,0.7174935000000001,,,0.7119300000000001,0.7053470000000001,0.700461
368,-0.010501002004008017,0.700461,0.7174935000000001,,,0.7118990000000001,0.7053470000000001,0.700461
369,-0.010420841683366735,0.700461,0.7174935000000001,,,0.7118990000000001,0.7053470000000001,0.700461
370,-0.010340681362725451,0.700461,0.7174935000000001,,,0.7118990000000001,0.7053470000000001,0.700461
371,-0.01026052104208417,0.700461,0.7174935000000001,,,0.7118990000000001,0.7053470000000001,0.700461
372,-0.010180360721442887,0.700461,0.7174935000000001,,,0.71179,0.7053470000000001,0.700461
373,-0.010100200400801604,0.700461,0.7174935000000001,,,0.7106920000000001,0.7053470000000001,0.700461
374,-0.010020040080160322,0.700461,0.7174935000000001,,,0.7106920000000001,0.7053470000000001,0.700461
375,-0.009939879759519038,0.700461,0.7174935000000001,,0.7174935000000001,0.7106920000000001,0.7053470000000001,0.700461
376,-0.009859719438877756,0.700461,0.7174935000000001,,0.7174935000000001,0.7102620000000002,0.7053470000000001,0.700461
377,-0.009779559118236475,0.700461,0.7174935000000001,,0.7174935000000001,0.7102620000000002,0.7053470000000001,0.700461
378,-0.009699398797595191,0.700461,0.7174935000000001,,0.7174935000000001,0.7102620000000002,0.7053470000000001,0.700461
379,-0.009619238476953909,0.700461,0.7174935000000001,,0.7174585000000002,0.7102620000000002,0.7052885,0.700461
380,-0.009539078156312625,0.700461,0.7174935000000001,,0.7174155000000002,0.7102620000000002,0.7052885,0.700461
381,-0.009458917835671344,0.700461,0.7174935000000001,,0.7174155000000002,0.7102620000000002,0.7052885,0.700461
382,-0.009378757515030062,0.700461,0.7174935000000001,,0.7174155000000002,0.7102620000000002,0.7052885,0.700461
383,-0.009298597194388778,0.700461,0.7174935000000001,,0.7174155000000002,0.7102620000000002,0.7052885,0.700461
384,-0.009218436873747496,0.700461,0.7174935000000001,,0.7174155000000002,0.7102620000000002,0.7052885,0.700461
385,-0.009138276553106213,0.700461,0.7174935000000001,,0.7174155000000002,0.7102620000000002,0.7050795000000001,0.700461
386,-0.00905811623246493,0.700461,0.7174935000000001,,0.7174155000000002,0.7102620000000002,0.7050795000000001,0.700461
387,-0.008977955911823649,0.700461,0.7174935000000001,,0.7174155000000002,0.7102620000000002,0.7050795000000001,0.700461
388,-0.008897795591182365,0.700461,0.7174935000000001,,0.7174155000000002,0.7100745000000002,0.7050795000000001,0.700461
389,-0.008817635270541083,0.700461,0.7174935000000001,,0.7174155000000002,0.7100745000000002,0.7050795000000001,0.700461
390,-0.0087374749498998,0.700461,0.7174935000000001,,0.7173630000000002,0.7100200000000001,0.7050795000000001,0.700461
391,-0.008657314629258518,0.700461,0.7174935000000001,,0.7173630000000002,0.7099185,0.7050795000000001,0.700461
392,-0.008577154308617236,0.700461,0.7174935000000001,,0.7172910000000001,0.7099185,0.7050795000000001,0.700461
393,-0.008496993987975952,0.700461,0.7174935000000001,,0.7172910000000001,0.7099125000000001,0.7050795000000001,0.700461
394,-0.00841683366733467,0.700461,0.7174935000000001,,0.7172475000000003,0.7099125000000001,0.7050795000000001,0.700461
395,-0.008336673346693387,0.700461,0.7174935000000001,,0.7172285000000003,0.7099125000000001,0.7050795000000001,0.700461
396,-0.008256513026052105,0.700461,0.7174935000000001,,0.7172285000000003,0.7099125000000001,0.7050795000000001,0.700461
397,-0.008176352705410823,0.700461,0.7174935000000001,,0.7172285000000003,0.7098035000000001,0.7050795000000001,0.700461
398,-0.00809619238476954,0.700461,0.7174935000000001,,0.7171580000000002,0.7098035000000001,0.7050795000000001,0.700461
399,-0.008016032064128258,0.700461,0.7174935000000001,,0.7171580000000002,0.7098035000000001,0.7050795000000001,0.700461
400,-0.007935871743486974,0.700461,0.7174935000000001,,0.7171580000000002,0.7098035000000001,0.7050795000000001,0.700461
401,-0.007855711422845692,0.700461,0.7174935000000001,,0.7171580000000002,0.7098035000000001,0.7050795000000001,0.700461
402,-0.007775551102204409,0.700461,0.7174935000000001,,0.7171580000000002,0.7098035000000001,0.7048735,0.700461
403,-0.007695390781563127,0.700461,0.7174935000000001,,0.7170920000000003,0.7098035000000001,0.7048095,0.700461
404,-0.007615230460921845,0.700461,0.7174935000000001,,0.7170050000000002,0.7098035000000001,0.7048095,0.700461
405,-0.007535070140280562,0.700461,0.7174935000000001,,0.7170050000000002,0.7098035000000001,0.7048095,0.700461
406,-0.007454909819639279,0.700461,0.7174935000000001,,0.7170050000000002,0.7098035000000001,0.7048095,0.700461
407,-0.0073747494989979965,0.700461,0.7174935000000001,,0.7170050000000002,0.7098035000000001,0.7048095,0.700461
408,-0.007294589178356715,0.700461,0.7174935000000001,,0.7170050000000002,0.7098035000000001,0.7048095,0.700461
409,-0.007214428857715432,0.700461,0.7174935000000001,,0.7170050000000002,0.7098035000000001,0.7048095,0.700461
410,-0.007134268537074149,0.700461,0.7174935000000001,,0.7169030000000002,0.7098035000000001,0.7048095,0.700461
411,-0.007054108216432866,0.700461,0.7174935000000001,,0.7169030000000002,0.7097395000000002,0.7048095,0.700461
412,-0.006973947895791584,0.700461,0.7174935000000001,,0.7169030000000002,0.7097395000000002,0.7048095,0.700461
413,-0.006893787575150302,0.700461,0.7174935000000001,,0.7169030000000002,0.7097395000000002,0.7048095,0.700461
414,-0.006813627254509019,0.700461,0.7174935000000001,,0.7169030000000002,0.7097395000000002,0.7048095,0.700461
415,-0.006733466933867736,0.700461,0.7174935000000001,,0.7168405000000002,0.7097395000000002,0.7048095,0.700461
416,-0.0066533066132264534,0.700461,0.7174935000000001,,0.7168405000000002,0.7097395000000002,0.7048095,0.700461
417,-0.006573146292585171,0.700461,0.7174935000000001,,0.7165320000000001,0.7097395000000002,0.7048095,0.700461
418,-0.006492985971943889,0.700461,0.7174935000000001,,0.716477,0.7097395000000002,0.7048095,0.700461
419,-0.006412825651302606,0.700461,0.7174935000000001,,0.716477,0.7097395000000002,0.7048095,0.700461
420,-0.006332665330661323,0.700461,0.7174935000000001,,0.716477,0.7097395000000002,0.7048095,0.700461
421,-0.006252505010020041,0.700461,0.7174935000000001,,0.716477,0.7097395000000002,0.7048095,0.700461
422,-0.006172344689378758,0.700461,0.7174935000000001,,0.716208,0.7097395000000002,0.7048095,0.700461
423,-0.006092184368737476,0.700461,0.7174935000000001,,0.716208,0.7095095000000002,0.7048095,0.700461
424,-0.006012024048096193,0.700461,0.7174935000000001,,0.7161905,0.7095095000000002,0.7048095,0.700461
425,-0.0059318637274549104,0.700461,0.7174935000000001,,0.7161905,0.7095095000000002,0.7048095,0.700461
426,-0.005851703406813628,0.700461,0.7174935000000001,,0.7161905,0.7095095000000002,0.7048095,0.700461
427,-0.005771543086172345,0.700461,0.7174935000000001,,0.7161905,0.7094165000000002,0.7048095,0.700461
428,-0.005691382765531063,0.700461,0.7174935000000001,,0.7161234999999999,0.7093070000000002,0.7048095,0.700461
429,-0.00561122244488978,0.700461,0.7174935000000001,,0.7160884999999999,0.7093070000000002,0.7048095,0.700461
430,-0.0055310621242484976,0.700461,0.7174935000000001,,0.7160884999999999,0.7093070000000002,0.7048095,0.700461
431,-0.005450901803607215,0.700461,0.7174935000000001,,0.715938,0.7093070000000002,0.704735,0.700461
432,-0.005370741482965932,0.700461,0.7174935000000001,,0.715938,0.7093070000000002,0.704735,0.700461
433,-0.00529058116232465,0.700461,0.7174935000000001,,0.7158469999999999,0.7093070000000002,0.704735,0.700461
434,-0.005210420841683367,0.700461,0.7174935000000001,,0.7158469999999999,0.7093070000000002,0.704551,0.700461
435,-0.005130260521042085,0.700461,0.7174935000000001,,0.7156644999999999,0.7092745000000003,0.704551,0.700461
436,-0.005050100200400802,0.700461,0.7174935000000001,,0.7155925,0.7090685000000002,0.704551,0.700461
437,-0.004969939879759519,0.700461,0.7174935000000001,0.7174935000000001,0.7155925,0.7090685000000002,0.704551,0.700461
438,-0.004889779559118237,0.700461,0.7174935000000001,0.7174935000000001,0.7155925,0.7090685000000002,0.704551,0.700461
439,-0.0048096192384769546,0.700461,0.7174935000000001,0.7174935000000001,0.7155715,0.7090685000000002,0.704551,0.700461
440,-0.004729458917835672,0.700461,0.7174935000000001,0.7174935000000001,0.715569,0.7087290000000002,0.704551,0.700461
441,-0.004649298597194389,0.700461,0.7174935000000001,0.7174585000000002,0.715569,0.7087290000000002,0.704551,0.700461
442,-0.004569138276553106,0.700461,0.7174935000000001,0.7174585000000002,0.715569,0.7087290000000002,0.704551,0.700461
443,-0.004488977955911824,0.700461,0.7174935000000001,0.7174155000000002,0.7155435000000001,0.7087290000000002,0.704551,0.700461
444,-0.004408817635270542,0.700461,0.7174935000000001,0.7174155000000002,0.7155435000000001,0.7087290000000002,0.704551,0.700461
445,-0.004328657314629259,0.700461,0.7174935000000001,0.7174155000000002,0.715519,0.7087290000000002,0.704551,0.700461
446,-0.004248496993987976,0.700461,0.7174935000000001,0.7174155000000002,0.715519,0.7087290000000002,0.7045110000000001,0.700461
447,-0.004168336673346693,0.700461,0.7174935000000001,0.7174155000000002,0.7154345,0.7087290000000002,0.7045110000000001,0.700461
448,-0.0040881763527054115,0.700461,0.7174935000000001,0.7174155000000002,0.7154345,0.7087290000000002,0.7045110000000001,0.700461
449,-0.004008016032064129,0.700461,0.7174935000000001,0.7174155000000002,0.7153375000000001,0.7087290000000002,0.7045110000000001,0.700461
450,-0.003927855711422846,0.700461,0.7174935000000001,0.7174155000000002,0.7153375000000001,0.7087290000000002,0.7045110000000001,0.700461
451,-0.0038476953907815633,0.700461,0.7174935000000001,0.7174155000000002,0.7153375000000001,0.7087290000000002,0.7045110000000001,0.700461
452,-0.003767535070140281,0.700461,0.7174935000000001,0.7173630000000002,0.7153375000000001,0.7087290000000002,0.7045110000000001,0.700461
453,-0.0036873747494989982,0.700461,0.7174935000000001,0.7173630000000002,0.715268,0.7087290000000002,0.7045110000000001,0.700461
454,-0.003607214428857716,0.700461,0.7174935000000001,0.7172910000000001,0.715268,0.7087290000000002,0.7045110000000001,0.700461
455,-0.003527054108216433,0.700461,0.7174935000000001,0.7172910000000001,0.715268,0.7087290000000002,0.7045110000000001,0.700461
456,-0.003446893787575151,0.700461,0.7174935000000001,0.7172475000000003,0.715268,0.7087290000000002,0.7045110000000001,0.700461
457,-0.003366733466933868,0.700461,0.7174935000000001,0.7172475000000003,0.715268,0.7087290000000002,0.7045110000000001,0.700461
458,-0.0032865731462925853,0.700461,0.7174935000000001,0.7172285000000003,0.715238,0.7087290000000002,0.7045110000000001,0.700461
459,-0.003206412825651303,0.700461,0.7174935000000001,0.7172285000000003,0.7151115,0.7087290000000002,0.7045110000000001,0.700461
460,-0.0031262525050100203,0.700461,0.7174935000000001,0.7171590000000003,0.7151115,0.7087290000000002,0.7045110000000001,0.700461
461,-0.003046092184368738,0.700461,0.7174935000000001,0.7171580000000002,0.7151115,0.7087290000000002,0.7045110000000001,0.700461
462,-0.0029659318637274552,0.700461,0.7174935000000001,0.7171580000000002,0.7149344999999999,0.7087290000000002,0.7045110000000001,0.700461
463,-0.0028857715430861725,0.700461,0.7174935000000001,0.7171580000000002,0.7148399999999999,0.7087290000000002,0.7045110000000001,0.700461
464,-0.00280561122244489,0.700461,0.7174935000000001,0.7171580000000002,0.7148399999999999,0.7087290000000002,0.7045110000000001,0.700461
465,-0.0027254509018036074,0.700461,0.7174935000000001,0.7171580000000002,0.714666,0.7087290000000002,0.7042944999999999,0.700461
466,-0.002645290581162325,0.700461,0.7174935000000001,0.7170920000000003,0.714666,0.7087290000000002,0.7042944999999999,0.700461
467,-0.0025651302605210423,0.700461,0.7174935000000001,0.7170050000000002,0.714595,0.7084430000000002,0.7042944999999999,0.700461
468,-0.0024849699398797596,0.700461,0.7174935000000001,0.7170050000000002,0.714595,0.7084430000000002,0.7042944999999999,0.700461
469,-0.0024048096192384773,0.700461,0.7174935000000001,0.7170050000000002,0.714595,0.7084430000000002,0.7042944999999999,0.700461
470,-0.0023246492985971945,0.700461,0.7174935000000001,0.7170050000000002,0.714595,0.7084430000000002,0.7042944999999999,0.700461
471,-0.002244488977955912,0.700461,0.7174935000000001,0.7170050000000002,0.714595,0.7084430000000002,0.7042944999999999,0.700461
472,-0.0021643286573146295,0.700461,0.7174935000000001,0.7170050000000002,0.714595,0.7084430000000002,0.7042944999999999,0.700461
473,-0.0020841683366733467,0.700461,0.7174935000000001,0.7169030000000002,0.714553,0.7084430000000002,0.7042944999999999,0.700461
474,-0.0020040080160320644,0.700461,0.7174935000000001,0.7169030000000002,0.714553,0.7084430000000002,0.7042944999999999,0.700461
475,-0.0019238476953907816,0.700461,0.7174935000000001,0.7169030000000002,0.714553,0.7084430000000002,0.7042944999999999,0.700461
476,-0.0018436873747494991,0.700461,0.7174935000000001,0.7169030000000002,0.71425,0.7084430000000002,0.7042944999999999,0.700461
477,-0.0017635270541082166,0.700461,0.7174935000000001,0.7169030000000002,0.71425,0.7084430000000002,0.7042944999999999,0.700461
478,-0.001683366733466934,0.700461,0.7174935000000001,0.7168405000000002,0.71425,0.7084430000000002,0.7042944999999999,0.700461
479,-0.0016032064128256515,0.700461,0.7174935000000001,0.7165320000000001,0.714192,0.7084430000000002,0.7042944999999999,0.700461
480,-0.001523046092184369,0.700461,0.7174935000000001,0.716477,0.714192,0.7084430000000002,0.7042944999999999,0.700461
481,-0.0014428857715430862,0.700461,0.7174935000000001,0.716477,0.714192,0.7084430000000002,0.7042944999999999,0.700461
482,-0.0013627254509018037,0.700461,0.7174935000000001,0.716477,0.714192,0.7084430000000002,0.7042944999999999,0.700461
483,-0.0012825651302605212,0.700461,0.7174935000000001,0.716477,0.714135,0.7084430000000002,0.7042944999999999,0.700461
484,-0.0012024048096192386,0.700461,0.7174935000000001,0.716477,0.714135,0.70821,0.7042425,0.700461
485,-0.001122244488977956,0.700461,0.7174935000000001,0.716208,0.714135,0.708159,0.7042425,0.700461
486,-0.0010420841683366734,0.700461,0.7174935000000001,0.716208,0.714135,0.708159,0.7042425,0.700461
487,-0.0009619238476953908,0.700461,0.7174935000000001,0.7161905,0.714135,0.708159,0.7042425,0.700461
488,-0.0008817635270541083,0.700461,0.7174935000000001,0.7161905,0.714135,0.708159,0.7042425,0.700461
489,-0.0008016032064128258,0.700461,0.7174935000000001,0.7161905,0.714135,0.708159,0.7042425,0.700461
490,-0.0007214428857715431,0.700461,0.7174935000000001,0.7161905,0.714135,0.708159,0.7042425,0.700461
491,-0.0006412825651302606,0.700461,0.7174935000000001,0.7161234999999999,0.714135,0.708159,0.7042425,0.700461
492,-0.000561122244488978,0.700461,0.7174935000000001,0.7160884999999999,0.714086,0.708159,0.7042425,0.700461
493,-0.0004809619238476954,0.700461,0.7174935000000001,0.715938,0.714086,0.7068805,0.7042425,0.700461
494,-0.0004008016032064129,0.700461,0.7174935000000001,0.715938,0.714055,0.7068805,0.7042425,0.700461
495,-0.0003206412825651303,0.700461,0.7174935000000001,0.7158469999999999,0.714055,0.7067095000000001,0.7042425,0.700461
496,-0.0002404809619238477,0.700461,0.7174935000000001,0.7158469999999999,0.714055,0.7066760000000001,0.7042425,0.700461
497,-0.00016032064128256515,0.700461,0.7174935000000001,0.7156644999999999,0.714055,0.7066760000000001,0.7042425,0.700461
498,-8.016032064128257e-05,0.700461,0.7174935000000001,0.7156644999999999,0.7139460000000001,0.7066700000000001,0.7042425,0.700461
499,-0.0,0.700461,0.7174935000000001,0.7155925,0.712848,0.7066700000000001,0.7042425,0.700461
500,0.0,0.700461,0.7174935000000001,0.7155925,0.712848,0.7066700000000001,0.7042425,0.700461
501,8.016032064128257e-05,0.700461,0.7174935000000001,0.7155925,0.712848,0.7066700000000001,0.7042425,0.700461
502,0.00016032064128256515,0.700461,0.7174935000000001,0.7155925,0.7127490000000001,0.7066700000000001,0.7042425,0.700461
503,0.0002404809619238477,0.700461,0.7174935000000001,0.7155715,0.7127490000000001,0.7066700000000001,0.7042425,0.700461
504,0.0003206412825651303,0.700461,0.7174935000000001,0.715569,0.7123190000000001,0.7066700000000001,0.7042425,0.700461
505,0.0004008016032064129,0.700461,0.7174935000000001,0.715569,0.7123190000000001,0.7066700000000001,0.7042425,0.700461
506,0.0004809619238476954,0.700461,0.7174935000000001,0.715569,0.7123190000000001,0.7066700000000001,0.7042425,0.700461
507,0.000561122244488978,0.700461,0.7174935000000001,0.7155435000000001,0.7123190000000001,0.7066115000000001,0.7042425,0.700461
508,0.0006412825651302606,0.700461,0.7174935000000001,0.7155435000000001,0.7123190000000001,0.7066115000000001,0.7042425,0.700461
509,0.0007214428857715431,0.700461,0.7174935000000001,0.715519,0.7123190000000001,0.7066115000000001,0.7042425,0.700461
510,0.0008016032064128258,0.700461,0.7174935000000001,0.715519,0.7123190000000001,0.7066115000000001,0.7042425,0.700461
511,0.0008817635270541083,0.700461,0.7174935000000001,0.7154345,0.7123190000000001,0.7065780000000002,0.7042425,0.700461
512,0.0009619238476953908,0.700461,0.7174935000000001,0.7153375000000001,0.7123190000000001,0.7065780000000002,0.7042425,0.700461
513,0.0010420841683366734,0.700461,0.7174935000000001,0.7153375000000001,0.7123190000000001,0.7063690000000002,0.7035985,0.700461
514,0.001122244488977956,0.700461,0.7174935000000001,0.7153375000000001,0.7123190000000001,0.7063690000000002,0.7035985,0.700461
515,0.0012024048096192386,0.700461,0.7174935000000001,0.7153375000000001,0.7121315000000001,0.7063690000000002,0.7035985,0.700461
516,0.0012825651302605212,0.700461,0.7174935000000001,0.7153375000000001,0.7121315000000001,0.7063690000000002,0.7035985,0.700461
517,0.0013627254509018037,0.700461,0.7174935000000001,0.715268,0.7120770000000002,0.7063690000000002,0.7035985,0.700461
518,0.0014428857715430862,0.700461,0.7174935000000001,0.715268,0.7119755000000001,0.7063690000000002,0.7035985,0.700461
519,0.001523046092184369,0.700461,0.7174935000000001,0.715268,0.7119755000000001,0.7063690000000002,0.7035985,0.700461
520,0.0016032064128256515,0.700461,0.7174935000000001,0.715268,0.7119695000000001,0.7063690000000002,0.7035985,0.700461
521,0.001683366733466934,0.700461,0.7174935000000001,0.715268,0.7119695000000001,0.7063690000000002,0.7035985,0.700461
522,0.0017635270541082166,0.700461,0.7174935000000001,0.7151115,0.7119695000000001,0.7063690000000002,0.7035985,0.700461
523,0.0018436873747494991,0.700461,0.7174935000000001,0.7151115,0.7119695000000001,0.7063690000000002,0.7035985,0.700461
524,0.0019238476953907816,0.700461,0.7174935000000001,0.7151115,0.7118605000000001,0.7063690000000002,0.7035985,0.700461
525,0.0020040080160320644,0.700461,0.7174935000000001,0.7149344999999999,0.7118605000000001,0.7063690000000002,0.7035985,0.700461
526,0.0020841683366733467,0.700461,0.7174935000000001,0.7149344999999999,0.7118605000000001,0.7063690000000002,0.7035985,0.700461
527,0.0021643286573146295,0.700461,0.7174935000000001,0.7148399999999999,0.7118605000000001,0.7063690000000002,0.7035985,0.700461
528,0.002244488977955912,0.700461,0.7174935000000001,0.7148399999999999,0.7118605000000001,0.7063690000000002,0.7035985,0.700461
529,0.0023246492985971945,0.700461,0.7174935000000001,0.714666,0.7118605000000001,0.7063690000000002,0.7035985,0.700461
530,0.0024048096192384773,0.700461,0.7174935000000001,0.714666,0.7118605000000001,0.7063690000000002,0.7035985,0.700461
531,0.0024849699398797596,0.700461,0.7174935000000001,0.714595,0.7116605,0.7059960000000001,0.7035985,0.700461
532,0.0025651302605210423,0.700461,0.7174935000000001,0.714595,0.7116605,0.7059960000000001,0.7035985,0.700461
533,0.002645290581162325,0.700461,0.7174935000000001,0.714595,0.7116605,0.7059960000000001,0.7035985,0.700461
534,0.0027254509018036074,0.700461,0.7174935000000001,0.714595,0.7116605,0.7059960000000001,0.7035985,0.700461
535,0.00280561122244489,0.700461,0.7174935000000001,0.714595,0.7116605,0.7059960000000001,0.7035985,0.700461
536,0.0028857715430861725,0.700461,0.7174935000000001,0.714553,0.7116605,0.7059960000000001,0.7035985,0.700461
537,0.0029659318637274552,0.700461,0.7174935000000001,0.714553,0.7116605,0.7059960000000001,0.7035985,0.700461
538,0.003046092184368738,0.700461,0.7174935000000001,0.714553,0.7113670000000002,0.7059960000000001,0.7035985,0.700461
539,0.0031262525050100203,0.700461,0.7174935000000001,0.71425,0.7113430000000002,0.7059960000000001,0.7035985,0.700461
540,0.003206412825651303,0.700461,0.7174935000000001,0.71425,0.7113430000000002,0.7059960000000001,0.7035985,0.700461
541,0.0032865731462925853,0.700461,0.7174935000000001,0.71425,0.7113430000000002,0.7059960000000001,0.7035985,0.700461
542,0.003366733466933868,0.700461,0.7174935000000001,0.71425,0.7113430000000002,0.7059960000000001,0.7035985,0.700461
543,0.003446893787575151,0.700461,0.7174935000000001,0.714192,0.7113430000000002,0.7058510000000001,0.7035985,0.700461
544,0.003527054108216433,0.700461,0.7174935000000001,0.714192,0.7113430000000002,0.7058510000000001,0.7035985,0.700461
545,0.003607214428857716,0.700461,0.7174935000000001,0.714192,0.7113430000000002,0.7058510000000001,0.7035985,0.700461
546,0.0036873747494989982,0.700461,0.7174935000000001,0.714192,0.7113430000000002,0.7058510000000001,0.7035985,0.700461
547,0.003767535070140281,0.700461,0.7174935000000001,0.714135,0.7113430000000002,0.7058510000000001,0.7035985,0.700461
548,0.0038476953907815633,0.700461,0.7174935000000001,0.714135,0.7113430000000002,0.7058510000000001,0.7035985,0.700461
549,0.003927855711422846,0.700461,0.7174935000000001,0.714135,0.7113430000000002,0.7058510000000001,0.7035985,0.700461
550,0.004008016032064129,0.700461,0.7174935000000001,0.714135,0.7111130000000002,0.7058510000000001,0.7035985,0.700461
551,0.0040881763527054115,0.700461,0.7174935000000001,0.714135,0.7110790000000002,0.7058510000000001,0.7035985,0.700461
552,0.004168336673346693,0.700461,0.7174935000000001,0.714135,0.7110790000000002,0.7058510000000001,0.7035985,0.700461
553,0.004248496993987976,0.700461,0.7174935000000001,0.714135,0.7110790000000002,0.7058510000000001,0.7035985,0.700461
554,0.004328657314629259,0.700461,0.7174935000000001,0.714135,0.7109860000000002,0.7058510000000001,0.7035985,0.700461
555,0.004408817635270542,0.700461,0.7174935000000001,0.714135,0.7109860000000002,0.7058510000000001,0.7035985,0.700461
556,0.004488977955911824,0.700461,0.7174935000000001,0.714086,0.7108765000000002,0.7058510000000001,0.7035985,0.700461
557,0.004569138276553106,0.700461,0.7174935000000001,0.714086,0.7108765000000002,0.7058510000000001,0.7035985,0.700461
558,0.004649298597194389,0.700461,0.7174935000000001,0.714055,0.7108765000000002,0.7058510000000001,0.7035985,0.700461
559,0.004729458917835672,0.700461,0.7174935000000001,0.714055,0.7108540000000002,0.7058510000000001,0.7035985,0.700461
560,0.0048096192384769546,0.700461,0.7174935000000001,0.714055,0.7108540000000002,0.7057765,0.7035985,0.700461
561,0.004889779559118237,0.700461,0.7174935000000001,0.714055,0.7108540000000002,0.7057765,0.7035985,0.700461
562,0.004969939879759519,0.700461,0.7174935000000001,0.7139460000000001,0.7108215000000002,0.7057765,0.7035985,0.700461
563,0.005050100200400802,0.700461,0.7174935000000001,,0.7108215000000002,0.7055005000000001,0.7035985,0.700461
564,0.005130260521042085,0.700461,0.7174935000000001,,0.7104370000000002,0.7055005000000001,0.7035985,0.700461
565,0.005210420841683367,0.700461,0.7174935000000001,,0.7104370000000002,0.7055005000000001,0.7035985,0.700461
566,0.00529058116232465,0.700461,0.7174935000000001,,0.7104370000000002,0.7055005000000001,0.7035985,0.700461
567,0.005370741482965932,0.700461,0.7174935000000001,,0.7104370000000002,0.7055005000000001,0.7035985,0.700461
568,0.005450901803607215,0.700461,0.7174935000000001,,0.7100975,0.7055005000000001,0.7035985,0.700461
569,0.0055310621242484976,0.700461,0.7174935000000001,,0.7100975,0.7054225000000001,0.7035985,0.700461
570,0.00561122244488978,0.700461,0.7174935000000001,,0.7100975,0.7054225000000001,0.7035985,0.700461
571,0.005691382765531063,0.700461,0.7174935000000001,,0.7100975,0.7054225000000001,0.7035985,0.700461
572,0.005771543086172345,0.700461,0.7174935000000001,,0.7100975,0.7054225000000001,0.7035985,0.700461
573,0.005851703406813628,0.700461,0.7174935000000001,,0.7100975,0.7054225000000001,0.7035985,0.700461
574,0.0059318637274549104,0.700461,0.7174935000000001,,0.7100975,0.7054225000000001,0.7035985,0.700461
575,0.006012024048096193,0.700461,0.7174935000000001,,0.7100975,0.7053825000000001,0.7035985,0.700461
576,0.006092184368737476,0.700461,0.7174935000000001,,0.7100975,0.7053825000000001,0.7035985,0.700461
577,0.006172344689378758,0.700461,0.7174935000000001,,0.7100975,0.7053825000000001,0.7028015,0.700461
578,0.006252505010020041,0.700461,0.7174935000000001,,0.7100975,0.7053825000000001,0.7028015,0.700461
579,0.006332665330661323,0.700461,0.7174935000000001,,0.7100530000000002,0.7053825000000001,0.7028015,0.700461
580,0.006412825651302606,0.700461,0.7174935000000001,,0.7100530000000002,0.7053825000000001,0.7028015,0.700461
581,0.006492985971943889,0.700461,0.7174935000000001,,0.7100530000000002,0.7053825000000001,0.7028015,0.700461
582,0.006573146292585171,0.700461,0.7174935000000001,,0.7100530000000002,0.7053825000000001,0.7028015,0.700461
583,0.0066533066132264534,0.700461,0.7174935000000001,,0.7100530000000002,0.7053825000000001,0.7028015,0.700461
584,0.006733466933867736,0.700461,0.7174935000000001,,0.7100530000000002,0.7053825000000001,0.7028015,0.700461
585,0.006813627254509019,0.700461,0.7174935000000001,,0.7100530000000002,0.7053825000000001,0.7028015,0.700461
586,0.006893787575150302,0.700461,0.7174935000000001,,0.7100530000000002,0.7053825000000001,0.7028015,0.700461
587,0.006973947895791584,0.700461,0.7174935000000001,,0.7100530000000002,0.7053825000000001,0.7028015,0.700461
588,0.007054108216432866,0.700461,0.7174935000000001,,0.7100530000000002,0.7053825000000001,0.7028015,0.700461
589,0.007134268537074149,0.700461,0.7174935000000001,,0.7100530000000002,0.7053825000000001,0.7028015,0.700461
590,0.007214428857715432,0.700461,0.7174935000000001,,0.7100530000000002,0.7053825000000001,0.7028015,0.700461
591,0.007294589178356715,0.700461,0.7174935000000001,,0.7100530000000002,0.7053825000000001,0.7028015,0.700461
592,0.0073747494989979965,0.700461,0.7174935000000001,,0.7100530000000002,0.7053825000000001,0.7028015,0.700461
593,0.007454909819639279,0.700461,0.7174935000000001,,0.7100530000000002,0.7053825000000001,0.7028015,0.700461
594,0.007535070140280562,0.700461,0.7174935000000001,,0.7100530000000002,0.705166,0.7028015,0.700461
595,0.007615230460921845,0.700461,0.7174935000000001,,0.7097670000000001,0.705166,0.7028015,0.700461
596,0.007695390781563127,0.700461,0.7174935000000001,,0.7097670000000001,0.705166,0.7028015,0.700461
597,0.007775551102204409,0.700461,0.7174935000000001,,0.7097670000000001,0.705166,0.7028015,0.700461
598,0.007855711422845692,0.700461,0.7174935000000001,,0.7097670000000001,0.705166,0.7028015,0.700461
599,0.007935871743486974,0.700461,0.7174935000000001,,0.7097670000000001,0.705166,0.7028015,0.700461
600,0.008016032064128258,0.700461,0.7174935000000001,,0.7097670000000001,0.705166,0.7028015,0.700461
601,0.00809619238476954,0.700461,0.7174935000000001,,0.7097670000000001,0.705166,0.7028015,0.700461
602,0.008176352705410823,0.700461,0.7174935000000001,,0.7097670000000001,0.705166,0.7028015,0.700461
603,0.008256513026052105,0.700461,0.7174935000000001,,0.7097670000000001,0.705166,0.7028015,0.700461
604,0.008336673346693387,0.700461,0.7174935000000001,,0.7097670000000001,0.705166,0.7028015,0.700461
605,0.00841683366733467,0.700461,0.7174935000000001,,0.7097670000000001,0.705166,0.7028015,0.700461
606,0.008496993987975952,0.700461,0.7174935000000001,,0.7097670000000001,0.705166,0.7028015,0.700461
607,0.008577154308617236,0.700461,0.7174935000000001,,0.7097670000000001,0.7050565000000001,0.7028015,0.700461
608,0.008657314629258518,0.700461,0.7174935000000001,,0.7097670000000001,0.7050565000000001,0.7028015,0.700461
609,0.0087374749498998,0.700461,0.7174935000000001,,0.7097670000000001,0.7050565000000001,0.7028015,0.700461
610,0.008817635270541083,0.700461,0.7174935000000001,,0.7096285000000002,0.7050565000000001,0.7028015,0.700461
611,0.008897795591182365,0.700461,0.7174935000000001,,0.7096285000000002,0.7050565000000001,0.7028015,0.700461
612,0.008977955911823649,0.700461,0.7174935000000001,,0.7093955000000001,0.7050565000000001,0.7028015,0.700461
613,0.00905811623246493,0.700461,0.7174935000000001,,0.7093445,0.7050565000000001,0.7028015,0.700461
614,0.009138276553106213,0.700461,0.7174935000000001,,0.7093445,0.7050045,0.7028015,0.700461
615,0.009218436873747496,0.700461,0.7174935000000001,,0.7093445,0.7050045,0.7028015,0.700461
616,0.009298597194388778,0.700461,0.7174935000000001,,0.7093445,0.7050045,0.7028015,0.700461
617,0.009378757515030062,0.700461,0.7174935000000001,,0.7093445,0.7050045,0.7028015,0.700461
618,0.009458917835671344,0.700461,0.7174935000000001,,0.7093445,0.7050045,0.7028015,0.700461
619,0.009539078156312625,0.700461,0.7174935000000001,,0.7093445,0.7050045,0.7028015,0.700461
620,0.009619238476953909,0.700461,0.7174935000000001,,0.709227,0.7050045,0.7028015,0.700461
621,0.009699398797595191,0.700461,0.7174935000000001,,0.7089820000000001,0.7050045,0.7028015,0.700461
622,0.009779559118236475,0.700461,0.7174935000000001,,0.7079485000000001,0.704959,0.7028015,0.700461
623,0.009859719438877756,0.700461,0.7174935000000001,,0.7079485000000001,0.704959,0.7028015,0.700461
624,0.009939879759519038,0.700461,0.7174935000000001,,0.7077775000000002,0.704959,0.7028015,0.700461
625,0.010020040080160322,0.700461,0.7174935000000001,,,0.704959,0.7028015,0.700461
626,0.010100200400801604,0.700461,0.7174935000000001,,,0.704959,0.7028015,0.700461
627,0.010180360721442887,0.700461,0.7174935000000001,,,0.704959,0.7028015,0.700461
628,0.01026052104208417,0.700461,0.7174935000000001,,,0.704959,0.7028015,0.700461
629,0.010340681362725451,0.700461,0.7174935000000001,,,0.704959,0.7028015,0.700461
630,0.010420841683366735,0.700461,0.7174935000000001,,,0.704959,0.7028015,0.700461
631,0.010501002004008017,0.700461,0.7174935000000001,,,0.704959,0.7028015,0.700461
632,0.0105811623246493,0.700461,0.7174935000000001,,,0.704959,0.7028015,0.700461
633,0.010661322645290582,0.700461,0.7174935000000001,,,0.704959,0.7028015,0.700461
634,0.010741482965931864,0.700461,0.7174935000000001,,,0.704959,0.7028015,0.700461
635,0.010821643286573148,0.700461,0.7174935000000001,,,0.704959,0.7028015,0.700461
636,0.01090180360721443,0.700461,0.7174935000000001,,,0.704959,0.7028015,0.700461
637,0.010981963927855713,0.700461,0.7174935000000001,,,0.704959,0.7028015,0.700461
638,0.011062124248496995,0.700461,0.7174935000000001,,,0.704959,0.7028015,0.700461
639,0.011142284569138277,0.700461,0.7174935000000001,,,0.704959,0.7028015,0.700461
640,0.01122244488977956,0.700461,0.7174935000000001,,,0.704959,0.7028015,0.700461
641,0.011302605210420842,0.700461,0.7174935000000001,,,0.704959,0.7028015,0.700461
642,0.011382765531062126,0.700461,0.7174935000000001,,,0.704315,0.7028015,0.700461
643,0.011462925851703408,0.700461,0.7174935000000001,,,0.704315,0.7028015,0.700461
644,0.01154308617234469,0.700461,0.7174935000000001,,,0.704315,0.7028015,0.700461
645,0.011623246492985973,0.700461,0.7174935000000001,,,0.704315,0.7028015,0.700461
646,0.011703406813627255,0.700461,0.7174935000000001,,,0.704315,0.7028015,0.700461
647,0.011783567134268539,0.700461,0.7174935000000001,,,0.704315,0.7028015,0.700461
648,0.011863727454909821,0.700461,0.7174935000000001,,,0.704315,0.7028015,0.700461
649,0.011943887775551103,0.700461,0.7174935000000001,,,0.704315,0.7028015,0.700461
650,0.012024048096192386,0.700461,0.7174935000000001,,,0.704315,0.7028015,0.700461
651,0.012104208416833668,0.700461,0.7174935000000001,,,0.704315,0.7028015,0.700461
652,0.012184368737474952,0.700461,0.7174935000000001,,,0.704315,0.7028015,0.700461
653,0.012264529058116234,0.700461,0.7174935000000001,,,0.704315,0.7028015,0.700461
654,0.012344689378757516,0.700461,0.7174935000000001,,,0.704315,0.7023754999999999,0.700461
655,0.0124248496993988,0.700461,0.7174935000000001,,,0.704315,0.7023754999999999,0.700461
656,0.012505010020040081,0.700461,0.7174935000000001,,,0.704315,0.7023754999999999,0.700461
657,0.012585170340681365,0.700461,0.7174935000000001,,,0.704315,0.7023634999999999,0.700461
658,0.012665330661322647,0.700461,0.7174935000000001,,,0.704315,0.7023634999999999,0.700461
659,0.012745490981963929,0.700461,0.7174935000000001,,,0.704315,0.7023634999999999,0.700461
660,0.012825651302605212,0.700461,0.7174935000000001,,,0.704315,0.7023634999999999,0.700461
661,0.012905811623246494,0.700461,0.7174935000000001,,,0.704315,0.7023634999999999,0.700461
662,0.012985971943887778,0.700461,0.7174935000000001,,,0.704315,0.7023634999999999,0.700461
663,0.01306613226452906,0.700461,0.7174935000000001,,,0.704315,0.7023634999999999,0.700461
664,0.013146292585170341,0.700461,0.7174935000000001,,,0.704315,0.7023634999999999,0.700461
665,0.013226452905811625,0.700461,0.7174935000000001,,,0.704315,0.7023634999999999,0.700461
666,0.013306613226452907,0.700461,0.7174935000000001,,,0.704315,0.7023634999999999,0.700461
667,0.01338677354709419,0.700461,0.7174935000000001,,,0.704315,0.7023634999999999,0.700461
668,0.013466933867735472,0.700461,0.7174935000000001,,,0.704315,0.7023634999999999,0.700461
669,0.013547094188376754,0.700461,0.7174935000000001,,,0.704315,0.7023634999999999,0.700461
670,0.013627254509018038,0.700461,0.7174935000000001,,,0.704315,0.7023634999999999,0.700461
671,0.01370741482965932,0.700461,0.7174935000000001,,,0.704315,0.7023634999999999,0.700461
672,0.013787575150300603,0.700461,0.7174935000000001,,,0.704315,0.7023634999999999,0.700461
673,0.013867735470941885,0.700461,0.7174935000000001,,,0.704315,0.7023634999999999,0.700461
674,0.013947895791583167,0.700461,0.7174935000000001,,,0.704315,0.7023634999999999,0.700461
675,0.01402805611222445,0.700461,0.7174935000000001,,,0.704315,0.7023634999999999,0.700461
676,0.014108216432865733,0.700461,0.7174935000000001,,,0.704315,0.7023634999999999,0.700461
677,0.014188376753507016,0.700461,0.7174935000000001,,,0.704315,0.7023634999999999,0.700461
678,0.014268537074148298,0.700461,0.7174935000000001,,,0.704315,0.7023634999999999,0.700461
679,0.01434869739478958,0.700461,0.7174935000000001,,,0.704315,0.7023634999999999,0.700461
680,0.014428857715430864,0.700461,0.7174935000000001,,,0.704315,0.7023634999999999,0.700461
681,0.014509018036072146,0.700461,0.7174935000000001,,,0.704315,0.7023634999999999,0.700461
682,0.01458917835671343,0.700461,0.7174935000000001,,,0.704315,0.7023634999999999,0.700461
683,0.014669338677354711,0.700461,0.7174935000000001,,,0.704315,0.7023634999999999,0.700461
684,0.014749498997995993,0.700461,0.7174935000000001,,,0.704315,0.7023634999999999,0.700461
685,0.014829659318637277,0.700461,0.7174935000000001,,,0.704315,0.7023634999999999,0.700461
686,0.014909819639278558,0.700461,0.7174935000000001,,,0.704315,0.7023634999999999,0.700461
687,0.014989979959919842,0.700461,0.7174935000000001,,,0.704315,0.7023634999999999,0.700461
688,0.015070140280561124,0.700461,0.7174935000000001,,,0.704315,0.7023634999999999,0.700461
689,0.015150300601202406,0.700461,0.7174935000000001,,,0.704315,0.7023634999999999,0.700461
690,0.01523046092184369,0.700461,0.7174935000000001,,,0.704315,0.7023634999999999,0.700461
691,0.015310621242484971,0.700461,0.7174935000000001,,,0.704315,0.7023634999999999,0.700461
692,0.015390781563126253,0.700461,0.7174935000000001,,,0.704315,0.7023634999999999,0.700461
693,0.015470941883767537,0.700461,0.7174935000000001,,,0.704315,0.7021654999999999,0.700461
694,0.015551102204408819,0.700461,0.7174935000000001,,,0.704315,0.7021654999999999,0.700461
695,0.0156312625250501,0.700461,0.7174935000000001,,,0.704315,0.7021654999999999,0.700461
696,0.015711422845691384,0.700461,0.7174935000000001,,,0.704315,0.7021654999999999,0.700461
697,0.015791583166332668,0.700461,0.7174935000000001,,,0.704315,0.7021654999999999,0.700461
698,0.015871743486973948,0.700461,0.7174935000000001,,,0.704315,0.7021654999999999,0.700461
699,0.01595190380761523,0.700461,0.7174935000000001,,,0.704315,0.7021654999999999,0.700461
700,0.016032064128256515,0.700461,0.7174935000000001,,,0.704315,0.7021654999999999,0.700461
701,0.0161122244488978,0.700461,0.7174935000000001,,,0.704315,0.7021654999999999,0.700461
702,0.01619238476953908,0.700461,0.7174935000000001,,,0.704315,0.7021654999999999,0.700461
703,0.016272545090180363,0.700461,0.7174935000000001,,,0.704315,0.7021654999999999,0.700461
704,0.016352705410821646,0.700461,0.7174935000000001,,,0.704315,0.7021654999999999,0.700461
705,0.016432865731462926,0.700461,0.7174935000000001,,,0.704315,0.7021654999999999,0.700461
706,0.01651302605210421,0.700461,0.7174935000000001,,,0.704315,0.7021654999999999,0.700461
707,0.016593186372745494,0.700461,0.7174935000000001,,,0.7031195,0.7021654999999999,0.700461
708,0.016673346693386774,0.700461,0.7174935000000001,,,0.7031195,0.7021654999999999,0.700461
709,0.016753507014028057,0.700461,0.7174935000000001,,,0.7031195,0.7021654999999999,0.700461
710,0.01683366733466934,0.700461,0.7174935000000001,,,0.7031195,0.7021654999999999,0.700461
711,0.016913827655310625,0.700461,0.7174935000000001,,,0.7031195,0.7021654999999999,0.700461
712,0.016993987975951905,0.700461,0.7174935000000001,,,0.7031195,0.7021654999999999,0.700461
713,0.01707414829659319,0.700461,0.7174935000000001,,,0.7031195,0.7021654999999999,0.700461
714,0.017154308617234472,0.700461,0.7174935000000001,,,0.7031195,0.7021654999999999,0.700461
715,0.017234468937875752,0.700461,0.7174935000000001,,,0.7031195,0.7021654999999999,0.700461
716,0.017314629258517036,0.700461,0.7174935000000001,,,0.7031195,0.7016444999999999,0.700461
717,0.01739478957915832,0.700461,0.7174935000000001,,,0.7031195,0.7016444999999999,0.700461
718,0.0174749498997996,0.700461,0.7174935000000001,,,0.7031195,0.7016444999999999,0.700461
719,0.017555110220440883,0.700461,0.7174935000000001,,,0.7031195,0.7016444999999999,0.700461
720,0.017635270541082167,0.700461,0.7174935000000001,,,0.7031195,0.7016444999999999,0.700461
721,0.01771543086172345,0.700461,0.7174935000000001,,,0.7031195,0.7016444999999999,0.700461
722,0.01779559118236473,0.700461,0.7174935000000001,,,0.7031195,0.7016444999999999,0.700461
723,0.017875751503006014,0.700461,0.7174935000000001,,,0.7031195,0.7016444999999999,0.700461
724,0.017955911823647298,0.700461,0.7174935000000001,,,0.7031195,0.7016444999999999,0.700461
725,0.018036072144288578,0.700461,0.7174935000000001,,,0.7031195,0.7014704999999999,0.700461
726,0.01811623246492986,0.700461,0.7174935000000001,,,0.7031195,0.7014704999999999,0.700461
727,0.018196392785571145,0.700461,0.7174935000000001,,,0.7031195,0.7014704999999999,0.700461
728,0.018276553106212425,0.700461,0.7174935000000001,,,0.7031195,0.7014704999999999,0.700461
729,0.01835671342685371,0.700461,0.7174935000000001,,,0.7031195,0.7014704999999999,0.700461
730,0.018436873747494992,0.700461,0.7174935000000001,,,0.7031195,0.7014704999999999,0.700461
731,0.018517034068136276,0.700461,0.7174935000000001,,,0.7031195,0.7014704999999999,0.700461
732,0.018597194388777556,0.700461,0.7174935000000001,,,0.7031195,0.7014704999999999,0.700461
733,0.01867735470941884,0.700461,0.7174935000000001,,,0.7031195,0.7014704999999999,0.700461
734,0.018757515030060123,0.700461,0.7174935000000001,,,0.7031195,0.7014704999999999,0.700461
735,0.018837675350701404,0.700461,0.7174935000000001,,,0.7031195,0.7014704999999999,0.700461
736,0.018917835671342687,0.700461,0.7174935000000001,,,0.7031195,0.7014704999999999,0.700461
737,0.01899799599198397,0.700461,0.7174935000000001,,,0.7031195,0.7014704999999999,0.700461
738,0.01907815631262525,0.700461,0.7174935000000001,,,0.7031195,0.7014704999999999,0.700461
739,0.019158316633266535,0.700461,0.7174935000000001,,,0.7031195,0.7014704999999999,0.700461
740,0.019238476953907818,0.700461,0.7174935000000001,,,0.7031195,0.7014704999999999,0.700461
741,0.019318637274549102,0.700461,0.7174935000000001,,,0.7031195,0.7014704999999999,0.700461
742,0.019398797595190382,0.700461,0.7174935000000001,,,0.7031195,0.7014704999999999,0.700461
743,0.019478957915831666,0.700461,0.7174935000000001,,,0.7031195,0.7014704999999999,0.700461
744,0.01955911823647295,0.700461,0.7174935000000001,,,0.7031195,0.7014704999999999,0.700461
745,0.01963927855711423,0.700461,0.7174935000000001,,,0.7031195,0.7014704999999999,0.700461
746,0.019719438877755513,0.700461,0.7174935000000001,,,0.7031195,0.7014704999999999,0.700461
747,0.019799599198396797,0.700461,0.7174935000000001,,,0.7031195,0.7014704999999999,0.700461
748,0.019879759519038077,0.700461,0.7174935000000001,,,0.7031195,0.7014704999999999,0.700461
749,0.01995991983967936,0.700461,0.7174935000000001,,,0.7031195,0.7013365,0.700461
750,0.020040080160320644,0.700461,0.7174935000000001,,,,0.7013365,0.700461
751,0.020120240480961928,0.700461,0.7174935000000001,,,,0.7013365,0.700461
752,0.020200400801603208,0.700461,0.7174935000000001,,,,0.7013365,0.700461
753,0.02028056112224449,0.700461,0.7174935000000001,,,,0.7013365,0.700461
754,0.020360721442885775,0.700461,0.7174935000000001,,,,0.7013365,0.700461
755,0.020440881763527055,0.700461,0.7174935000000001,,,,0.7013365,0.700461
756,0.02052104208416834,0.700461,0.7174935000000001,,,,0.7013365,0.700461
757,0.020601202404809622,0.700461,0.7174935000000001,,,,0.7013365,0.700461
758,0.020681362725450902,0.700461,0.7174935000000001,,,,0.7013365,0.700461
759,0.020761523046092186,0.700461,0.7174935000000001,,,,0.7013365,0.700461
760,0.02084168336673347,0.700461,0.7174935000000001,,,,0.7013365,0.700461
761,0.02092184368737475,0.700461,0.7174935000000001,,,,0.7013365,0.700461
762,0.021002004008016033,0.700461,0.7174935000000001,,,,0.7013365,0.700461
763,0.021082164328657317,0.700461,0.7174935000000001,,,,0.7013365,0.700461
764,0.0211623246492986,0.700461,0.7174935000000001,,,,0.7013365,0.700461
765,0.02124248496993988,0.700461,0.7174935000000001,,,,0.7013365,0.700461
766,0.021322645290581164,0.700461,0.7174935000000001,,,,0.7013365,0.700461
767,0.021402805611222448,0.700461,0.7174935000000001,,,,0.7013365,0.700461
768,0.021482965931863728,0.700461,0.7174935000000001,,,,0.7013365,0.700461
769,0.021563126252505012,0.700461,0.7174935000000001,,,,0.7013365,0.700461
770,0.021643286573146295,0.700461,0.7174935000000001,,,,0.7013365,0.700461
771,0.021723446893787576,0.700461,0.7174935000000001,,,,0.7013365,0.700461
772,0.02180360721442886,0.700461,0.7174935000000001,,,,0.7013365,0.700461
773,0.021883767535070143,0.700461,0.7174935000000001,,,,0.7013365,0.700461
774,0.021963927855711426,0.700461,0.7174935000000001,,,,0.7013365,0.700461
775,0.022044088176352707,0.700461,0.7174935000000001,,,,0.7011974999999999,0.700461
776,0.02212424849699399,0.700461,0.7174935000000001,,,,0.7011974999999999,0.700461
777,0.022204408817635274,0.700461,0.7174935000000001,,,,0.7011974999999999,0.700461
778,0.022284569138276554,0.700461,0.7174935000000001,,,,0.7011974999999999,0.700461
779,0.022364729458917838,0.700461,0.7174935000000001,,,,0.7011974999999999,0.700461
780,0.02244488977955912,0.700461,0.7174935000000001,,,,0.7011974999999999,0.700461
781,0.0225250501002004,0.700461,0.7174935000000001,,,,0.7011974999999999,0.700461
782,0.022605210420841685,0.700461,0.7174935000000001,,,,0.701033,0.700461
783,0.02268537074148297,0.700461,0.7174935000000001,,,,0.701033,0.700461
784,0.022765531062124252,0.700461,0.7174935000000001,,,,0.701033,0.700461
785,0.022845691382765532,0.700461,0.7174935000000001,,,,0.701033,0.700461
786,0.022925851703406816,0.700461,0.7174935000000001,,,,0.701033,0.700461
787,0.0230060120240481,0.700461,0.7174935000000001,,,,0.701033,0.700461
788,0.02308617234468938,0.700461,0.7174935000000001,,,,0.701033,0.700461
789,0.023166332665330663,0.700461,0.7174935000000001,,,,0.701033,0.700461
790,0.023246492985971947,0.700461,0.7174935000000001,,,,0.701033,0.700461
791,0.023326653306613227,0.700461,0.7174935000000001,,,,0.701033,0.700461
792,0.02340681362725451,0.700461,0.7174935000000001,,,,0.701033,0.700461
793,0.023486973947895794,0.700461,0.7174935000000001,,,,0.701033,0.700461
794,0.023567134268537078,0.700461,0.7174935000000001,,,,0.701033,0.700461
795,0.023647294589178358,0.700461,0.7174935000000001,,,,0.701033,0.700461
796,0.023727454909819642,0.700461,0.7174935000000001,,,,0.701033,0.700461
797,0.023807615230460925,0.700461,0.7174935000000001,,,,0.701033,0.700461
798,0.023887775551102206,0.700461,0.7174935000000001,,,,0.701033,0.700461
799,0.02396793587174349,0.700461,0.7174935000000001,,,,0.701033,0.700461
800,0.024048096192384773,0.700461,0.7174935000000001,,,,0.701033,0.700461
801,0.024128256513026053,0.700461,0.7174935000000001,,,,0.701033,0.700461
802,0.024208416833667337,0.700461,0.7174935000000001,,,,0.701033,0.700461
803,0.02428857715430862,0.700461,0.7174935000000001,,,,0.701033,0.700461
804,0.024368737474949904,0.700461,0.7174935000000001,,,,0.701033,0.700461
805,0.024448897795591184,0.700461,0.7174935000000001,,,,0.701033,0.700461
806,0.024529058116232468,0.700461,0.7174935000000001,,,,0.701033,0.700461
807,0.02460921843687375,0.700461,0.7174935000000001,,,,0.701033,0.700461
808,0.02468937875751503,0.700461,0.7174935000000001,,,,0.701033,0.700461
809,0.024769539078156315,0.700461,0.7174935000000001,,,,0.701033,0.700461
810,0.0248496993987976,0.700461,0.7174935000000001,,,,0.701033,0.700461
811,0.02492985971943888,0.700461,0.7174935000000001,,,,0.701033,0.700461
812,0.025010020040080162,0.700461,0.7174935000000001,,,,0.701033,0.700461
813,0.025090180360721446,0.700461,0.7174935000000001,,,,0.701033,0.700461
814,0.02517034068136273,0.700461,0.7174935000000001,,,,0.701033,0.700461
815,0.02525050100200401,0.700461,0.7174935000000001,,,,0.701033,0.700461
816,0.025330661322645293,0.700461,0.7174935000000001,,,,0.701033,0.700461
817,0.025410821643286577,0.700461,0.7174935000000001,,,,0.701033,0.700461
818,0.025490981963927857,0.700461,0.7174935000000001,,,,0.701033,0.700461
819,0.02557114228456914,0.700461,0.7174935000000001,,,,0.701033,0.700461
820,0.025651302605210424,0.700461,0.7174935000000001,,,,0.701033,0.700461
821,0.025731462925851704,0.700461,0.7174935000000001,,,,0.701033,0.700461
822,0.025811623246492988,0.700461,0.7174935000000001,,,,0.701033,0.700461
823,0.02589178356713427,0.700461,0.7174935000000001,,,,0.701033,0.700461
824,0.025971943887775555,0.700461,0.7174935000000001,,,,0.701033,0.700461
825,0.026052104208416835,0.700461,0.7174935000000001,,,,0.701033,0.700461
826,0.02613226452905812,0.700461,0.7174935000000001,,,,0.701033,0.700461
827,0.026212424849699403,0.700461,0.7174935000000001,,,,0.701033,0.700461
828,0.026292585170340683,0.700461,0.7174935000000001,,,,0.701033,0.700461
829,0.026372745490981966,0.700461,0.7174935000000001,,,,0.701033,0.700461
830,0.02645290581162325,0.700461,0.7174935000000001,,,,0.701033,0.700461
831,0.02653306613226453,0.700461,0.7174935000000001,,,,0.701033,0.700461
832,0.026613226452905814,0.700461,0.7174935000000001,,,,0.701033,0.700461
833,0.026693386773547097,0.700461,0.7174935000000001,,,,0.701033,0.700461
834,0.02677354709418838,0.700461,0.7174935000000001,,,,0.701033,0.700461
835,0.02685370741482966,0.700461,0.7174935000000001,,,,0.701033,0.700461
836,0.026933867735470945,0.700461,0.7174935000000001,,,,0.701033,0.700461
837,0.02701402805611223,0.700461,0.7174935000000001,,,,0.701033,0.700461
838,0.02709418837675351,0.700461,0.7174935000000001,,,,0.701033,0.700461
839,0.027174348697394792,0.700461,0.7174935000000001,,,,0.701033,0.700461
840,0.027254509018036076,0.700461,0.7174935000000001,,,,0.701033,0.700461
841,0.027334669338677356,0.700461,0.7174935000000001,,,,0.701033,0.700461
842,0.02741482965931864,0.700461,0.7174935000000001,,,,0.701033,0.700461
843,0.027494989979959923,0.700461,0.7174935000000001,,,,0.701033,0.700461
844,0.027575150300601207,0.700461,0.7174935000000001,,,,0.701033,0.700461
845,0.027655310621242487,0.700461,0.7174935000000001,,,,0.701033,0.700461
846,0.02773547094188377,0.700461,0.7174935000000001,,,,0.701033,0.700461
847,0.027815631262525054,0.700461,0.7174935000000001,,,,0.701033,0.700461
848,0.027895791583166334,0.700461,0.7174935000000001,,,,0.701033,0.700461
849,0.027975951903807618,0.700461,0.7174935000000001,,,,0.701033,0.700461
850,0.0280561122244489,0.700461,0.7174935000000001,,,,0.701033,0.700461
851,0.02813627254509018,0.700461,0.7174935000000001,,,,0.701033,0.700461
852,0.028216432865731465,0.700461,0.7174935000000001,,,,0.701033,0.700461
853,0.02829659318637275,0.700461,0.7174935000000001,,,,0.701033,0.700461
854,0.028376753507014033,0.700461,0.7174935000000001,,,,0.701033,0.700461
855,0.028456913827655313,0.700461,0.7174935000000001,,,,0.701033,0.700461
856,0.028537074148296596,0.700461,0.7174935000000001,,,,0.701033,0.700461
857,0.02861723446893788,0.700461,0.7174935000000001,,,,0.701033,0.700461
858,0.02869739478957916,0.700461,0.7174935000000001,,,,0.701033,0.700461
859,0.028777555110220444,0.700461,0.7174935000000001,,,,0.701033,0.700461
860,0.028857715430861727,0.700461,0.7174935000000001,,,,0.701033,0.700461
861,0.028937875751503007,0.700461,0.7174935000000001,,,,0.7005739999999999,0.700461
862,0.02901803607214429,0.700461,0.7174935000000001,,,,0.7005739999999999,0.700461
863,0.029098196392785575,0.700461,0.7174935000000001,,,,0.7005739999999999,0.700461
864,0.02917835671342686,0.700461,0.7174935000000001,,,,0.7005739999999999,0.700461
865,0.02925851703406814,0.700461,0.7174935000000001,,,,0.7005739999999999,0.700461
866,0.029338677354709422,0.700461,0.7174935000000001,,,,0.7005739999999999,0.700461
867,0.029418837675350706,0.700461,0.7174935000000001,,,,0.7005739999999999,0.700461
868,0.029498997995991986,0.700461,0.7174935000000001,,,,0.7005739999999999,0.700461
869,0.02957915831663327,0.700461,0.7174935000000001,,,,0.7005739999999999,0.700461
870,0.029659318637274553,0.700461,0.7174935000000001,,,,0.7005739999999999,0.700461
871,0.029739478957915833,0.700461,0.7174935000000001,,,,0.7005739999999999,0.700461
872,0.029819639278557117,0.700461,0.7174935000000001,,,,0.7005739999999999,0.700461
873,0.0298997995991984,0.700461,0.7174935000000001,,,,0.7005739999999999,0.700461
874,0.029979959919839684,0.700461,0.7174935000000001,,,,0.7005060000000001,0.700461
875,0.030060120240480964,0.700461,0.7174935000000001,,,,,0.700461
876,0.030140280561122248,0.700461,0.7174935000000001,,,,,0.700461
877,0.03022044088176353,0.700461,0.7174935000000001,,,,,0.700461
878,0.03030060120240481,0.700461,0.7174935000000001,,,,,0.700461
879,0.030380761523046095,0.700461,0.7174935000000001,,,,,0.700461
880,0.03046092184368738,0.700461,0.7174935000000001,,,,,0.700461
881,0.03054108216432866,0.700461,0.7174935000000001,,,,,0.700461
882,0.030621242484969943,0.700461,0.7174935000000001,,,,,0.700461
883,0.030701402805611226,0.700461,0.7174935000000001,,,,,0.700461
884,0.030781563126252506,0.700461,0.7174935000000001,,,,,0.700461
885,0.03086172344689379,0.700461,0.7174935000000001,,,,,0.700461
886,0.030941883767535074,0.700461,0.7174935000000001,,,,,0.700461
887,0.031022044088176357,0.700461,0.7174935000000001,,,,,0.700461
888,0.031102204408817637,0.700461,0.7174935000000001,,,,,0.700461
889,0.03118236472945892,0.700461,0.7174935000000001,,,,,0.700461
890,0.0312625250501002,0.700461,0.7174935000000001,,,,,0.700461
891,0.03134268537074149,0.700461,0.7174935000000001,,,,,0.700461
892,0.03142284569138277,0.700461,0.7174935000000001,,,,,0.700461
893,0.03150300601202405,0.700461,0.7174935000000001,,,,,0.700461
894,0.031583166332665336,0.700461,0.7174935000000001,,,,,0.700461
895,0.031663326653306616,0.700461,0.7174935000000001,,,,,0.700461
896,0.031743486973947896,0.700461,0.7174935000000001,,,,,0.700461
897,0.03182364729458918,0.700461,0.7174935000000001,,,,,0.700461
898,0.03190380761523046,0.700461,0.7174935000000001,,,,,0.700461
899,0.03198396793587174,0.700461,0.7174935000000001,,,,,0.700461
900,0.03206412825651303,0.700461,0.7174935000000001,,,,,0.700461
901,0.03214428857715431,0.700461,0.7174935000000001,,,,,0.700461
902,0.0322244488977956,0.700461,0.7174935000000001,,,,,0.700461
903,0.03230460921843688,0.700461,0.7174935000000001,,,,,0.700461
904,0.03238476953907816,0.700461,0.7174935000000001,,,,,0.700461
905,0.032464929859719445,0.700461,0.7174935000000001,,,,,0.700461
906,0.032545090180360725,0.700461,0.7174935000000001,,,,,0.700461
907,0.032625250501002005,0.700461,0.7174935000000001,,,,,0.700461
908,0.03270541082164329,0.700461,0.7174935000000001,,,,,0.700461
909,0.03278557114228457,0.700461,0.7174935000000001,,,,,0.700461
910,0.03286573146292585,0.700461,0.7174935000000001,,,,,0.700461
911,0.03294589178356714,0.700461,0.7174935000000001,,,,,0.700461
912,0.03302605210420842,0.700461,0.7174935000000001,,,,,0.700461
913,0.0331062124248497,0.700461,0.7174935000000001,,,,,0.700461
914,0.03318637274549099,0.700461,0.7174935000000001,,,,,0.700461
915,0.03326653306613227,0.700461,0.7174935000000001,,,,,0.700461
916,0.03334669338677355,0.700461,0.7174935000000001,,,,,0.700461
917,0.033426853707414834,0.700461,0.7174935000000001,,,,,0.700461
918,0.033507014028056115,0.700461,0.7174935000000001,,,,,0.700461
919,0.033587174348697395,0.700461,0.7174935000000001,,,,,0.700461
920,0.03366733466933868,0.700461,0.7174935000000001,,,,,0.700461
921,0.03374749498997996,0.700461,0.7174935000000001,,,,,0.700461
922,0.03382765531062125,0.700461,0.7174935000000001,,,,,0.700461
923,0.03390781563126253,0.700461,0.7174935000000001,,,,,0.700461
924,0.03398797595190381,0.700461,0.7174935000000001,,,,,0.700461
925,0.034068136272545096,0.700461,0.7174935000000001,,,,,0.700461
926,0.03414829659318638,0.700461,0.7174935000000001,,,,,0.700461
927,0.03422845691382766,0.700461,0.7174935000000001,,,,,0.700461
928,0.034308617234468944,0.700461,0.7174935000000001,,,,,0.700461
929,0.034388777555110224,0.700461,0.7174935000000001,,,,,0.700461
930,0.034468937875751504,0.700461,0.7174935000000001,,,,,0.700461
931,0.03454909819639279,0.700461,0.7174935000000001,,,,,0.700461
932,0.03462925851703407,0.700461,0.7174935000000001,,,,,0.700461
933,0.03470941883767535,0.700461,0.7174935000000001,,,,,0.700461
934,0.03478957915831664,0.700461,0.7174935000000001,,,,,0.700461
935,0.03486973947895792,0.700461,0.7174935000000001,,,,,0.700461
936,0.0349498997995992,0.700461,0.7174935000000001,,,,,0.700461
937,0.035030060120240486,0.700461,0.7174935000000001,,,,,0.700461
938,0.035110220440881766,0.700461,0.7174935000000001,,,,,0.700461
939,0.035190380761523046,0.700461,0.7174935000000001,,,,,0.700461
940,0.03527054108216433,0.700461,0.7174935000000001,,,,,0.700461
941,0.035350701402805614,0.700461,0.7174935000000001,,,,,0.700461
942,0.0354308617234469,0.700461,0.7174935000000001,,,,,0.700461
943,0.03551102204408818,0.700461,0.7174935000000001,,,,,0.700461
944,0.03559118236472946,0.700461,0.7174935000000001,,,,,0.700461
945,0.03567134268537075,0.700461,0.7174935000000001,,,,,0.700461
946,0.03575150300601203,0.700461,0.7174935000000001,,,,,0.700461
947,0.03583166332665331,0.700461,0.7174935000000001,,,,,0.700461
948,0.035911823647294595,0.700461,0.7174935000000001,,,,,0.700461
949,0.035991983967935876,0.700461,0.7174935000000001,,,,,0.700461
950,0.036072144288577156,0.700461,0.7174935000000001,,,,,0.700461
951,0.03615230460921844,0.700461,0.7174935000000001,,,,,0.700461
952,0.03623246492985972,0.700461,0.7174935000000001,,,,,0.700461
953,0.036312625250501,0.700461,0.7174935000000001,,,,,0.700461
954,0.03639278557114229,0.700461,0.7174935000000001,,,,,0.700461
955,0.03647294589178357,0.700461,0.7174935000000001,,,,,0.700461
956,0.03655310621242485,0.700461,0.7174935000000001,,,,,0.700461
957,0.03663326653306614,0.700461,0.7174935000000001,,,,,0.700461
958,0.03671342685370742,0.700461,0.7174935000000001,,,,,0.700461
959,0.0367935871743487,0.700461,0.7174935000000001,,,,,0.700461
960,0.036873747494989985,0.700461,0.7174935000000001,,,,,0.700461
961,0.036953907815631265,0.700461,0.7174935000000001,,,,,0.700461
962,0.03703406813627255,0.700461,0.7174935000000001,,,,,0.700461
963,0.03711422845691383,0.700461,0.7174935000000001,,,,,0.700461
964,0.03719438877755511,0.700461,0.7174935000000001,,,,,0.700461
965,0.0372745490981964,0.700461,0.7174935000000001,,,,,0.700461
966,0.03735470941883768,0.700461,0.7174935000000001,,,,,0.700461
967,0.03743486973947896,0.700461,0.7174935000000001,,,,,0.700461
968,0.03751503006012025,0.700461,0.7174935000000001,,,,,0.700461
969,0.03759519038076153,0.700461,0.7174935000000001,,,,,0.700461
970,0.03767535070140281,0.700461,0.7174935000000001,,,,,0.700461
971,0.037755511022044094,0.700461,0.7174935000000001,,,,,0.700461
972,0.037835671342685374,0.700461,0.7174935000000001,,,,,0.700461
973,0.037915831663326655,0.700461,0.7174935000000001,,,,,0.700461
974,0.03799599198396794,0.700461,0.7174935000000001,,,,,0.700461
975,0.03807615230460922,0.700461,0.7174935000000001,,,,,0.700461
976,0.0381563126252505,0.700461,0.7174935000000001,,,,,0.700461
977,0.03823647294589179,0.700461,0.7174935000000001,,,,,0.700461
978,0.03831663326653307,0.700461,0.7174935000000001,,,,,0.700461
979,0.03839679358717435,0.700461,0.7174935000000001,,,,,0.700461
980,0.038476953907815636,0.700461,0.7174935000000001,,,,,0.700461
981,0.03855711422845692,0.700461,0.7174935000000001,,,,,0.700461
982,0.038637274549098204,0.700461,0.7174935000000001,,,,,0.700461
983,0.038717434869739484,0.700461,0.7174935000000001,,,,,0.700461
984,0.038797595190380764,0.700461,0.7174935000000001,,,,,0.700461
985,0.03887775551102205,0.700461,0.7174935000000001,,,,,0.700461
986,0.03895791583166333,0.700461,0.7174935000000001,,,,,0.700461
987,0.03903807615230461,0.700461,0.7174935000000001,,,,,0.700461
988,0.0391182364729459,0.700461,0.7174935000000001,,,,,0.700461
989,0.03919839679358718,0.700461,0.7174935000000001,,,,,0.700461
990,0.03927855711422846,0.700461,0.7174935000000001,,,,,0.700461
991,0.039358717434869746,0.700461,0.7174935000000001,,,,,0.700461
992,0.039438877755511026,0.700461,0.7174935000000001,,,,,0.700461
993,0.039519038076152306,0.700461,0.7174935000000001,,,,,0.700461
994,0.03959919839679359,0.700461,0.7174935000000001,,,,,0.700461
995,0.03967935871743487,0.700461,0.7174935000000001,,,,,0.700461
996,0.03975951903807615,0.700461,0.7174935000000001,,,,,0.700461
997,0.03983967935871744,0.700461,0.7174935000000001,,,,,0.700461
998,0.03991983967935872,0.700461,0.7174935000000001,,,,,0.700461
999,0.04,0.700461,0.7174935000000001,,,,,0.700461
