,eta,pure online,best price,payoff(r=0.50),payoff(r=0.75),payoff(r=1.00),payoff(r=1.25),payoff(r=1.50)
0,-0.5,477.58500000000004,977.1200000000001,450.93500000000006,566.55,716.2050000000002,842.15,977.1200000000001
1,-0.499,477.58500000000004,977.1200000000001,462.86500000000007,566.55,716.925,842.15,648.25
2,-0.498,477.58500000000004,977.1200000000001,462.86500000000007,568.05,716.925,842.15,648.25
3,-0.497,477.58500000000004,977.1200000000001,462.86500000000007,568.05,717.6650000000002,852.8399999999999,648.25
4,-0.496,477.58500000000004,977.1200000000001,462.86500000000007,568.05,717.6650000000002,852.8399999999999,648.25
5,-0.495,477.58500000000004,977.1200000000001,462.86500000000007,568.05,717.6650000000002,852.8399999999999,648.25
6,-0.494,477.58500000000004,977.1200000000001,463.31500000000005,568.05,717.6650000000002,852.8399999999999,648.25
7,-0.493,477.58500000000004,977.1200000000001,463.31500000000005,568.05,717.6650000000002,852.8399999999999,648.25
8,-0.492,477.58500000000004,977.1200000000001,463.31500000000005,568.05,717.6650000000002,852.8399999999999,648.25
9,-0.491,477.58500000000004,977.1200000000001,463.31500000000005,568.05,717.6650000000002,852.8399999999999,648.25
10,-0.49,477.58500000000004,977.1200000000001,463.31500000000005,568.05,717.6650000000002,855.6700000000001,648.25
11,-0.489,477.58500000000004,977.1200000000001,463.31500000000005,568.05,717.6650000000002,855.6700000000001,648.25
12,-0.488,477.58500000000004,977.1200000000001,463.31500000000005,568.05,717.6650000000002,855.6700000000001,648.25
13,-0.487,477.58500000000004,977.1200000000001,463.31500000000005,568.6,717.6650000000002,855.6700000000001,648.25
14,-0.486,477.58500000000004,977.1200000000001,463.31500000000005,568.6,717.6650000000002,855.6700000000001,648.25
15,-0.485,477.58500000000004,977.1200000000001,463.31500000000005,568.6,717.6650000000002,855.6700000000001,648.25
16,-0.484,477.58500000000004,977.1200000000001,463.31500000000005,568.6,717.6650000000002,855.6700000000001,648.25
17,-0.483,477.58500000000004,977.1200000000001,463.31500000000005,572.4100000000001,717.6650000000002,856.865,648.25
18,-0.482,477.58500000000004,977.1200000000001,463.34499999999997,572.4100000000001,717.6650000000002,856.865,648.25
19,-0.481,477.58500000000004,977.1200000000001,463.34499999999997,572.86,717.6650000000002,856.865,648.25
20,-0.48,477.58500000000004,977.1200000000001,463.34499999999997,572.86,717.6650000000002,896.865,648.25
21,-0.479,477.58500000000004,977.1200000000001,463.34499999999997,572.86,717.6650000000002,896.865,648.25
22,-0.478,477.58500000000004,977.1200000000001,463.34499999999997,572.86,717.6650000000002,896.865,648.25
23,-0.477,477.58500000000004,977.1200000000001,463.34499999999997,572.86,718.3,896.865,648.25
24,-0.476,477.58500000000004,977.1200000000001,463.34499999999997,572.86,718.3,896.865,648.25
25,-0.475,477.58500000000004,977.1200000000001,463.34499999999997,572.86,718.3,896.865,648.25
26,-0.474,477.58500000000004,977.1200000000001,463.675,572.86,718.3,896.865,648.25
27,-0.473,477.58500000000004,977.1200000000001,463.675,572.86,718.3,896.865,648.25
28,-0.472,477.58500000000004,977.1200000000001,463.675,572.86,718.3,896.865,648.25
29,-0.471,477.58500000000004,977.1200000000001,463.675,572.86,718.3,896.865,648.25
30,-0.47,477.58500000000004,977.1200000000001,463.675,573.4100000000001,718.3,896.865,648.25
31,-0.469,477.58500000000004,977.1200000000001,463.675,573.4100000000001,718.3,896.865,648.25
32,-0.468,477.58500000000004,977.1200000000001,463.675,573.4100000000001,718.3,896.865,648.25
33,-0.467,477.58500000000004,977.1200000000001,463.675,573.4100000000001,718.3,899.5300000000001,648.25
34,-0.466,477.58500000000004,977.1200000000001,463.675,573.4100000000001,718.3,899.5300000000001,648.25
35,-0.465,477.58500000000004,977.1200000000001,463.675,573.4100000000001,718.3,899.5300000000001,648.25
36,-0.464,477.58500000000004,977.1200000000001,463.675,573.4100000000001,718.3,899.5300000000001,648.25
37,-0.463,477.58500000000004,977.1200000000001,463.675,573.4100000000001,718.3,899.5300000000001,648.25
38,-0.462,477.58500000000004,977.1200000000001,463.675,573.4100000000001,718.3,899.5300000000001,648.25
39,-0.461,477.58500000000004,977.1200000000001,463.675,573.4100000000001,718.3,899.5300000000001,648.25
40,-0.46,477.58500000000004,977.1200000000001,463.675,573.4100000000001,718.3,899.5300000000001,648.25
41,-0.459,477.58500000000004,977.1200000000001,463.675,574.265,718.3,899.5300000000001,648.25
42,-0.458,477.58500000000004,977.1200000000001,463.675,574.265,718.3,900.9350000000001,648.25
43,-0.457,477.58500000000004,977.1200000000001,463.675,589.225,718.3,900.9350000000001,648.25
44,-0.456,477.58500000000004,977.1200000000001,463.675,589.225,718.8650000000001,901.71,648.25
45,-0.455,477.58500000000004,977.1200000000001,463.675,589.225,718.8650000000001,901.71,648.25
46,-0.454,477.58500000000004,977.1200000000001,463.675,589.225,718.8650000000001,901.71,648.25
47,-0.453,477.58500000000004,977.1200000000001,463.675,589.225,718.8650000000001,901.71,648.25
48,-0.452,477.58500000000004,977.1200000000001,463.675,589.225,718.8650000000001,901.71,648.25
49,-0.451,477.58500000000004,977.1200000000001,463.675,589.225,718.8650000000001,901.71,648.25
50,-0.45,477.58500000000004,977.1200000000001,464.025,589.225,718.8650000000001,901.71,648.25
51,-0.449,477.58500000000004,977.1200000000001,464.025,589.225,718.8650000000001,901.71,648.25
52,-0.448,477.58500000000004,977.1200000000001,464.025,589.225,718.8650000000001,901.71,648.25
53,-0.447,477.58500000000004,977.1200000000001,464.025,589.225,719.0650000000002,901.71,648.25
54,-0.446,477.58500000000004,977.1200000000001,464.025,589.225,719.0650000000002,901.71,648.25
55,-0.445,477.58500000000004,977.1200000000001,464.025,589.225,719.0650000000002,901.71,648.25
56,-0.444,477.58500000000004,977.1200000000001,464.025,589.225,719.0650000000002,901.71,648.25
57,-0.443,477.58500000000004,977.1200000000001,464.025,589.225,719.0650000000002,901.71,648.25
58,-0.442,477.58500000000004,977.1200000000001,464.025,589.225,719.0650000000002,901.71,648.25
59,-0.441,477.58500000000004,977.1200000000001,464.025,589.225,719.6750000000002,901.71,648.25
60,-0.44,477.58500000000004,977.1200000000001,464.025,589.225,719.6750000000002,901.71,648.25
61,-0.439,477.58500000000004,977.1200000000001,464.025,589.225,719.6750000000002,901.71,648.25
62,-0.438,477.58500000000004,977.1200000000001,464.025,589.225,719.6750000000002,901.71,648.25
63,-0.437,477.58500000000004,977.1200000000001,464.025,589.225,719.6750000000002,901.71,648.25
64,-0.436,477.58500000000004,977.1200000000001,464.025,589.225,719.6750000000002,901.71,648.25
65,-0.435,477.58500000000004,977.1200000000001,464.025,589.225,719.6750000000002,901.71,648.25
66,-0.434,477.58500000000004,977.1200000000001,464.025,589.225,720.4800000000001,901.71,648.25
67,-0.433,477.58500000000004,977.1200000000001,464.025,589.225,720.4800000000001,901.71,648.25
68,-0.432,477.58500000000004,977.1200000000001,466.29499999999996,589.225,720.4800000000001,901.71,648.25
69,-0.431,477.58500000000004,977.1200000000001,466.29499999999996,589.225,720.4800000000001,901.71,648.25
70,-0.43,477.58500000000004,977.1200000000001,466.29499999999996,589.225,720.9350000000001,901.71,648.25
71,-0.429,477.58500000000004,977.1200000000001,467.59499999999997,589.225,720.9350000000001,901.71,648.25
72,-0.428,477.58500000000004,977.1200000000001,467.59499999999997,589.225,720.9350000000001,901.71,648.25
73,-0.427,477.58500000000004,977.1200000000001,467.59499999999997,589.225,720.9350000000001,901.71,648.25
74,-0.426,477.58500000000004,977.1200000000001,467.59499999999997,589.225,720.9350000000001,901.71,648.25
75,-0.425,477.58500000000004,977.1200000000001,467.59499999999997,589.225,720.9350000000001,901.71,648.25
76,-0.424,477.58500000000004,977.1200000000001,467.59499999999997,589.225,720.9350000000001,901.71,648.25
77,-0.423,477.58500000000004,977.1200000000001,467.59499999999997,589.225,720.9350000000001,904.1899999999999,648.25
78,-0.422,477.58500000000004,977.1200000000001,467.59499999999997,589.225,728.7950000000001,904.1899999999999,648.25
79,-0.421,477.58500000000004,977.1200000000001,467.59499999999997,589.225,730.0500000000002,905.775,648.25
80,-0.42,477.58500000000004,977.1200000000001,467.59499999999997,589.8599999999999,730.0500000000002,906.4699999999999,648.25
81,-0.419,477.58500000000004,977.1200000000001,467.59499999999997,589.8599999999999,730.0600000000001,906.4699999999999,648.25
82,-0.418,477.58500000000004,977.1200000000001,467.83000000000004,590.1599999999999,730.2150000000001,906.4699999999999,648.25
83,-0.417,477.58500000000004,977.1200000000001,467.83000000000004,590.2699999999999,730.2150000000001,906.4699999999999,648.25
84,-0.416,477.58500000000004,977.1200000000001,467.83000000000004,590.2699999999999,730.2150000000001,906.4699999999999,648.25
85,-0.415,477.58500000000004,977.1200000000001,467.83000000000004,590.2699999999999,778.135,908.6600000000001,648.25
86,-0.414,477.58500000000004,977.1200000000001,467.83000000000004,590.2699999999999,778.135,908.6600000000001,648.25
87,-0.413,477.58500000000004,977.1200000000001,467.83000000000004,591.3099999999998,778.135,908.6600000000001,648.25
88,-0.412,477.58500000000004,977.1200000000001,467.83000000000004,591.3099999999998,778.135,908.6600000000001,648.25
89,-0.411,477.58500000000004,977.1200000000001,467.83000000000004,592.5099999999999,778.135,908.6600000000001,648.25
90,-0.41,477.58500000000004,977.1200000000001,467.83000000000004,592.5099999999999,778.135,908.6600000000001,648.25
91,-0.409,477.58500000000004,977.1200000000001,467.83000000000004,595.5599999999998,778.135,908.6600000000001,648.25
92,-0.408,477.58500000000004,977.1200000000001,467.83000000000004,595.5599999999998,778.135,908.6600000000001,648.25
93,-0.407,477.58500000000004,977.1200000000001,467.83000000000004,595.5599999999998,781.265,908.6600000000001,648.25
94,-0.406,477.58500000000004,977.1200000000001,467.83000000000004,595.5599999999998,781.265,908.6600000000001,648.25
95,-0.405,477.58500000000004,977.1200000000001,467.83000000000004,595.5599999999998,781.265,908.6600000000001,648.25
96,-0.404,477.58500000000004,977.1200000000001,467.83000000000004,595.5599999999998,787.2299999999999,910.1,648.25
97,-0.403,477.58500000000004,977.1200000000001,467.83000000000004,595.5599999999998,787.2299999999999,913.8299999999999,648.25
98,-0.402,477.58500000000004,977.1200000000001,467.83000000000004,595.5599999999998,788.475,913.8299999999999,648.25
99,-0.401,477.58500000000004,977.1200000000001,467.83000000000004,595.5599999999998,788.475,913.8299999999999,648.25
100,-0.4,477.58500000000004,977.1200000000001,467.93999999999994,595.5599999999998,788.475,913.8299999999999,648.25
101,-0.399,477.58500000000004,977.1200000000001,467.93999999999994,595.5599999999998,788.475,914.635,648.25
102,-0.398,477.58500000000004,977.1200000000001,467.93999999999994,595.5599999999998,788.475,914.635,648.25
103,-0.397,477.58500000000004,977.1200000000001,467.93999999999994,595.5599999999998,788.475,914.635,648.25
104,-0.396,477.58500000000004,977.1200000000001,467.93999999999994,595.5599999999998,788.475,915.6049999999999,648.25
105,-0.395,477.58500000000004,977.1200000000001,467.93999999999994,595.5599999999998,788.475,915.6049999999999,648.25
106,-0.394,477.58500000000004,977.1200000000001,467.93999999999994,595.5599999999998,788.475,915.6049999999999,648.25
107,-0.393,477.58500000000004,977.1200000000001,467.93999999999994,595.5599999999998,789.745,915.6049999999999,648.25
108,-0.392,477.58500000000004,977.1200000000001,468.355,595.5599999999998,790.1949999999999,915.6049999999999,648.25
109,-0.391,477.58500000000004,977.1200000000001,468.355,595.5599999999998,790.1949999999999,915.6049999999999,648.25
110,-0.39,477.58500000000004,977.1200000000001,468.355,595.5599999999998,790.1949999999999,915.6049999999999,648.25
111,-0.389,477.58500000000004,977.1200000000001,468.355,595.5599999999998,790.1949999999999,915.6049999999999,648.25
112,-0.388,477.58500000000004,977.1200000000001,468.90999999999997,595.5599999999998,790.1949999999999,915.6049999999999,648.25
113,-0.387,477.58500000000004,977.1200000000001,468.90999999999997,595.5599999999998,790.1949999999999,915.6049999999999,648.25
114,-0.386,477.58500000000004,977.1200000000001,468.90999999999997,595.5599999999998,790.1949999999999,915.6049999999999,648.25
115,-0.385,477.58500000000004,977.1200000000001,468.90999999999997,595.5599999999998,790.1949999999999,915.6049999999999,648.25
116,-0.384,477.58500000000004,977.1200000000001,468.90999999999997,595.5599999999998,791.6,915.6049999999999,648.25
117,-0.383,477.58500000000004,977.1200000000001,468.90999999999997,595.5599999999998,791.6,915.6049999999999,648.25
118,-0.382,477.58500000000004,977.1200000000001,468.90999999999997,595.5599999999998,793.325,915.6049999999999,648.25
119,-0.381,477.58500000000004,977.1200000000001,484.37,595.5599999999998,793.325,915.6049999999999,648.25
120,-0.38,477.58500000000004,977.1200000000001,484.37,595.5599999999998,793.325,916.4,648.25
121,-0.379,477.58500000000004,977.1200000000001,484.37,596.055,793.325,916.4,648.25
122,-0.378,477.58500000000004,977.1200000000001,485.34,596.055,793.325,916.4,648.25
123,-0.377,477.58500000000004,977.1200000000001,485.34,596.055,793.325,916.4,648.25
124,-0.376,477.58500000000004,977.1200000000001,485.34,596.055,793.325,916.4,648.25
125,-0.375,477.58500000000004,977.1200000000001,485.34,596.055,793.39,916.4,648.25
126,-0.374,477.58500000000004,977.1200000000001,485.34,607.4,793.39,916.4,648.25
127,-0.373,477.58500000000004,977.1200000000001,485.34,607.4,793.39,916.4,648.25
128,-0.372,477.58500000000004,977.1200000000001,485.34,607.4,793.39,916.5799999999999,648.25
129,-0.371,477.58500000000004,977.1200000000001,485.34,607.4,793.39,916.5799999999999,648.25
130,-0.37,477.58500000000004,977.1200000000001,485.34,607.4,793.39,916.5799999999999,648.25
131,-0.369,477.58500000000004,977.1200000000001,485.34,607.4,793.39,916.5799999999999,648.25
132,-0.368,477.58500000000004,977.1200000000001,485.34,607.4,793.39,925.28,648.25
133,-0.367,477.58500000000004,977.1200000000001,485.34,607.4,793.975,925.28,648.25
134,-0.366,477.58500000000004,977.1200000000001,485.34,607.8449999999999,793.975,925.28,648.25
135,-0.365,477.58500000000004,977.1200000000001,485.34,607.8449999999999,793.975,926.1600000000001,648.25
136,-0.364,477.58500000000004,977.1200000000001,485.34,607.8449999999999,793.975,926.945,648.25
137,-0.363,477.58500000000004,977.1200000000001,485.34,607.8449999999999,793.975,926.945,648.25
138,-0.362,477.58500000000004,977.1200000000001,485.34,621.055,793.975,926.945,648.25
139,-0.361,477.58500000000004,977.1200000000001,485.34,621.055,793.975,926.945,648.25
140,-0.36,477.58500000000004,977.1200000000001,485.34,621.055,793.975,926.945,648.25
141,-0.359,477.58500000000004,977.1200000000001,485.34,621.055,793.975,926.945,648.25
142,-0.358,477.58500000000004,977.1200000000001,485.34,621.055,793.975,929.3700000000001,648.25
143,-0.357,477.58500000000004,977.1200000000001,485.34,621.055,793.975,929.3700000000001,648.25
144,-0.356,477.58500000000004,977.1200000000001,487.93999999999994,621.055,793.975,929.3700000000001,648.25
145,-0.355,477.58500000000004,977.1200000000001,487.93999999999994,621.055,793.975,929.3700000000001,648.25
146,-0.354,477.58500000000004,977.1200000000001,487.93999999999994,621.055,797.115,929.3700000000001,648.25
147,-0.353,477.58500000000004,977.1200000000001,487.93999999999994,621.055,797.115,929.3700000000001,648.25
148,-0.352,477.58500000000004,977.1200000000001,487.93999999999994,621.055,797.115,929.3700000000001,648.25
149,-0.351,477.58500000000004,977.1200000000001,487.93999999999994,626.3399999999999,797.115,929.3700000000001,648.25
150,-0.35,477.58500000000004,977.1200000000001,487.93999999999994,627.5249999999999,797.115,929.3700000000001,648.25
151,-0.349,477.58500000000004,977.1200000000001,487.93999999999994,627.5249999999999,797.115,929.3700000000001,648.25
152,-0.348,477.58500000000004,977.1200000000001,487.93999999999994,627.5249999999999,797.115,931.8000000000002,648.25
153,-0.347,477.58500000000004,977.1200000000001,487.93999999999994,627.5249999999999,797.115,931.8000000000002,648.25
154,-0.346,477.58500000000004,977.1200000000001,487.93999999999994,627.5249999999999,797.115,932.72,648.25
155,-0.345,477.58500000000004,977.1200000000001,487.93999999999994,627.5249999999999,797.115,932.72,648.25
156,-0.344,477.58500000000004,977.1200000000001,487.93999999999994,627.5249999999999,797.115,932.72,648.25
157,-0.343,477.58500000000004,977.1200000000001,488.05,627.5249999999999,797.115,932.72,648.25
158,-0.342,477.58500000000004,977.1200000000001,488.05,627.5249999999999,797.115,932.72,648.25
159,-0.341,477.58500000000004,977.1200000000001,488.05,627.5249999999999,797.115,932.72,648.25
160,-0.34,477.58500000000004,977.1200000000001,488.05,627.5249999999999,797.115,932.72,648.25
161,-0.339,477.58500000000004,977.1200000000001,489.09,627.5249999999999,797.115,932.72,648.25
162,-0.338,477.58500000000004,977.1200000000001,489.09,627.5249999999999,797.115,932.72,648.25
163,-0.337,477.58500000000004,977.1200000000001,489.09,627.5249999999999,797.115,932.72,648.25
164,-0.336,477.58500000000004,977.1200000000001,489.09,627.5249999999999,797.115,932.72,648.25
165,-0.335,477.58500000000004,977.1200000000001,489.09,627.5249999999999,797.115,932.72,648.25
166,-0.334,477.58500000000004,977.1200000000001,489.09,627.5249999999999,797.115,932.72,648.25
167,-0.333,477.58500000000004,977.1200000000001,489.09,627.5249999999999,798.8299999999999,932.72,648.25
168,-0.332,477.58500000000004,977.1200000000001,489.09,628.265,798.8299999999999,932.72,648.25
169,-0.331,477.58500000000004,977.1200000000001,489.09,633.7099999999999,798.8299999999999,932.9399999999999,648.25
170,-0.33,477.58500000000004,977.1200000000001,489.09,635.115,798.8299999999999,932.9399999999999,648.25
171,-0.329,477.58500000000004,977.1200000000001,489.09,635.115,798.8299999999999,935.1300000000001,648.25
172,-0.328,477.58500000000004,977.1200000000001,489.09,635.115,798.8299999999999,935.1300000000001,648.25
173,-0.327,477.58500000000004,977.1200000000001,489.7099999999999,635.115,798.8299999999999,935.1300000000001,648.25
174,-0.326,477.58500000000004,977.1200000000001,489.7099999999999,635.115,798.8299999999999,938.9500000000002,648.25
175,-0.325,477.58500000000004,977.1200000000001,489.7099999999999,635.115,798.8299999999999,938.9500000000002,648.25
176,-0.324,477.58500000000004,977.1200000000001,489.7099999999999,635.115,798.8299999999999,938.9500000000002,648.25
177,-0.323,477.58500000000004,977.1200000000001,489.7099999999999,635.115,798.8299999999999,938.9500000000002,648.25
178,-0.322,477.58500000000004,977.1200000000001,489.7099999999999,635.115,801.8799999999999,961.7700000000001,648.25
179,-0.321,477.58500000000004,977.1200000000001,490.55999999999995,635.115,801.8799999999999,966.1650000000002,648.25
180,-0.32,477.58500000000004,977.1200000000001,490.55999999999995,635.115,801.8799999999999,967.6450000000001,648.25
181,-0.319,477.58500000000004,977.1200000000001,490.55999999999995,635.5699999999999,801.8799999999999,967.6450000000001,648.25
182,-0.318,477.58500000000004,977.1200000000001,490.55999999999995,635.5699999999999,801.8799999999999,971.1650000000002,648.25
183,-0.317,477.58500000000004,977.1200000000001,490.55999999999995,635.5699999999999,801.8799999999999,971.1650000000002,648.25
184,-0.316,477.58500000000004,977.1200000000001,490.55999999999995,635.5699999999999,801.8799999999999,971.1650000000002,648.25
185,-0.315,477.58500000000004,977.1200000000001,490.55999999999995,635.5699999999999,801.8799999999999,971.1650000000002,648.25
186,-0.314,477.58500000000004,977.1200000000001,490.55999999999995,635.5699999999999,801.8799999999999,971.1650000000002,648.25
187,-0.313,477.58500000000004,977.1200000000001,490.55999999999995,635.5699999999999,801.8799999999999,971.1650000000002,648.25
188,-0.312,477.58500000000004,977.1200000000001,490.55999999999995,635.5699999999999,801.8799999999999,971.1650000000002,648.25
189,-0.311,477.58500000000004,977.1200000000001,490.55999999999995,635.5699999999999,801.8799999999999,971.1650000000002,648.25
190,-0.31,477.58500000000004,977.1200000000001,490.55999999999995,635.5699999999999,801.8799999999999,971.5600000000001,648.25
191,-0.309,477.58500000000004,977.1200000000001,490.55999999999995,635.5699999999999,801.8799999999999,971.5600000000001,648.25
192,-0.308,477.58500000000004,977.1200000000001,490.55999999999995,635.5699999999999,801.8799999999999,971.5600000000001,648.25
193,-0.307,477.58500000000004,977.1200000000001,490.55999999999995,635.5699999999999,801.8799999999999,971.5600000000001,648.25
194,-0.306,477.58500000000004,977.1200000000001,490.55999999999995,635.5699999999999,801.8799999999999,971.5600000000001,648.25
195,-0.305,477.58500000000004,977.1200000000001,490.55999999999995,635.5699999999999,801.8799999999999,971.5600000000001,648.25
196,-0.304,477.58500000000004,977.1200000000001,490.55999999999995,635.5699999999999,801.8799999999999,971.5600000000001,648.25
197,-0.303,477.58500000000004,977.1200000000001,490.55999999999995,635.5699999999999,801.8799999999999,971.5600000000001,648.25
198,-0.302,477.58500000000004,977.1200000000001,502.54499999999996,635.5699999999999,801.8799999999999,971.5600000000001,648.25
199,-0.301,477.58500000000004,977.1200000000001,502.54499999999996,635.5699999999999,801.8799999999999,971.5600000000001,648.25
200,-0.3,477.58500000000004,977.1200000000001,502.54499999999996,635.5699999999999,801.8799999999999,971.5600000000001,648.25
201,-0.299,477.58500000000004,977.1200000000001,502.54499999999996,635.5699999999999,801.8799999999999,971.5600000000001,648.25
202,-0.298,477.58500000000004,977.1200000000001,502.54499999999996,635.5699999999999,801.8799999999999,973.1,648.25
203,-0.297,477.58500000000004,977.1200000000001,502.54499999999996,635.5699999999999,801.8799999999999,973.1,648.25
204,-0.296,477.58500000000004,977.1200000000001,502.54499999999996,635.5699999999999,802.3749999999999,973.1,648.25
205,-0.295,477.58500000000004,977.1200000000001,502.54499999999996,635.5699999999999,802.3749999999999,974.03,648.25
206,-0.294,477.58500000000004,977.1200000000001,502.54499999999996,638.75,810.1049999999999,974.03,648.25
207,-0.293,477.58500000000004,977.1200000000001,502.54499999999996,638.75,810.5749999999999,974.03,648.25
208,-0.292,477.58500000000004,977.1200000000001,502.54499999999996,638.75,810.5749999999999,974.03,648.25
209,-0.291,477.58500000000004,977.1200000000001,502.54499999999996,638.75,810.5749999999999,974.03,648.25
210,-0.29,477.58500000000004,977.1200000000001,502.54499999999996,638.75,810.5749999999999,974.03,648.25
211,-0.289,477.58500000000004,977.1200000000001,502.54499999999996,638.75,811.1249999999999,974.03,648.25
212,-0.288,477.58500000000004,977.1200000000001,502.54499999999996,647.26,811.1249999999999,974.03,648.25
213,-0.287,477.58500000000004,977.1200000000001,502.54499999999996,647.26,811.1249999999999,974.03,648.25
214,-0.286,477.58500000000004,977.1200000000001,502.54499999999996,647.26,811.1249999999999,974.6,648.25
215,-0.285,477.58500000000004,977.1200000000001,502.54499999999996,647.26,811.1249999999999,974.6,648.25
216,-0.284,477.58500000000004,977.1200000000001,502.54499999999996,647.26,811.1249999999999,974.6,648.25
217,-0.283,477.58500000000004,977.1200000000001,502.54499999999996,647.26,811.1249999999999,974.6,648.25
218,-0.282,477.58500000000004,977.1200000000001,502.54499999999996,647.26,811.1249999999999,974.9350000000001,648.25
219,-0.281,477.58500000000004,977.1200000000001,502.54499999999996,647.26,811.4749999999999,974.9350000000001,648.25
220,-0.28,477.58500000000004,977.1200000000001,502.54499999999996,647.26,811.4749999999999,974.9350000000001,648.25
221,-0.279,477.58500000000004,977.1200000000001,502.54499999999996,647.26,812.18,974.9350000000001,648.25
222,-0.278,477.58500000000004,977.1200000000001,502.54499999999996,647.26,812.18,974.9350000000001,648.25
223,-0.277,477.58500000000004,977.1200000000001,502.54499999999996,647.26,812.18,974.9350000000001,648.25
224,-0.276,477.58500000000004,977.1200000000001,502.54499999999996,647.26,812.18,974.9350000000001,648.25
225,-0.275,477.58500000000004,977.1200000000001,502.54499999999996,647.26,812.18,974.9350000000001,648.25
226,-0.274,477.58500000000004,977.1200000000001,502.54499999999996,647.26,812.18,974.9350000000001,648.25
227,-0.273,477.58500000000004,977.1200000000001,502.54499999999996,647.26,812.18,974.9350000000001,648.25
228,-0.272,477.58500000000004,977.1200000000001,502.54499999999996,647.26,814.655,974.9350000000001,648.25
229,-0.271,477.58500000000004,977.1200000000001,502.54499999999996,647.26,814.655,974.9350000000001,648.25
230,-0.27,477.58500000000004,977.1200000000001,502.54499999999996,647.26,814.655,974.9350000000001,648.25
231,-0.269,477.58500000000004,977.1200000000001,502.54499999999996,647.26,814.655,974.9350000000001,648.25
232,-0.268,477.58500000000004,977.1200000000001,502.54499999999996,648.675,814.655,975.3,648.25
233,-0.267,477.58500000000004,977.1200000000001,502.54499999999996,648.675,814.655,975.3,648.25
234,-0.266,477.58500000000004,977.1200000000001,502.54499999999996,648.675,814.655,975.3,648.25
235,-0.265,477.58500000000004,977.1200000000001,502.54499999999996,648.675,814.655,975.3,648.25
236,-0.264,477.58500000000004,977.1200000000001,502.54499999999996,648.675,814.655,975.3,648.25
237,-0.263,477.58500000000004,977.1200000000001,502.54499999999996,648.675,814.655,975.3,648.25
238,-0.262,477.58500000000004,977.1200000000001,502.54499999999996,648.6850000000001,815.9549999999999,975.3,648.25
239,-0.261,477.58500000000004,977.1200000000001,502.54499999999996,648.8399999999999,815.9549999999999,976.1850000000002,648.25
240,-0.26,477.58500000000004,977.1200000000001,502.54499999999996,648.8399999999999,815.9549999999999,976.1850000000002,648.25
241,-0.259,477.58500000000004,977.1200000000001,502.54499999999996,648.8399999999999,815.9549999999999,976.1850000000002,648.25
242,-0.258,477.58500000000004,977.1200000000001,502.54499999999996,648.8399999999999,815.9549999999999,976.6400000000001,648.25
243,-0.257,477.58500000000004,977.1200000000001,502.54499999999996,648.8399999999999,815.9549999999999,976.8950000000001,648.25
244,-0.256,477.58500000000004,977.1200000000001,502.54499999999996,648.8399999999999,815.9549999999999,977.1,648.25
245,-0.255,477.58500000000004,977.1200000000001,502.54499999999996,648.8399999999999,815.9549999999999,977.1,648.25
246,-0.254,477.58500000000004,977.1200000000001,502.54499999999996,648.8399999999999,815.9549999999999,977.1,648.25
247,-0.253,477.58500000000004,977.1200000000001,507.8750000000001,648.8399999999999,815.9549999999999,977.1,648.25
248,-0.252,477.58500000000004,977.1200000000001,507.8750000000001,648.8399999999999,815.9549999999999,977.1,648.25
249,-0.251,477.58500000000004,977.1200000000001,507.8750000000001,648.8399999999999,815.9549999999999,977.1,648.25
250,-0.25,477.58500000000004,977.1200000000001,507.8750000000001,648.8399999999999,815.9549999999999,977.1200000000001,648.25
251,-0.249,477.58500000000004,977.1200000000001,507.8750000000001,648.8399999999999,821.4,648.25,648.25
252,-0.248,477.58500000000004,977.1200000000001,507.8750000000001,650.085,821.4,648.25,648.25
253,-0.247,477.58500000000004,977.1200000000001,507.8750000000001,650.085,821.4,648.25,648.25
254,-0.246,477.58500000000004,977.1200000000001,507.8750000000001,650.085,821.4,648.25,648.25
255,-0.245,477.58500000000004,977.1200000000001,507.8750000000001,651.825,822.0350000000001,648.25,648.25
256,-0.244,477.58500000000004,977.1200000000001,507.8750000000001,651.825,822.0350000000001,648.25,648.25
257,-0.243,477.58500000000004,977.1200000000001,507.8750000000001,651.825,822.0350000000001,648.25,648.25
258,-0.242,477.58500000000004,977.1200000000001,507.8750000000001,651.825,822.0350000000001,648.25,648.25
259,-0.241,477.58500000000004,977.1200000000001,507.8750000000001,651.825,822.0350000000001,648.25,648.25
260,-0.24,477.58500000000004,977.1200000000001,507.8750000000001,651.825,823.445,648.25,648.25
261,-0.239,477.58500000000004,977.1200000000001,507.8750000000001,651.825,823.445,648.25,648.25
262,-0.238,477.58500000000004,977.1200000000001,507.8750000000001,651.825,823.445,648.25,648.25
263,-0.237,477.58500000000004,977.1200000000001,507.8750000000001,651.825,823.445,648.25,648.25
264,-0.236,477.58500000000004,977.1200000000001,507.8750000000001,665.2049999999999,823.445,648.25,648.25
265,-0.235,477.58500000000004,977.1200000000001,507.8750000000001,665.2049999999999,823.445,648.25,648.25
266,-0.234,477.58500000000004,977.1200000000001,507.8750000000001,665.2049999999999,823.445,648.25,648.25
267,-0.233,477.58500000000004,977.1200000000001,507.93,665.2049999999999,823.445,648.25,648.25
268,-0.232,477.58500000000004,977.1200000000001,507.93,665.2049999999999,823.625,648.25,648.25
269,-0.231,477.58500000000004,977.1200000000001,507.93,665.2049999999999,823.625,648.25,648.25
270,-0.23,477.58500000000004,977.1200000000001,511.1450000000001,665.2049999999999,823.625,648.25,648.25
271,-0.229,477.58500000000004,977.1200000000001,511.1450000000001,665.9100000000001,827.885,648.25,648.25
272,-0.228,477.58500000000004,977.1200000000001,511.1450000000001,665.9100000000001,827.885,648.25,648.25
273,-0.227,477.58500000000004,977.1200000000001,511.1450000000001,665.9100000000001,830.8700000000001,648.25,648.25
274,-0.226,477.58500000000004,977.1200000000001,511.1450000000001,665.9100000000001,830.8700000000001,648.25,648.25
275,-0.225,477.58500000000004,977.1200000000001,511.1450000000001,665.9100000000001,830.8700000000001,648.25,648.25
276,-0.224,477.58500000000004,977.1200000000001,511.1450000000001,665.9100000000001,830.8700000000001,648.25,648.25
277,-0.223,477.58500000000004,977.1200000000001,511.21000000000004,665.9100000000001,830.8700000000001,648.25,648.25
278,-0.222,477.58500000000004,977.1200000000001,511.21000000000004,665.9100000000001,830.8700000000001,648.25,648.25
279,-0.221,477.58500000000004,977.1200000000001,511.21000000000004,665.9100000000001,831.4399999999999,648.25,648.25
280,-0.22,477.58500000000004,977.1200000000001,511.21000000000004,665.9100000000001,832.51,648.25,648.25
281,-0.219,477.58500000000004,977.1200000000001,511.21000000000004,665.9100000000001,832.51,648.25,648.25
282,-0.218,477.58500000000004,977.1200000000001,511.21000000000004,665.9100000000001,832.51,648.25,648.25
283,-0.217,477.58500000000004,977.1200000000001,511.21000000000004,665.9100000000001,842.15,648.25,648.25
284,-0.216,477.58500000000004,977.1200000000001,511.23,665.9100000000001,842.15,648.25,648.25
285,-0.215,477.58500000000004,977.1200000000001,511.23,665.9100000000001,842.15,648.25,648.25
286,-0.214,477.58500000000004,977.1200000000001,514.4,665.9100000000001,842.15,648.25,648.25
287,-0.213,477.58500000000004,977.1200000000001,514.53,665.9100000000001,842.15,648.25,648.25
288,-0.212,477.58500000000004,977.1200000000001,514.53,665.9100000000001,842.15,648.25,648.25
289,-0.211,477.58500000000004,977.1200000000001,515.7,666.6049999999999,842.15,648.25,648.25
290,-0.21,477.58500000000004,977.1200000000001,515.7,666.6049999999999,842.15,648.25,648.25
291,-0.209,477.58500000000004,977.1200000000001,515.7,666.6049999999999,842.15,648.25,648.25
292,-0.208,477.58500000000004,977.1200000000001,515.7,666.6049999999999,842.15,648.25,648.25
293,-0.207,477.58500000000004,977.1200000000001,516.255,666.6049999999999,842.15,648.25,648.25
294,-0.206,477.58500000000004,977.1200000000001,516.255,666.6049999999999,842.15,648.25,648.25
295,-0.205,477.58500000000004,977.1200000000001,516.255,666.6049999999999,842.15,648.25,648.25
296,-0.204,477.58500000000004,977.1200000000001,516.255,666.7549999999999,842.15,648.25,648.25
297,-0.203,477.58500000000004,977.1200000000001,516.255,666.7549999999999,842.15,648.25,648.25
298,-0.202,477.58500000000004,977.1200000000001,516.255,666.7549999999999,842.15,648.25,648.25
299,-0.201,477.58500000000004,977.1200000000001,516.255,666.7549999999999,842.15,648.25,648.25
300,-0.2,477.58500000000004,977.1200000000001,516.255,666.7549999999999,842.15,648.25,648.25
301,-0.199,477.58500000000004,977.1200000000001,516.255,666.7549999999999,842.15,648.25,648.25
302,-0.198,477.58500000000004,977.1200000000001,516.255,668.195,845.195,648.25,648.25
303,-0.197,477.58500000000004,977.1200000000001,516.255,668.195,852.8399999999999,648.25,648.25
304,-0.196,477.58500000000004,977.1200000000001,516.255,668.195,852.8399999999999,648.25,648.25
305,-0.195,477.58500000000004,977.1200000000001,516.255,668.195,852.8399999999999,648.25,648.25
306,-0.194,477.58500000000004,977.1200000000001,516.275,668.195,852.8399999999999,648.25,648.25
307,-0.193,477.58500000000004,977.1200000000001,516.275,668.195,852.8399999999999,648.25,648.25
308,-0.192,477.58500000000004,977.1200000000001,518.2149999999999,668.195,855.6700000000001,648.25,648.25
309,-0.191,477.58500000000004,977.1200000000001,518.24,668.195,855.6700000000001,648.25,648.25
310,-0.19,477.58500000000004,977.1200000000001,518.24,668.195,855.6700000000001,648.25,648.25
311,-0.189,477.58500000000004,977.1200000000001,518.24,668.195,855.6700000000001,648.25,648.25
312,-0.188,477.58500000000004,977.1200000000001,518.24,668.195,855.6700000000001,648.25,648.25
313,-0.187,477.58500000000004,977.1200000000001,518.55,668.195,855.6700000000001,648.25,648.25
314,-0.186,477.58500000000004,977.1200000000001,518.55,668.195,856.865,648.25,648.25
315,-0.185,477.58500000000004,977.1200000000001,518.55,668.195,856.865,648.25,648.25
316,-0.184,477.58500000000004,977.1200000000001,518.55,672.625,896.865,648.25,648.25
317,-0.183,477.58500000000004,977.1200000000001,518.665,672.625,896.865,648.25,648.25
318,-0.182,477.58500000000004,977.1200000000001,518.665,672.625,896.865,648.25,648.25
319,-0.181,477.58500000000004,977.1200000000001,518.665,672.625,896.865,648.25,648.25
320,-0.18,477.58500000000004,977.1200000000001,518.665,672.625,896.865,648.25,648.25
321,-0.179,477.58500000000004,977.1200000000001,520.255,672.625,896.865,648.25,648.25
322,-0.178,477.58500000000004,977.1200000000001,520.255,672.625,896.865,648.25,648.25
323,-0.177,477.58500000000004,977.1200000000001,520.255,672.625,896.865,648.25,648.25
324,-0.176,477.58500000000004,977.1200000000001,520.255,672.625,896.865,648.25,648.25
325,-0.175,477.58500000000004,977.1200000000001,520.255,672.625,896.865,648.25,648.25
326,-0.174,477.58500000000004,977.1200000000001,520.255,680.745,896.865,648.25,648.25
327,-0.173,477.58500000000004,977.1200000000001,520.255,681.3149999999999,899.5300000000001,648.25,648.25
328,-0.172,477.58500000000004,977.1200000000001,520.255,681.65,899.5300000000001,648.25,648.25
329,-0.171,477.58500000000004,977.1200000000001,520.255,681.65,899.5300000000001,648.25,648.25
330,-0.17,477.58500000000004,977.1200000000001,520.255,681.8299999999999,899.5300000000001,648.25,648.25
331,-0.169,477.58500000000004,977.1200000000001,520.255,681.8299999999999,899.5300000000001,648.25,648.25
332,-0.168,477.58500000000004,977.1200000000001,526.645,681.8299999999999,899.5300000000001,648.25,648.25
333,-0.167,477.58500000000004,977.1200000000001,526.645,687.3349999999999,900.9350000000001,648.25,648.25
334,-0.166,477.58500000000004,977.1200000000001,526.645,693.655,900.9350000000001,648.25,648.25
335,-0.165,477.58500000000004,977.1200000000001,526.645,693.655,901.71,648.25,648.25
336,-0.164,477.58500000000004,977.1200000000001,526.645,693.655,901.71,648.25,648.25
337,-0.163,477.58500000000004,977.1200000000001,527.535,693.655,901.71,648.25,648.25
338,-0.162,477.58500000000004,977.1200000000001,527.535,693.655,901.71,648.25,648.25
339,-0.161,477.58500000000004,977.1200000000001,527.535,693.655,901.71,648.25,648.25
340,-0.16,477.58500000000004,977.1200000000001,527.535,693.655,901.71,648.25,648.25
341,-0.159,477.58500000000004,977.1200000000001,527.535,693.655,901.71,648.25,648.25
342,-0.158,477.58500000000004,977.1200000000001,527.535,693.655,901.71,648.25,648.25
343,-0.157,477.58500000000004,977.1200000000001,527.535,693.655,901.71,648.25,648.25
344,-0.156,477.58500000000004,977.1200000000001,528.1,693.655,901.71,648.25,648.25
345,-0.155,477.58500000000004,977.1200000000001,528.1,693.655,901.71,648.25,648.25
346,-0.154,477.58500000000004,977.1200000000001,528.1,693.655,901.71,648.25,648.25
347,-0.153,477.58500000000004,977.1200000000001,528.1,693.655,901.71,648.25,648.25
348,-0.152,477.58500000000004,977.1200000000001,528.1,693.655,901.71,648.25,648.25
349,-0.151,477.58500000000004,977.1200000000001,528.1,693.655,901.71,648.25,648.25
350,-0.15,477.58500000000004,977.1200000000001,528.1,693.655,901.71,648.25,648.25
351,-0.149,477.58500000000004,977.1200000000001,528.1,693.655,901.71,648.25,648.25
352,-0.148,477.58500000000004,977.1200000000001,528.1,693.655,901.71,648.25,648.25
353,-0.147,477.58500000000004,977.1200000000001,528.1,694.205,901.71,648.25,648.25
354,-0.146,477.58500000000004,977.1200000000001,528.1,694.205,901.71,648.25,648.25
355,-0.145,477.58500000000004,977.1200000000001,528.525,694.205,901.71,648.25,648.25
356,-0.144,477.58500000000004,977.1200000000001,528.525,694.205,901.71,648.25,648.25
357,-0.143,477.58500000000004,977.1200000000001,528.525,694.205,901.71,648.25,648.25
358,-0.142,477.58500000000004,977.1200000000001,528.525,694.205,901.71,648.25,648.25
359,-0.141,477.58500000000004,977.1200000000001,528.525,694.62,901.71,648.25,648.25
360,-0.14,477.58500000000004,977.1200000000001,528.525,695.8149999999999,901.71,648.25,648.25
361,-0.139,477.58500000000004,977.1200000000001,528.525,696.695,904.1899999999999,648.25,648.25
362,-0.138,477.58500000000004,977.1200000000001,528.525,696.695,904.1899999999999,648.25,648.25
363,-0.137,477.58500000000004,977.1200000000001,528.525,696.695,905.775,648.25,648.25
364,-0.136,477.58500000000004,977.1200000000001,528.525,716.0450000000001,906.4699999999999,648.25,648.25
365,-0.135,477.58500000000004,977.1200000000001,528.525,716.0450000000001,906.4699999999999,648.25,648.25
366,-0.134,477.58500000000004,977.1200000000001,528.525,716.0450000000001,906.4699999999999,648.25,648.25
367,-0.133,477.58500000000004,977.1200000000001,528.525,716.0450000000001,906.4699999999999,648.25,648.25
368,-0.132,477.58500000000004,977.1200000000001,528.91,716.1550000000001,908.6600000000001,648.25,648.25
369,-0.131,477.58500000000004,977.1200000000001,528.91,716.1550000000001,908.6600000000001,648.25,648.25
370,-0.13,477.58500000000004,977.1200000000001,528.91,716.1650000000002,908.6600000000001,648.25,648.25
371,-0.129,477.58500000000004,977.1200000000001,528.91,716.2050000000002,908.6600000000001,648.25,648.25
372,-0.128,477.58500000000004,977.1200000000001,537.7,716.2050000000002,908.6600000000001,648.25,648.25
373,-0.127,477.58500000000004,977.1200000000001,537.7,716.2050000000002,908.6600000000001,648.25,648.25
374,-0.126,477.58500000000004,977.1200000000001,537.7,716.2050000000002,908.6600000000001,648.25,648.25
375,-0.125,477.58500000000004,977.1200000000001,537.7,716.2050000000002,908.6600000000001,648.25,648.25
376,-0.124,477.58500000000004,977.1200000000001,537.7,716.925,908.6600000000001,648.25,648.25
377,-0.123,477.58500000000004,977.1200000000001,537.7,717.6650000000002,910.1,648.25,648.25
378,-0.122,477.58500000000004,977.1200000000001,537.7,717.6650000000002,913.8299999999999,648.25,648.25
379,-0.121,477.58500000000004,977.1200000000001,537.7,717.6650000000002,913.8299999999999,648.25,648.25
380,-0.12,477.58500000000004,977.1200000000001,537.7,717.6650000000002,913.8299999999999,648.25,648.25
381,-0.119,477.58500000000004,977.1200000000001,537.7,717.6650000000002,914.635,648.25,648.25
382,-0.118,477.58500000000004,977.1200000000001,537.7,717.6650000000002,914.635,648.25,648.25
383,-0.117,477.58500000000004,977.1200000000001,538.74,717.6650000000002,914.635,648.25,648.25
384,-0.116,477.58500000000004,977.1200000000001,538.775,717.6650000000002,915.6049999999999,648.25,648.25
385,-0.115,477.58500000000004,977.1200000000001,538.775,717.6650000000002,915.6049999999999,648.25,648.25
386,-0.114,477.58500000000004,977.1200000000001,538.775,717.6650000000002,915.6049999999999,648.25,648.25
387,-0.113,477.58500000000004,977.1200000000001,538.775,717.6650000000002,915.6049999999999,648.25,648.25
388,-0.112,477.58500000000004,977.1200000000001,538.775,717.6650000000002,915.6049999999999,648.25,648.25
389,-0.111,477.58500000000004,977.1200000000001,538.86,717.6650000000002,915.6049999999999,648.25,648.25
390,-0.11,477.58500000000004,977.1200000000001,538.86,717.6650000000002,915.6049999999999,648.25,648.25
391,-0.109,477.58500000000004,977.1200000000001,538.86,717.6650000000002,915.6049999999999,648.25,648.25
392,-0.108,477.58500000000004,977.1200000000001,539.405,718.3,915.6049999999999,648.25,648.25
393,-0.107,477.58500000000004,977.1200000000001,539.405,718.3,915.6049999999999,648.25,648.25
394,-0.106,477.58500000000004,977.1200000000001,539.405,718.3,915.6049999999999,648.25,648.25
395,-0.105,477.58500000000004,977.1200000000001,539.405,718.3,915.6049999999999,648.25,648.25
396,-0.104,477.58500000000004,977.1200000000001,539.405,718.3,916.4,648.25,648.25
397,-0.103,477.58500000000004,977.1200000000001,539.405,718.3,916.4,648.25,648.25
398,-0.102,477.58500000000004,977.1200000000001,539.405,718.3,916.4,648.25,648.25
399,-0.101,477.58500000000004,977.1200000000001,539.405,718.3,916.4,648.25,648.25
400,-0.1,477.58500000000004,977.1200000000001,539.405,718.3,916.4,648.25,648.25
401,-0.099,477.58500000000004,977.1200000000001,539.875,718.3,916.4,648.25,648.25
402,-0.098,477.58500000000004,977.1200000000001,539.875,718.3,916.5799999999999,648.25,648.25
403,-0.097,477.58500000000004,977.1200000000001,539.875,718.3,916.5799999999999,648.25,648.25
404,-0.096,477.58500000000004,977.1200000000001,539.875,718.3,916.5799999999999,648.25,648.25
405,-0.095,477.58500000000004,977.1200000000001,539.875,718.3,916.5799999999999,648.25,648.25
406,-0.094,477.58500000000004,977.1200000000001,539.875,718.3,925.28,648.25,648.25
407,-0.093,477.58500000000004,977.1200000000001,539.875,718.3,925.28,648.25,648.25
408,-0.092,477.58500000000004,977.1200000000001,540.0600000000001,718.8650000000001,926.1600000000001,648.25,648.25
409,-0.091,477.58500000000004,977.1200000000001,540.0600000000001,718.8650000000001,926.945,648.25,648.25
410,-0.09,477.58500000000004,977.1200000000001,540.0600000000001,718.8650000000001,926.945,648.25,648.25
411,-0.089,477.58500000000004,977.1200000000001,540.0600000000001,718.8650000000001,926.945,648.25,648.25
412,-0.088,477.58500000000004,977.1200000000001,540.0600000000001,718.8650000000001,926.945,648.25,648.25
413,-0.087,477.58500000000004,977.1200000000001,540.0600000000001,718.8650000000001,926.945,648.25,648.25
414,-0.086,477.58500000000004,977.1200000000001,540.0600000000001,718.8650000000001,929.3700000000001,648.25,648.25
415,-0.085,477.58500000000004,977.1200000000001,540.0600000000001,719.0650000000002,929.3700000000001,648.25,648.25
416,-0.084,477.58500000000004,977.1200000000001,540.0600000000001,719.0650000000002,929.3700000000001,648.25,648.25
417,-0.083,477.58500000000004,977.1200000000001,540.0600000000001,719.0650000000002,929.3700000000001,648.25,648.25
418,-0.082,477.58500000000004,977.1200000000001,540.0600000000001,719.0650000000002,929.3700000000001,648.25,648.25
419,-0.081,477.58500000000004,977.1200000000001,540.335,719.0650000000002,929.3700000000001,648.25,648.25
420,-0.08,477.58500000000004,977.1200000000001,540.335,719.6750000000002,929.3700000000001,648.25,648.25
421,-0.079,477.58500000000004,977.1200000000001,540.335,719.6750000000002,929.3700000000001,648.25,648.25
422,-0.078,477.58500000000004,977.1200000000001,540.335,719.6750000000002,931.8000000000002,648.25,648.25
423,-0.077,477.58500000000004,977.1200000000001,542.105,719.6750000000002,931.8000000000002,648.25,648.25
424,-0.076,477.58500000000004,977.1200000000001,542.105,720.4800000000001,932.72,648.25,648.25
425,-0.075,477.58500000000004,977.1200000000001,542.105,720.4800000000001,932.72,648.25,648.25
426,-0.074,477.58500000000004,977.1200000000001,542.105,720.4800000000001,932.72,648.25,648.25
427,-0.073,477.58500000000004,977.1200000000001,542.105,720.9350000000001,932.72,648.25,648.25
428,-0.072,477.58500000000004,977.1200000000001,542.505,720.9350000000001,932.72,648.25,648.25
429,-0.071,477.58500000000004,977.1200000000001,542.505,720.9350000000001,932.72,648.25,648.25
430,-0.07,477.58500000000004,977.1200000000001,542.5699999999999,720.9350000000001,932.72,648.25,648.25
431,-0.069,477.58500000000004,977.1200000000001,542.5699999999999,720.9350000000001,932.72,648.25,648.25
432,-0.068,477.58500000000004,977.1200000000001,542.5699999999999,720.9350000000001,932.72,648.25,648.25
433,-0.067,477.58500000000004,977.1200000000001,543.66,728.7950000000001,932.72,648.25,648.25
434,-0.066,477.58500000000004,977.1200000000001,544.905,730.0500000000002,932.72,648.25,648.25
435,-0.065,477.58500000000004,977.1200000000001,544.905,730.0500000000002,932.9399999999999,648.25,648.25
436,-0.064,477.58500000000004,977.1200000000001,544.905,730.0600000000001,932.9399999999999,648.25,648.25
437,-0.063,477.58500000000004,977.1200000000001,545.625,730.2150000000001,935.1300000000001,648.25,648.25
438,-0.062,477.58500000000004,977.1200000000001,545.625,730.2150000000001,935.1300000000001,648.25,648.25
439,-0.061,477.58500000000004,977.1200000000001,557.975,778.135,938.9500000000002,648.25,648.25
440,-0.06,477.58500000000004,977.1200000000001,557.975,778.135,938.9500000000002,648.25,648.25
441,-0.059,477.58500000000004,977.1200000000001,557.975,778.135,938.9500000000002,648.25,648.25
442,-0.058,477.58500000000004,977.1200000000001,559.62,778.135,938.9500000000002,648.25,648.25
443,-0.057,477.58500000000004,977.1200000000001,559.62,778.135,966.1650000000002,648.25,648.25
444,-0.056,477.58500000000004,977.1200000000001,559.62,778.135,967.6450000000001,648.25,648.25
445,-0.055,477.58500000000004,977.1200000000001,559.62,781.265,967.6450000000001,648.25,648.25
446,-0.054,477.58500000000004,977.1200000000001,559.62,781.265,971.1650000000002,648.25,648.25
447,-0.053,477.58500000000004,977.1200000000001,559.62,787.2299999999999,971.1650000000002,648.25,648.25
448,-0.052,477.58500000000004,977.1200000000001,559.62,787.2299999999999,971.1650000000002,648.25,648.25
449,-0.051,477.58500000000004,977.1200000000001,559.62,788.475,971.1650000000002,648.25,648.25
450,-0.05,477.58500000000004,977.1200000000001,559.62,788.475,971.1650000000002,648.25,648.25
451,-0.049,477.58500000000004,977.1200000000001,559.62,788.475,971.1650000000002,648.25,648.25
452,-0.048,477.58500000000004,977.1200000000001,559.62,788.475,971.5600000000001,648.25,648.25
453,-0.047,477.58500000000004,977.1200000000001,559.62,788.475,971.5600000000001,648.25,648.25
454,-0.046,477.58500000000004,977.1200000000001,559.62,788.475,971.5600000000001,648.25,648.25
455,-0.045,477.58500000000004,977.1200000000001,559.62,789.745,971.5600000000001,648.25,648.25
456,-0.044,477.58500000000004,977.1200000000001,559.62,790.1949999999999,971.5600000000001,648.25,648.25
457,-0.043,477.58500000000004,977.1200000000001,559.62,790.1949999999999,971.5600000000001,648.25,648.25
458,-0.042,477.58500000000004,977.1200000000001,559.62,790.1949999999999,971.5600000000001,648.25,648.25
459,-0.041,477.58500000000004,977.1200000000001,559.62,790.1949999999999,971.5600000000001,648.25,648.25
460,-0.04,477.58500000000004,977.1200000000001,559.62,790.1949999999999,971.5600000000001,648.25,648.25
461,-0.039,477.58500000000004,977.1200000000001,559.62,790.1949999999999,971.7400000000001,648.25,648.25
462,-0.038,477.58500000000004,977.1200000000001,559.62,791.6,973.1,648.25,648.25
463,-0.037,477.58500000000004,977.1200000000001,559.62,791.6,973.1,648.25,648.25
464,-0.036,477.58500000000004,977.1200000000001,559.62,793.325,974.03,648.25,648.25
465,-0.035,477.58500000000004,977.1200000000001,559.62,793.325,974.03,648.25,648.25
466,-0.034,477.58500000000004,977.1200000000001,561.15,793.325,974.03,648.25,648.25
467,-0.033,477.58500000000004,977.1200000000001,561.15,793.325,974.03,648.25,648.25
468,-0.032,477.58500000000004,977.1200000000001,561.15,793.325,974.03,648.25,648.25
469,-0.031,477.58500000000004,977.1200000000001,561.15,793.39,974.03,648.25,648.25
470,-0.03,477.58500000000004,977.1200000000001,561.15,793.39,974.03,648.25,648.25
471,-0.029,477.58500000000004,977.1200000000001,561.15,793.39,974.6,648.25,648.25
472,-0.028,477.58500000000004,977.1200000000001,561.15,793.39,974.6,648.25,648.25
473,-0.027,477.58500000000004,977.1200000000001,561.15,793.39,974.6,648.25,648.25
474,-0.026,477.58500000000004,977.1200000000001,561.15,793.39,974.6,648.25,648.25
475,-0.025,477.58500000000004,977.1200000000001,561.15,793.975,974.9350000000001,648.25,648.25
476,-0.024,477.58500000000004,977.1200000000001,561.15,793.975,974.9350000000001,648.25,648.25
477,-0.023,477.58500000000004,977.1200000000001,561.15,793.975,974.9350000000001,648.25,648.25
478,-0.022,477.58500000000004,977.1200000000001,561.15,793.975,974.9350000000001,648.25,648.25
479,-0.021,477.58500000000004,977.1200000000001,561.15,793.975,974.9350000000001,648.25,648.25
480,-0.02,477.58500000000004,977.1200000000001,561.15,793.975,974.9350000000001,648.25,648.25
481,-0.019,477.58500000000004,977.1200000000001,561.15,793.975,974.9350000000001,648.25,648.25
482,-0.018,477.58500000000004,977.1200000000001,561.15,793.975,974.9350000000001,648.25,648.25
483,-0.017,477.58500000000004,977.1200000000001,561.15,793.975,974.9350000000001,648.25,648.25
484,-0.016,477.58500000000004,977.1200000000001,561.15,793.975,974.9350000000001,648.25,648.25
485,-0.015,477.58500000000004,977.1200000000001,561.15,797.115,974.9350000000001,648.25,648.25
486,-0.014,477.58500000000004,977.1200000000001,561.15,797.115,975.3,648.25,648.25
487,-0.013,477.58500000000004,977.1200000000001,561.15,797.115,975.3,648.25,648.25
488,-0.012,477.58500000000004,977.1200000000001,561.15,797.115,975.3,648.25,648.25
489,-0.011,477.58500000000004,977.1200000000001,561.15,797.115,975.3,648.25,648.25
490,-0.01,477.58500000000004,977.1200000000001,561.15,797.115,975.3,648.25,648.25
491,-0.009,477.58500000000004,977.1200000000001,561.15,797.115,976.1850000000002,648.25,648.25
492,-0.008,477.58500000000004,977.1200000000001,561.15,797.115,976.1850000000002,648.25,648.25
493,-0.007,477.58500000000004,977.1200000000001,563.42,797.115,976.1850000000002,648.25,648.25
494,-0.006,477.58500000000004,977.1200000000001,563.42,797.115,976.6400000000001,648.25,648.25
495,-0.005,477.58500000000004,977.1200000000001,563.42,797.115,977.1,648.25,648.25
496,-0.004,477.58500000000004,977.1200000000001,563.42,797.115,977.1,648.25,648.25
497,-0.003,477.58500000000004,977.1200000000001,563.42,797.115,977.1,648.25,648.25
498,-0.002,477.58500000000004,977.1200000000001,563.42,797.115,977.1,648.25,648.25
499,-0.001,477.58500000000004,977.1200000000001,563.42,797.115,977.1,648.25,648.25
500,0.0,477.58500000000004,977.1200000000001,566.55,798.8299999999999,977.1200000000001,648.25,648.25
501,0.001,477.58500000000004,977.1200000000001,566.55,798.8299999999999,648.25,648.25,648.25
502,0.002,477.58500000000004,977.1200000000001,568.05,798.8299999999999,648.25,648.25,648.25
503,0.003,477.58500000000004,977.1200000000001,568.05,798.8299999999999,648.25,648.25,648.25
504,0.004,477.58500000000004,977.1200000000001,568.05,798.8299999999999,648.25,648.25,648.25
505,0.005,477.58500000000004,977.1200000000001,568.05,798.8299999999999,648.25,648.25,648.25
506,0.006,477.58500000000004,977.1200000000001,568.05,798.8299999999999,648.25,648.25,648.25
507,0.007,477.58500000000004,977.1200000000001,568.05,798.8299999999999,648.25,648.25,648.25
508,0.008,477.58500000000004,977.1200000000001,568.05,798.8299999999999,648.25,648.25,648.25
509,0.009,477.58500000000004,977.1200000000001,568.6,801.8799999999999,648.25,648.25,648.25
510,0.01,477.58500000000004,977.1200000000001,568.6,801.8799999999999,648.25,648.25,648.25
511,0.011,477.58500000000004,977.1200000000001,572.4100000000001,801.8799999999999,648.25,648.25,648.25
512,0.012,477.58500000000004,977.1200000000001,572.4100000000001,801.8799999999999,648.25,648.25,648.25
513,0.013,477.58500000000004,977.1200000000001,572.86,801.8799999999999,648.25,648.25,648.25
514,0.014,477.58500000000004,977.1200000000001,572.86,801.8799999999999,648.25,648.25,648.25
515,0.015,477.58500000000004,977.1200000000001,572.86,801.8799999999999,648.25,648.25,648.25
516,0.016,477.58500000000004,977.1200000000001,572.86,801.8799999999999,648.25,648.25,648.25
517,0.017,477.58500000000004,977.1200000000001,572.86,801.8799999999999,648.25,648.25,648.25
518,0.018,477.58500000000004,977.1200000000001,572.86,801.8799999999999,648.25,648.25,648.25
519,0.019,477.58500000000004,977.1200000000001,572.86,801.8799999999999,648.25,648.25,648.25
520,0.02,477.58500000000004,977.1200000000001,573.4100000000001,801.8799999999999,648.25,648.25,648.25
521,0.021,477.58500000000004,977.1200000000001,573.4100000000001,801.8799999999999,648.25,648.25,648.25
522,0.022,477.58500000000004,977.1200000000001,573.4100000000001,801.8799999999999,648.25,648.25,648.25
523,0.023,477.58500000000004,977.1200000000001,573.4100000000001,801.8799999999999,648.25,648.25,648.25
524,0.024,477.58500000000004,977.1200000000001,573.4100000000001,801.8799999999999,648.25,648.25,648.25
525,0.025,477.58500000000004,977.1200000000001,573.4100000000001,801.8799999999999,648.25,648.25,648.25
526,0.026,477.58500000000004,977.1200000000001,573.4100000000001,801.8799999999999,648.25,648.25,648.25
527,0.027,477.58500000000004,977.1200000000001,573.4100000000001,801.8799999999999,648.25,648.25,648.25
528,0.028,477.58500000000004,977.1200000000001,574.265,802.3749999999999,648.25,648.25,648.25
529,0.029,477.58500000000004,977.1200000000001,589.225,802.3749999999999,648.25,648.25,648.25
530,0.03,477.58500000000004,977.1200000000001,589.225,810.5749999999999,648.25,648.25,648.25
531,0.031,477.58500000000004,977.1200000000001,589.225,810.5749999999999,648.25,648.25,648.25
532,0.032,477.58500000000004,977.1200000000001,589.225,810.5749999999999,648.25,648.25,648.25
533,0.033,477.58500000000004,977.1200000000001,589.225,811.1249999999999,648.25,648.25,648.25
534,0.034,477.58500000000004,977.1200000000001,589.225,811.1249999999999,648.25,648.25,648.25
535,0.035,477.58500000000004,977.1200000000001,589.225,811.1249999999999,648.25,648.25,648.25
536,0.036,477.58500000000004,977.1200000000001,589.225,811.1249999999999,648.25,648.25,648.25
537,0.037,477.58500000000004,977.1200000000001,589.225,811.1249999999999,648.25,648.25,648.25
538,0.038,477.58500000000004,977.1200000000001,589.225,811.1249999999999,648.25,648.25,648.25
539,0.039,477.58500000000004,977.1200000000001,589.225,811.4749999999999,648.25,648.25,648.25
540,0.04,477.58500000000004,977.1200000000001,589.225,811.4749999999999,648.25,648.25,648.25
541,0.041,477.58500000000004,977.1200000000001,589.225,812.18,648.25,648.25,648.25
542,0.042,477.58500000000004,977.1200000000001,589.225,812.18,648.25,648.25,648.25
543,0.043,477.58500000000004,977.1200000000001,589.225,812.18,648.25,648.25,648.25
544,0.044,477.58500000000004,977.1200000000001,589.225,812.18,648.25,648.25,648.25
545,0.045,477.58500000000004,977.1200000000001,589.225,812.18,648.25,648.25,648.25
546,0.046,477.58500000000004,977.1200000000001,589.225,814.655,648.25,648.25,648.25
547,0.047,477.58500000000004,977.1200000000001,589.225,814.655,648.25,648.25,648.25
548,0.048,477.58500000000004,977.1200000000001,589.225,814.655,648.25,648.25,648.25
549,0.049,477.58500000000004,977.1200000000001,589.225,814.655,648.25,648.25,648.25
550,0.05,477.58500000000004,977.1200000000001,589.225,814.655,648.25,648.25,648.25
551,0.051,477.58500000000004,977.1200000000001,589.225,814.655,648.25,648.25,648.25
552,0.052,477.58500000000004,977.1200000000001,589.225,814.655,648.25,648.25,648.25
553,0.053,477.58500000000004,977.1200000000001,589.8599999999999,815.9549999999999,648.25,648.25,648.25
554,0.054,477.58500000000004,977.1200000000001,589.8599999999999,815.9549999999999,648.25,648.25,648.25
555,0.055,477.58500000000004,977.1200000000001,590.2699999999999,815.9549999999999,648.25,648.25,648.25
556,0.056,477.58500000000004,977.1200000000001,590.2699999999999,815.9549999999999,648.25,648.25,648.25
557,0.057,477.58500000000004,977.1200000000001,590.2699999999999,815.9549999999999,648.25,648.25,648.25
558,0.058,477.58500000000004,977.1200000000001,591.3099999999998,815.9549999999999,648.25,648.25,648.25
559,0.059,477.58500000000004,977.1200000000001,592.5099999999999,815.9549999999999,648.25,648.25,648.25
560,0.06,477.58500000000004,977.1200000000001,592.5099999999999,815.9549999999999,648.25,648.25,648.25
561,0.061,477.58500000000004,977.1200000000001,595.5599999999998,815.9549999999999,648.25,648.25,648.25
562,0.062,477.58500000000004,977.1200000000001,595.5599999999998,815.9549999999999,648.25,648.25,648.25
563,0.063,477.58500000000004,977.1200000000001,595.5599999999998,815.9549999999999,648.25,648.25,648.25
564,0.064,477.58500000000004,977.1200000000001,595.5599999999998,821.4,648.25,648.25,648.25
565,0.065,477.58500000000004,977.1200000000001,595.5599999999998,821.4,648.25,648.25,648.25
566,0.066,477.58500000000004,977.1200000000001,595.5599999999998,822.0350000000001,648.25,648.25,648.25
567,0.067,477.58500000000004,977.1200000000001,595.5599999999998,822.0350000000001,648.25,648.25,648.25
568,0.068,477.58500000000004,977.1200000000001,595.5599999999998,822.0350000000001,648.25,648.25,648.25
569,0.069,477.58500000000004,977.1200000000001,595.5599999999998,822.0350000000001,648.25,648.25,648.25
570,0.07,477.58500000000004,977.1200000000001,595.5599999999998,823.445,648.25,648.25,648.25
571,0.071,477.58500000000004,977.1200000000001,595.5599999999998,823.445,648.25,648.25,648.25
572,0.072,477.58500000000004,977.1200000000001,595.5599999999998,823.445,648.25,648.25,648.25
573,0.073,477.58500000000004,977.1200000000001,595.5599999999998,823.445,648.25,648.25,648.25
574,0.074,477.58500000000004,977.1200000000001,595.5599999999998,823.445,648.25,648.25,648.25
575,0.075,477.58500000000004,977.1200000000001,595.5599999999998,823.445,648.25,648.25,648.25
576,0.076,477.58500000000004,977.1200000000001,595.5599999999998,823.625,648.25,648.25,648.25
577,0.077,477.58500000000004,977.1200000000001,595.5599999999998,823.625,648.25,648.25,648.25
578,0.078,477.58500000000004,977.1200000000001,595.5599999999998,823.625,648.25,648.25,648.25
579,0.079,477.58500000000004,977.1200000000001,595.5599999999998,827.885,648.25,648.25,648.25
580,0.08,477.58500000000004,977.1200000000001,595.5599999999998,830.8700000000001,648.25,648.25,648.25
581,0.081,477.58500000000004,977.1200000000001,596.055,830.8700000000001,648.25,648.25,648.25
582,0.082,477.58500000000004,977.1200000000001,596.055,830.8700000000001,648.25,648.25,648.25
583,0.083,477.58500000000004,977.1200000000001,596.055,830.8700000000001,648.25,648.25,648.25
584,0.084,477.58500000000004,977.1200000000001,607.4,830.8700000000001,648.25,648.25,648.25
585,0.085,477.58500000000004,977.1200000000001,607.4,832.51,648.25,648.25,648.25
586,0.086,477.58500000000004,977.1200000000001,607.4,832.51,648.25,648.25,648.25
587,0.087,477.58500000000004,977.1200000000001,607.4,842.15,648.25,648.25,648.25
588,0.088,477.58500000000004,977.1200000000001,607.4,842.15,648.25,648.25,648.25
589,0.089,477.58500000000004,977.1200000000001,607.4,842.15,648.25,648.25,648.25
590,0.09,477.58500000000004,977.1200000000001,607.8449999999999,842.15,648.25,648.25,648.25
591,0.091,477.58500000000004,977.1200000000001,607.8449999999999,842.15,648.25,648.25,648.25
592,0.092,477.58500000000004,977.1200000000001,621.055,842.15,648.25,648.25,648.25
593,0.093,477.58500000000004,977.1200000000001,621.055,842.15,648.25,648.25,648.25
594,0.094,477.58500000000004,977.1200000000001,621.055,842.15,648.25,648.25,648.25
595,0.095,477.58500000000004,977.1200000000001,621.055,842.15,648.25,648.25,648.25
596,0.096,477.58500000000004,977.1200000000001,621.055,842.15,648.25,648.25,648.25
597,0.097,477.58500000000004,977.1200000000001,621.055,842.15,648.25,648.25,648.25
598,0.098,477.58500000000004,977.1200000000001,621.055,842.15,648.25,648.25,648.25
599,0.099,477.58500000000004,977.1200000000001,626.3399999999999,842.15,648.25,648.25,648.25
600,0.1,477.58500000000004,977.1200000000001,627.5249999999999,842.15,648.25,648.25,648.25
601,0.101,477.58500000000004,977.1200000000001,627.5249999999999,842.15,648.25,648.25,648.25
602,0.102,477.58500000000004,977.1200000000001,627.5249999999999,852.8399999999999,648.25,648.25,648.25
603,0.103,477.58500000000004,977.1200000000001,627.5249999999999,852.8399999999999,648.25,648.25,648.25
604,0.104,477.58500000000004,977.1200000000001,627.5249999999999,852.8399999999999,648.25,648.25,648.25
605,0.105,477.58500000000004,977.1200000000001,627.5249999999999,852.8399999999999,648.25,648.25,648.25
606,0.106,477.58500000000004,977.1200000000001,627.5249999999999,855.6700000000001,648.25,648.25,648.25
607,0.107,477.58500000000004,977.1200000000001,627.5249999999999,855.6700000000001,648.25,648.25,648.25
608,0.108,477.58500000000004,977.1200000000001,627.5249999999999,855.6700000000001,648.25,648.25,648.25
609,0.109,477.58500000000004,977.1200000000001,627.5249999999999,855.6700000000001,648.25,648.25,648.25
610,0.11,477.58500000000004,977.1200000000001,627.5249999999999,855.6700000000001,648.25,648.25,648.25
611,0.111,477.58500000000004,977.1200000000001,627.5249999999999,856.865,648.25,648.25,648.25
612,0.112,477.58500000000004,977.1200000000001,628.265,896.865,648.25,648.25,648.25
613,0.113,477.58500000000004,977.1200000000001,635.115,896.865,648.25,648.25,648.25
614,0.114,477.58500000000004,977.1200000000001,635.115,896.865,648.25,648.25,648.25
615,0.115,477.58500000000004,977.1200000000001,635.115,896.865,648.25,648.25,648.25
616,0.116,477.58500000000004,977.1200000000001,635.115,896.865,648.25,648.25,648.25
617,0.117,477.58500000000004,977.1200000000001,635.115,896.865,648.25,648.25,648.25
618,0.118,477.58500000000004,977.1200000000001,635.115,896.865,648.25,648.25,648.25
619,0.119,477.58500000000004,977.1200000000001,635.115,896.865,648.25,648.25,648.25
620,0.12,477.58500000000004,977.1200000000001,635.115,899.5300000000001,648.25,648.25,648.25
621,0.121,477.58500000000004,977.1200000000001,635.5699999999999,899.5300000000001,648.25,648.25,648.25
622,0.122,477.58500000000004,977.1200000000001,635.5699999999999,899.5300000000001,648.25,648.25,648.25
623,0.123,477.58500000000004,977.1200000000001,635.5699999999999,899.5300000000001,648.25,648.25,648.25
624,0.124,477.58500000000004,977.1200000000001,635.5699999999999,899.5300000000001,648.25,648.25,648.25
625,0.125,477.58500000000004,977.1200000000001,635.5699999999999,900.9350000000001,648.25,648.25,648.25
626,0.126,477.58500000000004,977.1200000000001,635.5699999999999,900.9350000000001,648.25,648.25,648.25
627,0.127,477.58500000000004,977.1200000000001,635.5699999999999,901.71,648.25,648.25,648.25
628,0.128,477.58500000000004,977.1200000000001,635.5699999999999,901.71,648.25,648.25,648.25
629,0.129,477.58500000000004,977.1200000000001,635.5699999999999,901.71,648.25,648.25,648.25
630,0.13,477.58500000000004,977.1200000000001,635.5699999999999,901.71,648.25,648.25,648.25
631,0.131,477.58500000000004,977.1200000000001,635.5699999999999,901.71,648.25,648.25,648.25
632,0.132,477.58500000000004,977.1200000000001,635.5699999999999,901.71,648.25,648.25,648.25
633,0.133,477.58500000000004,977.1200000000001,635.5699999999999,901.71,648.25,648.25,648.25
634,0.134,477.58500000000004,977.1200000000001,635.5699999999999,901.71,648.25,648.25,648.25
635,0.135,477.58500000000004,977.1200000000001,635.5699999999999,901.71,648.25,648.25,648.25
636,0.136,477.58500000000004,977.1200000000001,635.5699999999999,901.71,648.25,648.25,648.25
637,0.137,477.58500000000004,977.1200000000001,638.75,901.71,648.25,648.25,648.25
638,0.138,477.58500000000004,977.1200000000001,638.75,901.71,648.25,648.25,648.25
639,0.139,477.58500000000004,977.1200000000001,638.75,901.71,648.25,648.25,648.25
640,0.14,477.58500000000004,977.1200000000001,638.75,901.71,648.25,648.25,648.25
641,0.141,477.58500000000004,977.1200000000001,647.26,901.71,648.25,648.25,648.25
642,0.142,477.58500000000004,977.1200000000001,647.26,901.71,648.25,648.25,648.25
643,0.143,477.58500000000004,977.1200000000001,647.26,901.71,648.25,648.25,648.25
644,0.144,477.58500000000004,977.1200000000001,647.26,901.71,648.25,648.25,648.25
645,0.145,477.58500000000004,977.1200000000001,647.26,901.71,648.25,648.25,648.25
646,0.146,477.58500000000004,977.1200000000001,647.26,904.1899999999999,648.25,648.25,648.25
647,0.147,477.58500000000004,977.1200000000001,647.26,905.775,648.25,648.25,648.25
648,0.148,477.58500000000004,977.1200000000001,647.26,906.4699999999999,648.25,648.25,648.25
649,0.149,477.58500000000004,977.1200000000001,647.26,906.4699999999999,648.25,648.25,648.25
650,0.15,477.58500000000004,977.1200000000001,647.26,906.4699999999999,648.25,648.25,648.25
651,0.151,477.58500000000004,977.1200000000001,647.26,908.6600000000001,648.25,648.25,648.25
652,0.152,477.58500000000004,977.1200000000001,647.26,908.6600000000001,648.25,648.25,648.25
653,0.153,477.58500000000004,977.1200000000001,647.26,908.6600000000001,648.25,648.25,648.25
654,0.154,477.58500000000004,977.1200000000001,647.26,908.6600000000001,648.25,648.25,648.25
655,0.155,477.58500000000004,977.1200000000001,648.675,908.6600000000001,648.25,648.25,648.25
656,0.156,477.58500000000004,977.1200000000001,648.675,908.6600000000001,648.25,648.25,648.25
657,0.157,477.58500000000004,977.1200000000001,648.675,908.6600000000001,648.25,648.25,648.25
658,0.158,477.58500000000004,977.1200000000001,648.675,913.8299999999999,648.25,648.25,648.25
659,0.159,477.58500000000004,977.1200000000001,648.8399999999999,913.8299999999999,648.25,648.25,648.25
660,0.16,477.58500000000004,977.1200000000001,648.8399999999999,913.8299999999999,648.25,648.25,648.25
661,0.161,477.58500000000004,977.1200000000001,648.8399999999999,914.635,648.25,648.25,648.25
662,0.162,477.58500000000004,977.1200000000001,648.8399999999999,914.635,648.25,648.25,648.25
663,0.163,477.58500000000004,977.1200000000001,648.8399999999999,915.6049999999999,648.25,648.25,648.25
664,0.164,477.58500000000004,977.1200000000001,648.8399999999999,915.6049999999999,648.25,648.25,648.25
665,0.165,477.58500000000004,977.1200000000001,648.8399999999999,915.6049999999999,648.25,648.25,648.25
666,0.166,477.58500000000004,977.1200000000001,648.8399999999999,915.6049999999999,648.25,648.25,648.25
667,0.167,477.58500000000004,977.1200000000001,648.8399999999999,915.6049999999999,648.25,648.25,648.25
668,0.168,477.58500000000004,977.1200000000001,650.085,915.6049999999999,648.25,648.25,648.25
669,0.169,477.58500000000004,977.1200000000001,650.085,915.6049999999999,648.25,648.25,648.25
670,0.17,477.58500000000004,977.1200000000001,651.825,915.6049999999999,648.25,648.25,648.25
671,0.171,477.58500000000004,977.1200000000001,651.825,915.6049999999999,648.25,648.25,648.25
672,0.172,477.58500000000004,977.1200000000001,651.825,916.4,648.25,648.25,648.25
673,0.173,477.58500000000004,977.1200000000001,651.825,916.4,648.25,648.25,648.25
674,0.174,477.58500000000004,977.1200000000001,651.825,916.4,648.25,648.25,648.25
675,0.175,477.58500000000004,977.1200000000001,651.825,916.4,648.25,648.25,648.25
676,0.176,477.58500000000004,977.1200000000001,665.2049999999999,916.4,648.25,648.25,648.25
677,0.177,477.58500000000004,977.1200000000001,665.2049999999999,916.5799999999999,648.25,648.25,648.25
678,0.178,477.58500000000004,977.1200000000001,665.2049999999999,916.5799999999999,648.25,648.25,648.25
679,0.179,477.58500000000004,977.1200000000001,665.2049999999999,925.28,648.25,648.25,648.25
680,0.18,477.58500000000004,977.1200000000001,665.2049999999999,925.28,648.25,648.25,648.25
681,0.181,477.58500000000004,977.1200000000001,665.9100000000001,926.1600000000001,648.25,648.25,648.25
682,0.182,477.58500000000004,977.1200000000001,665.9100000000001,926.945,648.25,648.25,648.25
683,0.183,477.58500000000004,977.1200000000001,665.9100000000001,926.945,648.25,648.25,648.25
684,0.184,477.58500000000004,977.1200000000001,665.9100000000001,926.945,648.25,648.25,648.25
685,0.185,477.58500000000004,977.1200000000001,665.9100000000001,929.3700000000001,648.25,648.25,648.25
686,0.186,477.58500000000004,977.1200000000001,665.9100000000001,929.3700000000001,648.25,648.25,648.25
687,0.187,477.58500000000004,977.1200000000001,665.9100000000001,929.3700000000001,648.25,648.25,648.25
688,0.188,477.58500000000004,977.1200000000001,665.9100000000001,929.3700000000001,648.25,648.25,648.25
689,0.189,477.58500000000004,977.1200000000001,665.9100000000001,929.3700000000001,648.25,648.25,648.25
690,0.19,477.58500000000004,977.1200000000001,665.9100000000001,929.3700000000001,648.25,648.25,648.25
691,0.191,477.58500000000004,977.1200000000001,665.9100000000001,929.3700000000001,648.25,648.25,648.25
692,0.192,477.58500000000004,977.1200000000001,665.9100000000001,931.8000000000002,648.25,648.25,648.25
693,0.193,477.58500000000004,977.1200000000001,666.6049999999999,932.72,648.25,648.25,648.25
694,0.194,477.58500000000004,977.1200000000001,666.6049999999999,932.72,648.25,648.25,648.25
695,0.195,477.58500000000004,977.1200000000001,666.6049999999999,932.72,648.25,648.25,648.25
696,0.196,477.58500000000004,977.1200000000001,666.6049999999999,932.72,648.25,648.25,648.25
697,0.197,477.58500000000004,977.1200000000001,666.6049999999999,932.72,648.25,648.25,648.25
698,0.198,477.58500000000004,977.1200000000001,666.7549999999999,932.72,648.25,648.25,648.25
699,0.199,477.58500000000004,977.1200000000001,666.7549999999999,932.72,648.25,648.25,648.25
700,0.2,477.58500000000004,977.1200000000001,666.7549999999999,932.72,648.25,648.25,648.25
701,0.201,477.58500000000004,977.1200000000001,666.7549999999999,932.72,648.25,648.25,648.25
702,0.202,477.58500000000004,977.1200000000001,668.195,932.9399999999999,648.25,648.25,648.25
703,0.203,477.58500000000004,977.1200000000001,668.195,935.1300000000001,648.25,648.25,648.25
704,0.204,477.58500000000004,977.1200000000001,668.195,935.1300000000001,648.25,648.25,648.25
705,0.205,477.58500000000004,977.1200000000001,668.195,938.9500000000002,648.25,648.25,648.25
706,0.206,477.58500000000004,977.1200000000001,668.195,938.9500000000002,648.25,648.25,648.25
707,0.207,477.58500000000004,977.1200000000001,668.195,961.7700000000001,648.25,648.25,648.25
708,0.208,477.58500000000004,977.1200000000001,668.195,967.6450000000001,648.25,648.25,648.25
709,0.209,477.58500000000004,977.1200000000001,668.195,971.1650000000002,648.25,648.25,648.25
710,0.21,477.58500000000004,977.1200000000001,668.195,971.1650000000002,648.25,648.25,648.25
711,0.211,477.58500000000004,977.1200000000001,672.625,971.1650000000002,648.25,648.25,648.25
712,0.212,477.58500000000004,977.1200000000001,672.625,971.1650000000002,648.25,648.25,648.25
713,0.213,477.58500000000004,977.1200000000001,672.625,971.1650000000002,648.25,648.25,648.25
714,0.214,477.58500000000004,977.1200000000001,672.625,971.5600000000001,648.25,648.25,648.25
715,0.215,477.58500000000004,977.1200000000001,672.625,971.5600000000001,648.25,648.25,648.25
716,0.216,477.58500000000004,977.1200000000001,672.625,971.5600000000001,648.25,648.25,648.25
717,0.217,477.58500000000004,977.1200000000001,672.625,971.5600000000001,648.25,648.25,648.25
718,0.218,477.58500000000004,977.1200000000001,681.3149999999999,971.5600000000001,648.25,648.25,648.25
719,0.219,477.58500000000004,977.1200000000001,681.65,971.5600000000001,648.25,648.25,648.25
720,0.22,477.58500000000004,977.1200000000001,681.8299999999999,971.5600000000001,648.25,648.25,648.25
721,0.221,477.58500000000004,977.1200000000001,681.8299999999999,973.1,648.25,648.25,648.25
722,0.222,477.58500000000004,977.1200000000001,687.3349999999999,973.1,648.25,648.25,648.25
723,0.223,477.58500000000004,977.1200000000001,693.655,974.03,648.25,648.25,648.25
724,0.224,477.58500000000004,977.1200000000001,693.655,974.03,648.25,648.25,648.25
725,0.225,477.58500000000004,977.1200000000001,693.655,974.03,648.25,648.25,648.25
726,0.226,477.58500000000004,977.1200000000001,693.655,974.03,648.25,648.25,648.25
727,0.227,477.58500000000004,977.1200000000001,693.655,974.03,648.25,648.25,648.25
728,0.228,477.58500000000004,977.1200000000001,693.655,974.6,648.25,648.25,648.25
729,0.229,477.58500000000004,977.1200000000001,693.655,974.6,648.25,648.25,648.25
730,0.23,477.58500000000004,977.1200000000001,693.655,974.6,648.25,648.25,648.25
731,0.231,477.58500000000004,977.1200000000001,693.655,974.9350000000001,648.25,648.25,648.25
732,0.232,477.58500000000004,977.1200000000001,693.655,974.9350000000001,648.25,648.25,648.25
733,0.233,477.58500000000004,977.1200000000001,693.655,974.9350000000001,648.25,648.25,648.25
734,0.234,477.58500000000004,977.1200000000001,693.655,974.9350000000001,648.25,648.25,648.25
735,0.235,477.58500000000004,977.1200000000001,694.205,974.9350000000001,648.25,648.25,648.25
736,0.236,477.58500000000004,977.1200000000001,694.205,974.9350000000001,648.25,648.25,648.25
737,0.237,477.58500000000004,977.1200000000001,694.205,974.9350000000001,648.25,648.25,648.25
738,0.238,477.58500000000004,977.1200000000001,694.205,974.9350000000001,648.25,648.25,648.25
739,0.239,477.58500000000004,977.1200000000001,694.205,975.3,648.25,648.25,648.25
740,0.24,477.58500000000004,977.1200000000001,695.8149999999999,975.3,648.25,648.25,648.25
741,0.241,477.58500000000004,977.1200000000001,696.695,975.3,648.25,648.25,648.25
742,0.242,477.58500000000004,977.1200000000001,696.695,975.3,648.25,648.25,648.25
743,0.243,477.58500000000004,977.1200000000001,716.0450000000001,975.3,648.25,648.25,648.25
744,0.244,477.58500000000004,977.1200000000001,716.0450000000001,976.1850000000002,648.25,648.25,648.25
745,0.245,477.58500000000004,977.1200000000001,716.1550000000001,976.1850000000002,648.25,648.25,648.25
746,0.246,477.58500000000004,977.1200000000001,716.1550000000001,976.8950000000001,648.25,648.25,648.25
747,0.247,477.58500000000004,977.1200000000001,716.2050000000002,977.1,648.25,648.25,648.25
748,0.248,477.58500000000004,977.1200000000001,716.2050000000002,977.1,648.25,648.25,648.25
749,0.249,477.58500000000004,977.1200000000001,716.2050000000002,977.1,648.25,648.25,648.25
750,0.25,477.58500000000004,977.1200000000001,716.2050000000002,977.1200000000001,648.25,648.25,648.25
751,0.251,477.58500000000004,977.1200000000001,716.925,648.25,648.25,648.25,648.25
752,0.252,477.58500000000004,977.1200000000001,717.6650000000002,648.25,648.25,648.25,648.25
753,0.253,477.58500000000004,977.1200000000001,717.6650000000002,648.25,648.25,648.25,648.25
754,0.254,477.58500000000004,977.1200000000001,717.6650000000002,648.25,648.25,648.25,648.25
755,0.255,477.58500000000004,977.1200000000001,717.6650000000002,648.25,648.25,648.25,648.25
756,0.256,477.58500000000004,977.1200000000001,717.6650000000002,648.25,648.25,648.25,648.25
757,0.257,477.58500000000004,977.1200000000001,717.6650000000002,648.25,648.25,648.25,648.25
758,0.258,477.58500000000004,977.1200000000001,717.6650000000002,648.25,648.25,648.25,648.25
759,0.259,477.58500000000004,977.1200000000001,717.6650000000002,648.25,648.25,648.25,648.25
760,0.26,477.58500000000004,977.1200000000001,717.6650000000002,648.25,648.25,648.25,648.25
761,0.261,477.58500000000004,977.1200000000001,717.6650000000002,648.25,648.25,648.25,648.25
762,0.262,477.58500000000004,977.1200000000001,718.3,648.25,648.25,648.25,648.25
763,0.263,477.58500000000004,977.1200000000001,718.3,648.25,648.25,648.25,648.25
764,0.264,477.58500000000004,977.1200000000001,718.3,648.25,648.25,648.25,648.25
765,0.265,477.58500000000004,977.1200000000001,718.3,648.25,648.25,648.25,648.25
766,0.266,477.58500000000004,977.1200000000001,718.3,648.25,648.25,648.25,648.25
767,0.267,477.58500000000004,977.1200000000001,718.3,648.25,648.25,648.25,648.25
768,0.268,477.58500000000004,977.1200000000001,718.3,648.25,648.25,648.25,648.25
769,0.269,477.58500000000004,977.1200000000001,718.3,648.25,648.25,648.25,648.25
770,0.27,477.58500000000004,977.1200000000001,718.3,648.25,648.25,648.25,648.25
771,0.271,477.58500000000004,977.1200000000001,718.3,648.25,648.25,648.25,648.25
772,0.272,477.58500000000004,977.1200000000001,718.8650000000001,648.25,648.25,648.25,648.25
773,0.273,477.58500000000004,977.1200000000001,718.8650000000001,648.25,648.25,648.25,648.25
774,0.274,477.58500000000004,977.1200000000001,718.8650000000001,648.25,648.25,648.25,648.25
775,0.275,477.58500000000004,977.1200000000001,718.8650000000001,648.25,648.25,648.25,648.25
776,0.276,477.58500000000004,977.1200000000001,718.8650000000001,648.25,648.25,648.25,648.25
777,0.277,477.58500000000004,977.1200000000001,719.0650000000002,648.25,648.25,648.25,648.25
778,0.278,477.58500000000004,977.1200000000001,719.0650000000002,648.25,648.25,648.25,648.25
779,0.279,477.58500000000004,977.1200000000001,719.0650000000002,648.25,648.25,648.25,648.25
780,0.28,477.58500000000004,977.1200000000001,719.6750000000002,648.25,648.25,648.25,648.25
781,0.281,477.58500000000004,977.1200000000001,719.6750000000002,648.25,648.25,648.25,648.25
782,0.282,477.58500000000004,977.1200000000001,719.6750000000002,648.25,648.25,648.25,648.25
783,0.283,477.58500000000004,977.1200000000001,720.4800000000001,648.25,648.25,648.25,648.25
784,0.284,477.58500000000004,977.1200000000001,720.4800000000001,648.25,648.25,648.25,648.25
785,0.285,477.58500000000004,977.1200000000001,720.9350000000001,648.25,648.25,648.25,648.25
786,0.286,477.58500000000004,977.1200000000001,720.9350000000001,648.25,648.25,648.25,648.25
787,0.287,477.58500000000004,977.1200000000001,720.9350000000001,648.25,648.25,648.25,648.25
788,0.288,477.58500000000004,977.1200000000001,720.9350000000001,648.25,648.25,648.25,648.25
789,0.289,477.58500000000004,977.1200000000001,728.7950000000001,648.25,648.25,648.25,648.25
790,0.29,477.58500000000004,977.1200000000001,730.0500000000002,648.25,648.25,648.25,648.25
791,0.291,477.58500000000004,977.1200000000001,730.2150000000001,648.25,648.25,648.25,648.25
792,0.292,477.58500000000004,977.1200000000001,730.2150000000001,648.25,648.25,648.25,648.25
793,0.293,477.58500000000004,977.1200000000001,778.135,648.25,648.25,648.25,648.25
794,0.294,477.58500000000004,977.1200000000001,778.135,648.25,648.25,648.25,648.25
795,0.295,477.58500000000004,977.1200000000001,778.135,648.25,648.25,648.25,648.25
796,0.296,477.58500000000004,977.1200000000001,778.135,648.25,648.25,648.25,648.25
797,0.297,477.58500000000004,977.1200000000001,781.265,648.25,648.25,648.25,648.25
798,0.298,477.58500000000004,977.1200000000001,787.2299999999999,648.25,648.25,648.25,648.25
799,0.299,477.58500000000004,977.1200000000001,788.475,648.25,648.25,648.25,648.25
800,0.3,477.58500000000004,977.1200000000001,788.475,648.25,648.25,648.25,648.25
801,0.301,477.58500000000004,977.1200000000001,788.475,648.25,648.25,648.25,648.25
802,0.302,477.58500000000004,977.1200000000001,788.475,648.25,648.25,648.25,648.25
803,0.303,477.58500000000004,977.1200000000001,788.475,648.25,648.25,648.25,648.25
804,0.304,477.58500000000004,977.1200000000001,790.1949999999999,648.25,648.25,648.25,648.25
805,0.305,477.58500000000004,977.1200000000001,790.1949999999999,648.25,648.25,648.25,648.25
806,0.306,477.58500000000004,977.1200000000001,790.1949999999999,648.25,648.25,648.25,648.25
807,0.307,477.58500000000004,977.1200000000001,790.1949999999999,648.25,648.25,648.25,648.25
808,0.308,477.58500000000004,977.1200000000001,791.6,648.25,648.25,648.25,648.25
809,0.309,477.58500000000004,977.1200000000001,793.325,648.25,648.25,648.25,648.25
810,0.31,477.58500000000004,977.1200000000001,793.325,648.25,648.25,648.25,648.25
811,0.311,477.58500000000004,977.1200000000001,793.325,648.25,648.25,648.25,648.25
812,0.312,477.58500000000004,977.1200000000001,793.325,648.25,648.25,648.25,648.25
813,0.313,477.58500000000004,977.1200000000001,793.39,648.25,648.25,648.25,648.25
814,0.314,477.58500000000004,977.1200000000001,793.39,648.25,648.25,648.25,648.25
815,0.315,477.58500000000004,977.1200000000001,793.39,648.25,648.25,648.25,648.25
816,0.316,477.58500000000004,977.1200000000001,793.39,648.25,648.25,648.25,648.25
817,0.317,477.58500000000004,977.1200000000001,793.975,648.25,648.25,648.25,648.25
818,0.318,477.58500000000004,977.1200000000001,793.975,648.25,648.25,648.25,648.25
819,0.319,477.58500000000004,977.1200000000001,793.975,648.25,648.25,648.25,648.25
820,0.32,477.58500000000004,977.1200000000001,793.975,648.25,648.25,648.25,648.25
821,0.321,477.58500000000004,977.1200000000001,793.975,648.25,648.25,648.25,648.25
822,0.322,477.58500000000004,977.1200000000001,793.975,648.25,648.25,648.25,648.25
823,0.323,477.58500000000004,977.1200000000001,797.115,648.25,648.25,648.25,648.25
824,0.324,477.58500000000004,977.1200000000001,797.115,648.25,648.25,648.25,648.25
825,0.325,477.58500000000004,977.1200000000001,797.115,648.25,648.25,648.25,648.25
826,0.326,477.58500000000004,977.1200000000001,797.115,648.25,648.25,648.25,648.25
827,0.327,477.58500000000004,977.1200000000001,797.115,648.25,648.25,648.25,648.25
828,0.328,477.58500000000004,977.1200000000001,797.115,648.25,648.25,648.25,648.25
829,0.329,477.58500000000004,977.1200000000001,797.115,648.25,648.25,648.25,648.25
830,0.33,477.58500000000004,977.1200000000001,797.115,648.25,648.25,648.25,648.25
831,0.331,477.58500000000004,977.1200000000001,797.115,648.25,648.25,648.25,648.25
832,0.332,477.58500000000004,977.1200000000001,797.115,648.25,648.25,648.25,648.25
833,0.333,477.58500000000004,977.1200000000001,797.115,648.25,648.25,648.25,648.25
834,0.334,477.58500000000004,977.1200000000001,798.8299999999999,648.25,648.25,648.25,648.25
835,0.335,477.58500000000004,977.1200000000001,798.8299999999999,648.25,648.25,648.25,648.25
836,0.336,477.58500000000004,977.1200000000001,798.8299999999999,648.25,648.25,648.25,648.25
837,0.337,477.58500000000004,977.1200000000001,798.8299999999999,648.25,648.25,648.25,648.25
838,0.338,477.58500000000004,977.1200000000001,798.8299999999999,648.25,648.25,648.25,648.25
839,0.339,477.58500000000004,977.1200000000001,801.8799999999999,648.25,648.25,648.25,648.25
840,0.34,477.58500000000004,977.1200000000001,801.8799999999999,648.25,648.25,648.25,648.25
841,0.341,477.58500000000004,977.1200000000001,801.8799999999999,648.25,648.25,648.25,648.25
842,0.342,477.58500000000004,977.1200000000001,801.8799999999999,648.25,648.25,648.25,648.25
843,0.343,477.58500000000004,977.1200000000001,801.8799999999999,648.25,648.25,648.25,648.25
844,0.344,477.58500000000004,977.1200000000001,801.8799999999999,648.25,648.25,648.25,648.25
845,0.345,477.58500000000004,977.1200000000001,801.8799999999999,648.25,648.25,648.25,648.25
846,0.346,477.58500000000004,977.1200000000001,801.8799999999999,648.25,648.25,648.25,648.25
847,0.347,477.58500000000004,977.1200000000001,801.8799999999999,648.25,648.25,648.25,648.25
848,0.348,477.58500000000004,977.1200000000001,801.8799999999999,648.25,648.25,648.25,648.25
849,0.349,477.58500000000004,977.1200000000001,801.8799999999999,648.25,648.25,648.25,648.25
850,0.35,477.58500000000004,977.1200000000001,801.8799999999999,648.25,648.25,648.25,648.25
851,0.351,477.58500000000004,977.1200000000001,801.8799999999999,648.25,648.25,648.25,648.25
852,0.352,477.58500000000004,977.1200000000001,802.3749999999999,648.25,648.25,648.25,648.25
853,0.353,477.58500000000004,977.1200000000001,810.1049999999999,648.25,648.25,648.25,648.25
854,0.354,477.58500000000004,977.1200000000001,810.5749999999999,648.25,648.25,648.25,648.25
855,0.355,477.58500000000004,977.1200000000001,810.5749999999999,648.25,648.25,648.25,648.25
856,0.356,477.58500000000004,977.1200000000001,811.1249999999999,648.25,648.25,648.25,648.25
857,0.357,477.58500000000004,977.1200000000001,811.1249999999999,648.25,648.25,648.25,648.25
858,0.358,477.58500000000004,977.1200000000001,811.1249999999999,648.25,648.25,648.25,648.25
859,0.359,477.58500000000004,977.1200000000001,811.1249999999999,648.25,648.25,648.25,648.25
860,0.36,477.58500000000004,977.1200000000001,811.4749999999999,648.25,648.25,648.25,648.25
861,0.361,477.58500000000004,977.1200000000001,812.18,648.25,648.25,648.25,648.25
862,0.362,477.58500000000004,977.1200000000001,812.18,648.25,648.25,648.25,648.25
863,0.363,477.58500000000004,977.1200000000001,812.18,648.25,648.25,648.25,648.25
864,0.364,477.58500000000004,977.1200000000001,814.655,648.25,648.25,648.25,648.25
865,0.365,477.58500000000004,977.1200000000001,814.655,648.25,648.25,648.25,648.25
866,0.366,477.58500000000004,977.1200000000001,814.655,648.25,648.25,648.25,648.25
867,0.367,477.58500000000004,977.1200000000001,814.655,648.25,648.25,648.25,648.25
868,0.368,477.58500000000004,977.1200000000001,814.655,648.25,648.25,648.25,648.25
869,0.369,477.58500000000004,977.1200000000001,815.9549999999999,648.25,648.25,648.25,648.25
870,0.37,477.58500000000004,977.1200000000001,815.9549999999999,648.25,648.25,648.25,648.25
871,0.371,477.58500000000004,977.1200000000001,815.9549999999999,648.25,648.25,648.25,648.25
872,0.372,477.58500000000004,977.1200000000001,815.9549999999999,648.25,648.25,648.25,648.25
873,0.373,477.58500000000004,977.1200000000001,815.9549999999999,648.25,648.25,648.25,648.25
874,0.374,477.58500000000004,977.1200000000001,815.9549999999999,648.25,648.25,648.25,648.25
875,0.375,477.58500000000004,977.1200000000001,815.9549999999999,648.25,648.25,648.25,648.25
876,0.376,477.58500000000004,977.1200000000001,821.4,648.25,648.25,648.25,648.25
877,0.377,477.58500000000004,977.1200000000001,821.4,648.25,648.25,648.25,648.25
878,0.378,477.58500000000004,977.1200000000001,822.0350000000001,648.25,648.25,648.25,648.25
879,0.379,477.58500000000004,977.1200000000001,822.0350000000001,648.25,648.25,648.25,648.25
880,0.38,477.58500000000004,977.1200000000001,823.445,648.25,648.25,648.25,648.25
881,0.381,477.58500000000004,977.1200000000001,823.445,648.25,648.25,648.25,648.25
882,0.382,477.58500000000004,977.1200000000001,823.445,648.25,648.25,648.25,648.25
883,0.383,477.58500000000004,977.1200000000001,823.445,648.25,648.25,648.25,648.25
884,0.384,477.58500000000004,977.1200000000001,823.625,648.25,648.25,648.25,648.25
885,0.385,477.58500000000004,977.1200000000001,823.625,648.25,648.25,648.25,648.25
886,0.386,477.58500000000004,977.1200000000001,827.885,648.25,648.25,648.25,648.25
887,0.387,477.58500000000004,977.1200000000001,830.8700000000001,648.25,648.25,648.25,648.25
888,0.388,477.58500000000004,977.1200000000001,830.8700000000001,648.25,648.25,648.25,648.25
889,0.389,477.58500000000004,977.1200000000001,830.8700000000001,648.25,648.25,648.25,648.25
890,0.39,477.58500000000004,977.1200000000001,832.51,648.25,648.25,648.25,648.25
891,0.391,477.58500000000004,977.1200000000001,832.51,648.25,648.25,648.25,648.25
892,0.392,477.58500000000004,977.1200000000001,842.15,648.25,648.25,648.25,648.25
893,0.393,477.58500000000004,977.1200000000001,842.15,648.25,648.25,648.25,648.25
894,0.394,477.58500000000004,977.1200000000001,842.15,648.25,648.25,648.25,648.25
895,0.395,477.58500000000004,977.1200000000001,842.15,648.25,648.25,648.25,648.25
896,0.396,477.58500000000004,977.1200000000001,842.15,648.25,648.25,648.25,648.25
897,0.397,477.58500000000004,977.1200000000001,842.15,648.25,648.25,648.25,648.25
898,0.398,477.58500000000004,977.1200000000001,842.15,648.25,648.25,648.25,648.25
899,0.399,477.58500000000004,977.1200000000001,842.15,648.25,648.25,648.25,648.25
900,0.4,477.58500000000004,977.1200000000001,842.15,648.25,648.25,648.25,648.25
901,0.401,477.58500000000004,977.1200000000001,845.195,648.25,648.25,648.25,648.25
902,0.402,477.58500000000004,977.1200000000001,852.8399999999999,648.25,648.25,648.25,648.25
903,0.403,477.58500000000004,977.1200000000001,852.8399999999999,648.25,648.25,648.25,648.25
904,0.404,477.58500000000004,977.1200000000001,855.6700000000001,648.25,648.25,648.25,648.25
905,0.405,477.58500000000004,977.1200000000001,855.6700000000001,648.25,648.25,648.25,648.25
906,0.406,477.58500000000004,977.1200000000001,855.6700000000001,648.25,648.25,648.25,648.25
907,0.407,477.58500000000004,977.1200000000001,856.865,648.25,648.25,648.25,648.25
908,0.408,477.58500000000004,977.1200000000001,896.865,648.25,648.25,648.25,648.25
909,0.409,477.58500000000004,977.1200000000001,896.865,648.25,648.25,648.25,648.25
910,0.41,477.58500000000004,977.1200000000001,896.865,648.25,648.25,648.25,648.25
911,0.411,477.58500000000004,977.1200000000001,896.865,648.25,648.25,648.25,648.25
912,0.412,477.58500000000004,977.1200000000001,896.865,648.25,648.25,648.25,648.25
913,0.413,477.58500000000004,977.1200000000001,896.865,648.25,648.25,648.25,648.25
914,0.414,477.58500000000004,977.1200000000001,899.5300000000001,648.25,648.25,648.25,648.25
915,0.415,477.58500000000004,977.1200000000001,899.5300000000001,648.25,648.25,648.25,648.25
916,0.416,477.58500000000004,977.1200000000001,899.5300000000001,648.25,648.25,648.25,648.25
917,0.417,477.58500000000004,977.1200000000001,900.9350000000001,648.25,648.25,648.25,648.25
918,0.418,477.58500000000004,977.1200000000001,901.71,648.25,648.25,648.25,648.25
919,0.419,477.58500000000004,977.1200000000001,901.71,648.25,648.25,648.25,648.25
920,0.42,477.58500000000004,977.1200000000001,901.71,648.25,648.25,648.25,648.25
921,0.421,477.58500000000004,977.1200000000001,901.71,648.25,648.25,648.25,648.25
922,0.422,477.58500000000004,977.1200000000001,901.71,648.25,648.25,648.25,648.25
923,0.423,477.58500000000004,977.1200000000001,901.71,648.25,648.25,648.25,648.25
924,0.424,477.58500000000004,977.1200000000001,901.71,648.25,648.25,648.25,648.25
925,0.425,477.58500000000004,977.1200000000001,901.71,648.25,648.25,648.25,648.25
926,0.426,477.58500000000004,977.1200000000001,901.71,648.25,648.25,648.25,648.25
927,0.427,477.58500000000004,977.1200000000001,901.71,648.25,648.25,648.25,648.25
928,0.428,477.58500000000004,977.1200000000001,901.71,648.25,648.25,648.25,648.25
929,0.429,477.58500000000004,977.1200000000001,901.71,648.25,648.25,648.25,648.25
930,0.43,477.58500000000004,977.1200000000001,901.71,648.25,648.25,648.25,648.25
931,0.431,477.58500000000004,977.1200000000001,904.1899999999999,648.25,648.25,648.25,648.25
932,0.432,477.58500000000004,977.1200000000001,906.4699999999999,648.25,648.25,648.25,648.25
933,0.433,477.58500000000004,977.1200000000001,906.4699999999999,648.25,648.25,648.25,648.25
934,0.434,477.58500000000004,977.1200000000001,908.6600000000001,648.25,648.25,648.25,648.25
935,0.435,477.58500000000004,977.1200000000001,908.6600000000001,648.25,648.25,648.25,648.25
936,0.436,477.58500000000004,977.1200000000001,908.6600000000001,648.25,648.25,648.25,648.25
937,0.437,477.58500000000004,977.1200000000001,908.6600000000001,648.25,648.25,648.25,648.25
938,0.438,477.58500000000004,977.1200000000001,908.6600000000001,648.25,648.25,648.25,648.25
939,0.439,477.58500000000004,977.1200000000001,913.8299999999999,648.25,648.25,648.25,648.25
940,0.44,477.58500000000004,977.1200000000001,913.8299999999999,648.25,648.25,648.25,648.25
941,0.441,477.58500000000004,977.1200000000001,914.635,648.25,648.25,648.25,648.25
942,0.442,477.58500000000004,977.1200000000001,915.6049999999999,648.25,648.25,648.25,648.25
943,0.443,477.58500000000004,977.1200000000001,915.6049999999999,648.25,648.25,648.25,648.25
944,0.444,477.58500000000004,977.1200000000001,915.6049999999999,648.25,648.25,648.25,648.25
945,0.445,477.58500000000004,977.1200000000001,915.6049999999999,648.25,648.25,648.25,648.25
946,0.446,477.58500000000004,977.1200000000001,915.6049999999999,648.25,648.25,648.25,648.25
947,0.447,477.58500000000004,977.1200000000001,915.6049999999999,648.25,648.25,648.25,648.25
948,0.448,477.58500000000004,977.1200000000001,916.4,648.25,648.25,648.25,648.25
949,0.449,477.58500000000004,977.1200000000001,916.4,648.25,648.25,648.25,648.25
950,0.45,477.58500000000004,977.1200000000001,916.4,648.25,648.25,648.25,648.25
951,0.451,477.58500000000004,977.1200000000001,916.5799999999999,648.25,648.25,648.25,648.25
952,0.452,477.58500000000004,977.1200000000001,916.5799999999999,648.25,648.25,648.25,648.25
953,0.453,477.58500000000004,977.1200000000001,925.28,648.25,648.25,648.25,648.25
954,0.454,477.58500000000004,977.1200000000001,926.1600000000001,648.25,648.25,648.25,648.25
955,0.455,477.58500000000004,977.1200000000001,926.945,648.25,648.25,648.25,648.25
956,0.456,477.58500000000004,977.1200000000001,926.945,648.25,648.25,648.25,648.25
957,0.457,477.58500000000004,977.1200000000001,929.3700000000001,648.25,648.25,648.25,648.25
958,0.458,477.58500000000004,977.1200000000001,929.3700000000001,648.25,648.25,648.25,648.25
959,0.459,477.58500000000004,977.1200000000001,929.3700000000001,648.25,648.25,648.25,648.25
960,0.46,477.58500000000004,977.1200000000001,929.3700000000001,648.25,648.25,648.25,648.25
961,0.461,477.58500000000004,977.1200000000001,931.8000000000002,648.25,648.25,648.25,648.25
962,0.462,477.58500000000004,977.1200000000001,932.72,648.25,648.25,648.25,648.25
963,0.463,477.58500000000004,977.1200000000001,932.72,648.25,648.25,648.25,648.25
964,0.464,477.58500000000004,977.1200000000001,932.72,648.25,648.25,648.25,648.25
965,0.465,477.58500000000004,977.1200000000001,932.72,648.25,648.25,648.25,648.25
966,0.466,477.58500000000004,977.1200000000001,932.72,648.25,648.25,648.25,648.25
967,0.467,477.58500000000004,977.1200000000001,932.72,648.25,648.25,648.25,648.25
968,0.468,477.58500000000004,977.1200000000001,932.9399999999999,648.25,648.25,648.25,648.25
969,0.469,477.58500000000004,977.1200000000001,935.1300000000001,648.25,648.25,648.25,648.25
970,0.47,477.58500000000004,977.1200000000001,938.9500000000002,648.25,648.25,648.25,648.25
971,0.471,477.58500000000004,977.1200000000001,938.9500000000002,648.25,648.25,648.25,648.25
972,0.472,477.58500000000004,977.1200000000001,967.6450000000001,648.25,648.25,648.25,648.25
973,0.473,477.58500000000004,977.1200000000001,971.1650000000002,648.25,648.25,648.25,648.25
974,0.474,477.58500000000004,977.1200000000001,971.1650000000002,648.25,648.25,648.25,648.25
975,0.475,477.58500000000004,977.1200000000001,971.1650000000002,648.25,648.25,648.25,648.25
976,0.476,477.58500000000004,977.1200000000001,971.5600000000001,648.25,648.25,648.25,648.25
977,0.477,477.58500000000004,977.1200000000001,971.5600000000001,648.25,648.25,648.25,648.25
978,0.478,477.58500000000004,977.1200000000001,971.5600000000001,648.25,648.25,648.25,648.25
979,0.479,477.58500000000004,977.1200000000001,971.5600000000001,648.25,648.25,648.25,648.25
980,0.48,477.58500000000004,977.1200000000001,971.5600000000001,648.25,648.25,648.25,648.25
981,0.481,477.58500000000004,977.1200000000001,973.1,648.25,648.25,648.25,648.25
982,0.482,477.58500000000004,977.1200000000001,974.03,648.25,648.25,648.25,648.25
983,0.483,477.58500000000004,977.1200000000001,974.03,648.25,648.25,648.25,648.25
984,0.484,477.58500000000004,977.1200000000001,974.03,648.25,648.25,648.25,648.25
985,0.485,477.58500000000004,977.1200000000001,974.03,648.25,648.25,648.25,648.25
986,0.486,477.58500000000004,977.1200000000001,974.6,648.25,648.25,648.25,648.25
987,0.487,477.58500000000004,977.1200000000001,974.6,648.25,648.25,648.25,648.25
988,0.488,477.58500000000004,977.1200000000001,974.9350000000001,648.25,648.25,648.25,648.25
989,0.489,477.58500000000004,977.1200000000001,974.9350000000001,648.25,648.25,648.25,648.25
990,0.49,477.58500000000004,977.1200000000001,974.9350000000001,648.25,648.25,648.25,648.25
991,0.491,477.58500000000004,977.1200000000001,974.9350000000001,648.25,648.25,648.25,648.25
992,0.492,477.58500000000004,977.1200000000001,974.9350000000001,648.25,648.25,648.25,648.25
993,0.493,477.58500000000004,977.1200000000001,975.3,648.25,648.25,648.25,648.25
994,0.494,477.58500000000004,977.1200000000001,975.3,648.25,648.25,648.25,648.25
995,0.495,477.58500000000004,977.1200000000001,975.3,648.25,648.25,648.25,648.25
996,0.496,477.58500000000004,977.1200000000001,976.1850000000002,648.25,648.25,648.25,648.25
997,0.497,477.58500000000004,977.1200000000001,976.6400000000001,648.25,648.25,648.25,648.25
998,0.498,477.58500000000004,977.1200000000001,977.1,648.25,648.25,648.25,648.25
999,0.499,477.58500000000004,977.1200000000001,977.1,648.25,648.25,648.25,648.25
1000,0.5,477.58500000000004,977.1200000000001,977.1200000000001,648.25,648.25,648.25,648.25
