,eta,pure online,best price,"payoff(Hn=0.100, Hp=0.100)","payoff(Hn=0.200, Hp=0.200)","payoff(Hn=0.300, Hp=0.300)","payoff(Hn=0.400, Hp=0.400)","payoff(Hn=0.500, Hp=0.500)"
0,-0.5,477.58500000000004,977.1200000000001,,,,,777.4300000000001
1,-0.4989979959919839,477.58500000000004,977.1200000000001,,,,,777.4300000000001
2,-0.4979959919839679,477.58500000000004,977.1200000000001,,,,,777.4300000000001
3,-0.49699398797595185,477.58500000000004,977.1200000000001,,,,,777.2249999999999
4,-0.4959919839679358,477.58500000000004,977.1200000000001,,,,,777.2249999999999
5,-0.4949899799599198,477.58500000000004,977.1200000000001,,,,,777.2249999999999
6,-0.49398797595190375,477.58500000000004,977.1200000000001,,,,,777.2249999999999
7,-0.4929859719438877,477.58500000000004,977.1200000000001,,,,,777.2249999999999
8,-0.4919839679358717,477.58500000000004,977.1200000000001,,,,,776.8599999999999
9,-0.49098196392785565,477.58500000000004,977.1200000000001,,,,,776.8599999999999
10,-0.4899799599198396,477.58500000000004,977.1200000000001,,,,,776.8599999999999
11,-0.4889779559118236,477.58500000000004,977.1200000000001,,,,,776.8599999999999
12,-0.48797595190380755,477.58500000000004,977.1200000000001,,,,,776.8599999999999
13,-0.48697394789579157,477.58500000000004,977.1200000000001,,,,,776.8599999999999
14,-0.48597194388777554,477.58500000000004,977.1200000000001,,,,,776.8599999999999
15,-0.4849699398797595,477.58500000000004,977.1200000000001,,,,,776.8599999999999
16,-0.48396793587174347,477.58500000000004,977.1200000000001,,,,,776.8599999999999
17,-0.48296593186372744,477.58500000000004,977.1200000000001,,,,,776.8599999999999
18,-0.4819639278557114,477.58500000000004,977.1200000000001,,,,,776.8599999999999
19,-0.48096192384769537,477.58500000000004,977.1200000000001,,,,,776.8599999999999
20,-0.47995991983967934,477.58500000000004,977.1200000000001,,,,,776.8599999999999
21,-0.4789579158316633,477.58500000000004,977.1200000000001,,,,,776.8599999999999
22,-0.4779559118236473,477.58500000000004,977.1200000000001,,,,,776.8599999999999
23,-0.47695390781563124,477.58500000000004,977.1200000000001,,,,,776.8599999999999
24,-0.4759519038076152,477.58500000000004,977.1200000000001,,,,,776.8599999999999
25,-0.4749498997995992,477.58500000000004,977.1200000000001,,,,,776.8599999999999
26,-0.47394789579158314,477.58500000000004,977.1200000000001,,,,,776.8599999999999
27,-0.4729458917835671,477.58500000000004,977.1200000000001,,,,,776.8599999999999
28,-0.4719438877755511,477.58500000000004,977.1200000000001,,,,,776.8599999999999
29,-0.47094188376753504,477.58500000000004,977.1200000000001,,,,,754.04
30,-0.469939879759519,477.58500000000004,977.1200000000001,,,,,754.04
31,-0.468937875751503,477.58500000000004,977.1200000000001,,,,,754.04
32,-0.46793587174348694,477.58500000000004,977.1200000000001,,,,,751.85
33,-0.4669338677354709,477.58500000000004,977.1200000000001,,,,,751.85
34,-0.4659318637274549,477.58500000000004,977.1200000000001,,,,,751.85
35,-0.46492985971943884,477.58500000000004,977.1200000000001,,,,,751.85
36,-0.4639278557114228,477.58500000000004,977.1200000000001,,,,,751.85
37,-0.4629258517034068,477.58500000000004,977.1200000000001,,,,,751.85
38,-0.46192384769539074,477.58500000000004,977.1200000000001,,,,,751.85
39,-0.4609218436873747,477.58500000000004,977.1200000000001,,,,,751.85
40,-0.4599198396793587,477.58500000000004,977.1200000000001,,,,,751.85
41,-0.45891783567134264,477.58500000000004,977.1200000000001,,,,,751.85
42,-0.4579158316633266,477.58500000000004,977.1200000000001,,,,,751.85
43,-0.4569138276553106,477.58500000000004,977.1200000000001,,,,,751.85
44,-0.45591182364729455,477.58500000000004,977.1200000000001,,,,,751.85
45,-0.4549098196392785,477.58500000000004,977.1200000000001,,,,,751.85
46,-0.4539078156312625,477.58500000000004,977.1200000000001,,,,,751.85
47,-0.45290581162324645,477.58500000000004,977.1200000000001,,,,,751.85
48,-0.4519038076152304,477.58500000000004,977.1200000000001,,,,,751.85
49,-0.4509018036072144,477.58500000000004,977.1200000000001,,,,,751.85
50,-0.44989979959919835,477.58500000000004,977.1200000000001,,,,,751.85
51,-0.4488977955911823,477.58500000000004,977.1200000000001,,,,,751.85
52,-0.4478957915831663,477.58500000000004,977.1200000000001,,,,,751.85
53,-0.44689378757515025,477.58500000000004,977.1200000000001,,,,,751.85
54,-0.4458917835671342,477.58500000000004,977.1200000000001,,,,,751.85
55,-0.4448897795591182,477.58500000000004,977.1200000000001,,,,,751.85
56,-0.44388777555110215,477.58500000000004,977.1200000000001,,,,,751.85
57,-0.4428857715430861,477.58500000000004,977.1200000000001,,,,,751.85
58,-0.4418837675350701,477.58500000000004,977.1200000000001,,,,,751.85
59,-0.44088176352705405,477.58500000000004,977.1200000000001,,,,,751.85
60,-0.439879759519038,477.58500000000004,977.1200000000001,,,,,751.85
61,-0.438877755511022,477.58500000000004,977.1200000000001,,,,,751.85
62,-0.43787575150300595,477.58500000000004,977.1200000000001,,,,,748.1200000000001
63,-0.4368737474949899,477.58500000000004,977.1200000000001,,,,,748.1200000000001
64,-0.43587174348697394,477.58500000000004,977.1200000000001,,,,,748.1200000000001
65,-0.4348697394789579,477.58500000000004,977.1200000000001,,,,,748.1200000000001
66,-0.4338677354709419,477.58500000000004,977.1200000000001,,,,,748.1200000000001
67,-0.43286573146292584,477.58500000000004,977.1200000000001,,,,,748.1200000000001
68,-0.4318637274549098,477.58500000000004,977.1200000000001,,,,,748.1200000000001
69,-0.4308617234468938,477.58500000000004,977.1200000000001,,,,,748.1200000000001
70,-0.42985971943887774,477.58500000000004,977.1200000000001,,,,,748.1200000000001
71,-0.4288577154308617,477.58500000000004,977.1200000000001,,,,,748.1200000000001
72,-0.4278557114228457,477.58500000000004,977.1200000000001,,,,,748.1200000000001
73,-0.42685370741482964,477.58500000000004,977.1200000000001,,,,,748.1200000000001
74,-0.4258517034068136,477.58500000000004,977.1200000000001,,,,,748.1200000000001
75,-0.4248496993987976,477.58500000000004,977.1200000000001,,,,,748.1200000000001
76,-0.42384769539078154,477.58500000000004,977.1200000000001,,,,,748.1200000000001
77,-0.4228456913827655,477.58500000000004,977.1200000000001,,,,,748.1200000000001
78,-0.4218436873747495,477.58500000000004,977.1200000000001,,,,,748.1200000000001
79,-0.42084168336673344,477.58500000000004,977.1200000000001,,,,,748.1200000000001
80,-0.4198396793587174,477.58500000000004,977.1200000000001,,,,,748.1200000000001
81,-0.4188376753507014,477.58500000000004,977.1200000000001,,,,,748.1200000000001
82,-0.41783567134268534,477.58500000000004,977.1200000000001,,,,,748.1200000000001
83,-0.4168336673346693,477.58500000000004,977.1200000000001,,,,,748.1200000000001
84,-0.4158316633266533,477.58500000000004,977.1200000000001,,,,,748.1200000000001
85,-0.41482965931863724,477.58500000000004,977.1200000000001,,,,,748.1200000000001
86,-0.4138276553106212,477.58500000000004,977.1200000000001,,,,,748.1200000000001
87,-0.4128256513026052,477.58500000000004,977.1200000000001,,,,,748.1200000000001
88,-0.41182364729458915,477.58500000000004,977.1200000000001,,,,,748.1200000000001
89,-0.4108216432865731,477.58500000000004,977.1200000000001,,,,,748.1200000000001
90,-0.4098196392785571,477.58500000000004,977.1200000000001,,,,,748.1200000000001
91,-0.40881763527054105,477.58500000000004,977.1200000000001,,,,,748.1200000000001
92,-0.407815631262525,477.58500000000004,977.1200000000001,,,,,748.1200000000001
93,-0.406813627254509,477.58500000000004,977.1200000000001,,,,,708.1200000000001
94,-0.40581162324649295,477.58500000000004,977.1200000000001,,,,,708.1200000000001
95,-0.4048096192384769,477.58500000000004,977.1200000000001,,,,,708.1200000000001
96,-0.4038076152304609,477.58500000000004,977.1200000000001,,,,,708.1200000000001
97,-0.40280561122244485,477.58500000000004,977.1200000000001,,,,,708.1200000000001
98,-0.4018036072144288,477.58500000000004,977.1200000000001,,,,,708.1200000000001
99,-0.4008016032064128,477.58500000000004,977.1200000000001,,,,,708.1200000000001
100,-0.39979959919839675,477.58500000000004,977.1200000000001,,,,870.28,708.1200000000001
101,-0.3987975951903807,477.58500000000004,977.1200000000001,,,,870.28,708.1200000000001
102,-0.3977955911823647,477.58500000000004,977.1200000000001,,,,870.28,708.1200000000001
103,-0.39679358717434865,477.58500000000004,977.1200000000001,,,,870.075,708.1200000000001
104,-0.3957915831663326,477.58500000000004,977.1200000000001,,,,869.6200000000001,708.1200000000001
105,-0.3947895791583166,477.58500000000004,977.1200000000001,,,,869.6200000000001,708.1200000000001
106,-0.39378757515030055,477.58500000000004,977.1200000000001,,,,868.7349999999999,708.1200000000001
107,-0.3927855711422845,477.58500000000004,977.1200000000001,,,,868.7349999999999,708.1200000000001
108,-0.3917835671342685,477.58500000000004,977.1200000000001,,,,868.7349999999999,708.1200000000001
109,-0.39078156312625245,477.58500000000004,977.1200000000001,,,,868.3699999999999,698.48
110,-0.3897795591182364,477.58500000000004,977.1200000000001,,,,868.3699999999999,698.48
111,-0.3887775551102204,477.58500000000004,977.1200000000001,,,,868.3699999999999,698.48
112,-0.38777555110220435,477.58500000000004,977.1200000000001,,,,868.3699999999999,698.48
113,-0.3867735470941883,477.58500000000004,977.1200000000001,,,,868.3699999999999,698.48
114,-0.3857715430861723,477.58500000000004,977.1200000000001,,,,868.3699999999999,695.495
115,-0.38476953907815625,477.58500000000004,977.1200000000001,,,,868.3699999999999,695.495
116,-0.3837675350701403,477.58500000000004,977.1200000000001,,,,868.3699999999999,695.495
117,-0.38276553106212424,477.58500000000004,977.1200000000001,,,,868.3699999999999,695.495
118,-0.3817635270541082,477.58500000000004,977.1200000000001,,,,868.3699999999999,695.495
119,-0.3807615230460922,477.58500000000004,977.1200000000001,,,,868.3699999999999,695.495
120,-0.37975951903807614,477.58500000000004,977.1200000000001,,,,868.3699999999999,695.495
121,-0.3787575150300601,477.58500000000004,977.1200000000001,,,,868.3699999999999,695.495
122,-0.3777555110220441,477.58500000000004,977.1200000000001,,,,867.4399999999999,695.495
123,-0.37675350701402804,477.58500000000004,977.1200000000001,,,,867.4399999999999,695.495
124,-0.375751503006012,477.58500000000004,977.1200000000001,,,,867.4399999999999,695.495
125,-0.374749498997996,477.58500000000004,977.1200000000001,,,,867.4399999999999,695.495
126,-0.37374749498997994,477.58500000000004,977.1200000000001,,,,867.4399999999999,695.495
127,-0.3727454909819639,477.58500000000004,977.1200000000001,,,,867.4399999999999,695.495
128,-0.3717434869739479,477.58500000000004,977.1200000000001,,,,867.4399999999999,695.495
129,-0.37074148296593185,477.58500000000004,977.1200000000001,,,,867.4399999999999,695.495
130,-0.3697394789579158,477.58500000000004,977.1200000000001,,,,867.4399999999999,695.495
131,-0.3687374749498998,477.58500000000004,977.1200000000001,,,,867.4399999999999,695.495
132,-0.36773547094188375,477.58500000000004,977.1200000000001,,,,867.4399999999999,695.495
133,-0.3667334669338677,477.58500000000004,977.1200000000001,,,,867.4399999999999,695.495
134,-0.3657314629258517,477.58500000000004,977.1200000000001,,,,863.0450000000001,695.495
135,-0.36472945891783565,477.58500000000004,977.1200000000001,,,,840.225,695.495
136,-0.3637274549098196,477.58500000000004,977.1200000000001,,,,840.225,695.495
137,-0.3627254509018036,477.58500000000004,977.1200000000001,,,,840.225,694.36
138,-0.36172344689378755,477.58500000000004,977.1200000000001,,,,838.0350000000001,694.36
139,-0.3607214428857715,477.58500000000004,977.1200000000001,,,,838.0350000000001,694.36
140,-0.3597194388777555,477.58500000000004,977.1200000000001,,,,838.0350000000001,694.36
141,-0.35871743486973945,477.58500000000004,977.1200000000001,,,,838.0350000000001,694.36
142,-0.3577154308617234,477.58500000000004,977.1200000000001,,,,838.0350000000001,694.36
143,-0.3567134268537074,477.58500000000004,977.1200000000001,,,,838.0350000000001,694.36
144,-0.35571142284569135,477.58500000000004,977.1200000000001,,,,838.0350000000001,694.36
145,-0.3547094188376753,477.58500000000004,977.1200000000001,,,,838.0350000000001,694.36
146,-0.3537074148296593,477.58500000000004,977.1200000000001,,,,838.0350000000001,694.36
147,-0.35270541082164325,477.58500000000004,977.1200000000001,,,,838.0350000000001,694.36
148,-0.3517034068136272,477.58500000000004,977.1200000000001,,,,838.0350000000001,694.36
149,-0.3507014028056112,477.58500000000004,977.1200000000001,,,,838.0350000000001,694.36
150,-0.34969939879759515,477.58500000000004,977.1200000000001,,,,838.0350000000001,694.36
151,-0.3486973947895791,477.58500000000004,977.1200000000001,,,,838.0350000000001,694.36
152,-0.3476953907815631,477.58500000000004,977.1200000000001,,,,838.0350000000001,694.36
153,-0.34669338677354705,477.58500000000004,977.1200000000001,,,,838.0350000000001,694.36
154,-0.345691382765531,477.58500000000004,977.1200000000001,,,,838.0350000000001,694.36
155,-0.344689378757515,477.58500000000004,977.1200000000001,,,,838.0350000000001,694.36
156,-0.34368737474949895,477.58500000000004,977.1200000000001,,,,838.0350000000001,694.36
157,-0.3426853707414829,477.58500000000004,977.1200000000001,,,,829.335,694.36
158,-0.3416833667334669,477.58500000000004,977.1200000000001,,,,829.335,694.36
159,-0.34068136272545085,477.58500000000004,977.1200000000001,,,,829.155,694.36
160,-0.3396793587174348,477.58500000000004,977.1200000000001,,,,829.155,694.36
161,-0.3386773547094188,477.58500000000004,977.1200000000001,,,,829.155,694.36
162,-0.33767535070140275,477.58500000000004,977.1200000000001,,,,829.155,694.36
163,-0.3366733466933867,477.58500000000004,977.1200000000001,,,,828.36,694.36
164,-0.3356713426853707,477.58500000000004,977.1200000000001,,,,828.36,694.36
165,-0.33466933867735466,477.58500000000004,977.1200000000001,,,,828.36,694.36
166,-0.3336673346693386,477.58500000000004,977.1200000000001,,,,828.36,694.36
167,-0.33266533066132264,477.58500000000004,977.1200000000001,,,,828.36,692.9449999999999
168,-0.3316633266533066,477.58500000000004,977.1200000000001,,,,828.36,692.9449999999999
169,-0.3306613226452906,477.58500000000004,977.1200000000001,,,,828.36,692.9449999999999
170,-0.32965931863727455,477.58500000000004,977.1200000000001,,,,827.39,692.9449999999999
171,-0.3286573146292585,477.58500000000004,977.1200000000001,,,,827.39,692.9449999999999
172,-0.3276553106212425,477.58500000000004,977.1200000000001,,,,827.39,692.9449999999999
173,-0.32665330661322645,477.58500000000004,977.1200000000001,,,,827.39,692.9449999999999
174,-0.3256513026052104,477.58500000000004,977.1200000000001,,,,822.2199999999999,692.9449999999999
175,-0.3246492985971944,477.58500000000004,977.1200000000001,,,,822.2199999999999,692.9449999999999
176,-0.32364729458917835,477.58500000000004,977.1200000000001,,,,822.2199999999999,692.9449999999999
177,-0.3226452905811623,477.58500000000004,977.1200000000001,,,,822.2199999999999,692.9449999999999
178,-0.3216432865731463,477.58500000000004,977.1200000000001,,,,822.2199999999999,692.9449999999999
179,-0.32064128256513025,477.58500000000004,977.1200000000001,,,,820.03,692.9449999999999
180,-0.3196392785571142,477.58500000000004,977.1200000000001,,,,820.03,692.9449999999999
181,-0.3186372745490982,477.58500000000004,977.1200000000001,,,,820.03,692.9449999999999
182,-0.31763527054108215,477.58500000000004,977.1200000000001,,,,819.335,692.9449999999999
183,-0.3166332665330661,477.58500000000004,977.1200000000001,,,,817.75,692.9449999999999
184,-0.3156312625250501,477.58500000000004,977.1200000000001,,,,817.75,692.9449999999999
185,-0.31462925851703405,477.58500000000004,977.1200000000001,,,,817.75,692.9449999999999
186,-0.313627254509018,477.58500000000004,977.1200000000001,,,,817.75,692.9449999999999
187,-0.312625250501002,477.58500000000004,977.1200000000001,,,,817.75,692.9449999999999
188,-0.31162324649298595,477.58500000000004,977.1200000000001,,,,817.75,692.9449999999999
189,-0.3106212424849699,477.58500000000004,977.1200000000001,,,,817.75,692.9449999999999
190,-0.3096192384769539,477.58500000000004,977.1200000000001,,,,817.75,692.9449999999999
191,-0.30861723446893785,477.58500000000004,977.1200000000001,,,,817.75,692.9449999999999
192,-0.3076152304609218,477.58500000000004,977.1200000000001,,,,817.75,692.9449999999999
193,-0.3066132264529058,477.58500000000004,977.1200000000001,,,,817.75,692.9449999999999
194,-0.30561122244488975,477.58500000000004,977.1200000000001,,,,817.75,692.9449999999999
195,-0.3046092184368737,477.58500000000004,977.1200000000001,,,,817.75,692.9449999999999
196,-0.3036072144288577,477.58500000000004,977.1200000000001,,,,817.75,692.9449999999999
197,-0.30260521042084165,477.58500000000004,977.1200000000001,,,,817.75,691.675
198,-0.3016032064128256,477.58500000000004,977.1200000000001,,,,817.75,691.675
199,-0.3006012024048096,477.58500000000004,977.1200000000001,,,,817.75,691.675
200,-0.29959919839679355,477.58500000000004,977.1200000000001,,,947.525,817.75,691.675
201,-0.2985971943887775,477.58500000000004,977.1200000000001,,,947.525,817.75,691.675
202,-0.2975951903807615,477.58500000000004,977.1200000000001,,,947.525,817.75,691.675
203,-0.29659318637274545,477.58500000000004,977.1200000000001,,,947.525,817.75,691.675
204,-0.2955911823647294,477.58500000000004,977.1200000000001,,,947.0650000000002,815.085,691.675
205,-0.2945891783567134,477.58500000000004,977.1200000000001,,,946.61,815.085,691.675
206,-0.29358717434869736,477.58500000000004,977.1200000000001,,,945.725,815.085,691.675
207,-0.2925851703406813,477.58500000000004,977.1200000000001,,,945.725,815.085,691.675
208,-0.2915831663326653,477.58500000000004,977.1200000000001,,,945.725,815.085,643.7549999999999
209,-0.29058116232464926,477.58500000000004,977.1200000000001,,,945.725,815.085,643.7549999999999
210,-0.2895791583166332,477.58500000000004,977.1200000000001,,,945.36,815.085,643.7549999999999
211,-0.2885771543086172,477.58500000000004,977.1200000000001,,,945.36,775.085,643.7549999999999
212,-0.28757515030060116,477.58500000000004,977.1200000000001,,,945.36,775.085,643.7549999999999
213,-0.2865731462925851,477.58500000000004,977.1200000000001,,,945.36,775.085,643.7549999999999
214,-0.2855711422845691,477.58500000000004,977.1200000000001,,,945.36,775.085,643.7549999999999
215,-0.28456913827655306,477.58500000000004,977.1200000000001,,,945.36,775.085,643.7549999999999
216,-0.283567134268537,477.58500000000004,977.1200000000001,,,945.36,775.085,643.7549999999999
217,-0.282565130260521,477.58500000000004,977.1200000000001,,,945.36,775.085,643.7549999999999
218,-0.281563126252505,477.58500000000004,977.1200000000001,,,945.025,775.085,643.7549999999999
219,-0.280561122244489,477.58500000000004,977.1200000000001,,,945.025,775.085,643.7549999999999
220,-0.27955911823647295,477.58500000000004,977.1200000000001,,,945.025,775.085,643.7549999999999
221,-0.2785571142284569,477.58500000000004,977.1200000000001,,,944.4549999999999,775.085,643.7549999999999
222,-0.2775551102204409,477.58500000000004,977.1200000000001,,,944.4549999999999,775.085,643.7549999999999
223,-0.27655310621242485,477.58500000000004,977.1200000000001,,,944.4549999999999,775.085,643.7549999999999
224,-0.2755511022044088,477.58500000000004,977.1200000000001,,,944.4549999999999,775.085,643.7549999999999
225,-0.2745490981963928,477.58500000000004,977.1200000000001,,,943.525,775.085,643.7549999999999
226,-0.27354709418837675,477.58500000000004,977.1200000000001,,,943.525,775.085,643.7549999999999
227,-0.2725450901803607,477.58500000000004,977.1200000000001,,,941.985,775.085,643.7549999999999
228,-0.2715430861723447,477.58500000000004,977.1200000000001,,,941.985,775.085,643.7549999999999
229,-0.27054108216432865,477.58500000000004,977.1200000000001,,,941.985,775.085,643.7549999999999
230,-0.2695390781563126,477.58500000000004,977.1200000000001,,,941.985,775.085,643.7549999999999
231,-0.2685370741482966,477.58500000000004,977.1200000000001,,,941.985,765.4449999999999,643.7549999999999
232,-0.26753507014028055,477.58500000000004,977.1200000000001,,,941.985,765.4449999999999,643.7549999999999
233,-0.2665330661322645,477.58500000000004,977.1200000000001,,,941.985,765.4449999999999,643.7549999999999
234,-0.2655310621242485,477.58500000000004,977.1200000000001,,,941.5899999999999,765.4449999999999,643.7549999999999
235,-0.26452905811623245,477.58500000000004,977.1200000000001,,,941.5899999999999,765.4449999999999,643.7549999999999
236,-0.2635270541082164,477.58500000000004,977.1200000000001,,,941.5899999999999,765.4449999999999,643.7549999999999
237,-0.2625250501002004,477.58500000000004,977.1200000000001,,,941.5899999999999,762.4599999999999,643.7549999999999
238,-0.26152304609218435,477.58500000000004,977.1200000000001,,,938.07,762.4599999999999,643.7549999999999
239,-0.2605210420841683,477.58500000000004,977.1200000000001,,,938.07,762.4599999999999,643.7549999999999
240,-0.2595190380761523,477.58500000000004,977.1200000000001,,,910.8550000000001,762.4599999999999,643.7549999999999
241,-0.25851703406813625,477.58500000000004,977.1200000000001,,,910.8550000000001,762.4599999999999,643.7549999999999
242,-0.2575150300601202,477.58500000000004,977.1200000000001,,,910.8550000000001,762.4599999999999,643.7549999999999
243,-0.2565130260521042,477.58500000000004,977.1200000000001,,,909.9,762.4599999999999,643.7549999999999
244,-0.25551102204408815,477.58500000000004,977.1200000000001,,,909.9,762.4599999999999,643.7549999999999
245,-0.2545090180360721,477.58500000000004,977.1200000000001,,,907.71,762.4599999999999,643.7549999999999
246,-0.2535070140280561,477.58500000000004,977.1200000000001,,,907.71,762.4599999999999,643.7549999999999
247,-0.25250501002004005,477.58500000000004,977.1200000000001,,,907.71,762.4599999999999,643.7549999999999
248,-0.251503006012024,477.58500000000004,977.1200000000001,,,907.71,762.4599999999999,643.7549999999999
249,-0.250501002004008,477.58500000000004,977.1200000000001,,,907.71,757.015,643.7549999999999
250,-0.24949899799599196,477.58500000000004,977.1200000000001,,,907.71,757.015,643.7549999999999
251,-0.24849699398797592,477.58500000000004,977.1200000000001,,,907.71,757.015,643.7549999999999
252,-0.2474949899799599,477.58500000000004,977.1200000000001,,,907.71,757.015,643.7549999999999
253,-0.24649298597194386,477.58500000000004,977.1200000000001,,,907.71,757.015,643.7549999999999
254,-0.24549098196392782,477.58500000000004,977.1200000000001,,,907.4800000000001,757.015,643.7549999999999
255,-0.2444889779559118,477.58500000000004,977.1200000000001,,,905.05,757.015,643.7549999999999
256,-0.24348697394789579,477.58500000000004,977.1200000000001,,,905.05,757.015,643.7549999999999
257,-0.24248496993987975,477.58500000000004,977.1200000000001,,,905.05,757.015,624.405
258,-0.24148296593186372,477.58500000000004,977.1200000000001,,,905.05,757.015,624.405
259,-0.24048096192384769,477.58500000000004,977.1200000000001,,,905.05,757.015,624.405
260,-0.23947895791583165,477.58500000000004,977.1200000000001,,,905.05,757.015,623.525
261,-0.23847695390781562,477.58500000000004,977.1200000000001,,,902.625,757.015,623.525
262,-0.2374749498997996,477.58500000000004,977.1200000000001,,,902.625,757.015,623.525
263,-0.23647294589178355,477.58500000000004,977.1200000000001,,,902.625,757.015,623.525
264,-0.23547094188376752,477.58500000000004,977.1200000000001,,,901.8399999999999,755.8799999999999,623.525
265,-0.2344689378757515,477.58500000000004,977.1200000000001,,,901.6200000000001,755.8799999999999,623.525
266,-0.23346693386773545,477.58500000000004,977.1200000000001,,,892.9200000000001,755.8799999999999,623.525
267,-0.23246492985971942,477.58500000000004,977.1200000000001,,,892.9200000000001,755.8799999999999,623.525
268,-0.2314629258517034,477.58500000000004,977.1200000000001,,,892.9200000000001,755.8799999999999,623.525
269,-0.23046092184368736,477.58500000000004,977.1200000000001,,,892.74,755.8799999999999,623.525
270,-0.22945891783567132,477.58500000000004,977.1200000000001,,,892.74,755.8799999999999,623.525
271,-0.2284569138276553,477.58500000000004,977.1200000000001,,,892.74,755.8799999999999,623.525
272,-0.22745490981963926,477.58500000000004,977.1200000000001,,,892.74,755.8799999999999,623.525
273,-0.22645290581162322,477.58500000000004,977.1200000000001,,,891.9449999999999,755.8799999999999,623.525
274,-0.2254509018036072,477.58500000000004,977.1200000000001,,,891.9449999999999,755.8799999999999,623.525
275,-0.22444889779559116,477.58500000000004,977.1200000000001,,,891.9449999999999,755.8799999999999,623.525
276,-0.22344689378757512,477.58500000000004,977.1200000000001,,,891.9449999999999,748.15,623.525
277,-0.2224448897795591,477.58500000000004,977.1200000000001,,,891.9449999999999,748.15,623.525
278,-0.22144288577154306,477.58500000000004,977.1200000000001,,,891.9449999999999,748.15,623.525
279,-0.22044088176352702,477.58500000000004,977.1200000000001,,,891.9449999999999,748.15,623.525
280,-0.219438877755511,477.58500000000004,977.1200000000001,,,891.9449999999999,748.15,623.525
281,-0.21843687374749496,477.58500000000004,977.1200000000001,,,891.9449999999999,748.15,623.525
282,-0.21743486973947895,477.58500000000004,977.1200000000001,,,890.975,748.15,623.525
283,-0.21643286573146292,477.58500000000004,977.1200000000001,,,890.975,748.15,615.405
284,-0.2154308617234469,477.58500000000004,977.1200000000001,,,890.1699999999998,748.15,615.405
285,-0.21442885771543085,477.58500000000004,977.1200000000001,,,890.1699999999998,748.15,615.405
286,-0.21342685370741482,477.58500000000004,977.1200000000001,,,886.4399999999999,748.15,615.405
287,-0.2124248496993988,477.58500000000004,977.1200000000001,,,885.0,748.15,615.405
288,-0.21142284569138275,477.58500000000004,977.1200000000001,,,885.0,748.15,615.405
289,-0.21042084168336672,477.58500000000004,977.1200000000001,,,885.0,748.15,615.405
290,-0.2094188376753507,477.58500000000004,977.1200000000001,,,885.0,748.15,615.405
291,-0.20841683366733466,477.58500000000004,977.1200000000001,,,885.0,748.15,615.405
292,-0.20741482965931862,477.58500000000004,977.1200000000001,,,882.8100000000001,748.15,615.405
293,-0.2064128256513026,477.58500000000004,977.1200000000001,,,882.8100000000001,745.1,615.405
294,-0.20541082164328656,477.58500000000004,977.1200000000001,,,882.8100000000001,745.1,615.405
295,-0.20440881763527052,477.58500000000004,977.1200000000001,,,882.8100000000001,745.1,615.405
296,-0.2034068136272545,477.58500000000004,977.1200000000001,,,880.53,745.1,615.405
297,-0.20240480961923846,477.58500000000004,977.1200000000001,,,879.9100000000001,745.1,615.405
298,-0.20140280561122242,477.58500000000004,977.1200000000001,,,879.9100000000001,745.1,615.405
299,-0.2004008016032064,477.58500000000004,977.1200000000001,,,879.9100000000001,745.1,615.405
300,-0.19939879759519036,477.58500000000004,977.1200000000001,,977.1,879.9100000000001,743.6850000000001,615.405
301,-0.19839679358717432,477.58500000000004,977.1200000000001,,977.1,879.9100000000001,743.6850000000001,615.405
302,-0.1973947895791583,477.58500000000004,977.1200000000001,,977.1,879.9100000000001,743.6850000000001,615.405
303,-0.19639278557114226,477.58500000000004,977.1200000000001,,977.1,879.9100000000001,743.6850000000001,615.405
304,-0.19539078156312623,477.58500000000004,977.1200000000001,,976.8950000000001,879.9100000000001,743.6850000000001,615.405
305,-0.1943887775551102,477.58500000000004,977.1200000000001,,976.1850000000002,879.9100000000001,743.6850000000001,615.405
306,-0.19338677354709416,477.58500000000004,977.1200000000001,,976.1850000000002,879.9100000000001,743.6850000000001,615.405
307,-0.19238476953907813,477.58500000000004,977.1200000000001,,975.3,879.9100000000001,743.6850000000001,615.405
308,-0.19138276553106212,477.58500000000004,977.1200000000001,,975.3,879.9100000000001,743.6850000000001,615.405
309,-0.1903807615230461,477.58500000000004,977.1200000000001,,975.3,879.9100000000001,743.6850000000001,615.405
310,-0.18937875751503006,477.58500000000004,977.1200000000001,,975.3,879.9100000000001,743.6850000000001,615.405
311,-0.18837675350701402,477.58500000000004,977.1200000000001,,975.3,879.9100000000001,743.6850000000001,615.405
312,-0.187374749498998,477.58500000000004,977.1200000000001,,974.9350000000001,879.9100000000001,743.6850000000001,615.405
313,-0.18637274549098196,477.58500000000004,977.1200000000001,,974.9350000000001,879.9100000000001,743.6850000000001,615.405
314,-0.18537074148296592,477.58500000000004,977.1200000000001,,974.9350000000001,879.9100000000001,743.6850000000001,615.405
315,-0.1843687374749499,477.58500000000004,977.1200000000001,,974.9350000000001,879.9100000000001,743.6850000000001,615.405
316,-0.18336673346693386,477.58500000000004,977.1200000000001,,974.9350000000001,879.135,743.6850000000001,615.405
317,-0.18236472945891782,477.58500000000004,977.1200000000001,,974.9350000000001,877.7299999999999,743.6850000000001,615.405
318,-0.1813627254509018,477.58500000000004,977.1200000000001,,974.9350000000001,877.7299999999999,743.6850000000001,615.405
319,-0.18036072144288576,477.58500000000004,977.1200000000001,,974.9350000000001,877.7299999999999,743.6850000000001,615.405
320,-0.17935871743486972,477.58500000000004,977.1200000000001,,974.6,877.7299999999999,743.6850000000001,615.405
321,-0.1783567134268537,477.58500000000004,977.1200000000001,,974.6,877.7299999999999,743.6850000000001,615.405
322,-0.17735470941883766,477.58500000000004,977.1200000000001,,974.6,875.0649999999999,743.6850000000001,615.405
323,-0.17635270541082163,477.58500000000004,977.1200000000001,,974.03,875.0649999999999,743.6850000000001,615.405
324,-0.1753507014028056,477.58500000000004,977.1200000000001,,974.03,875.0649999999999,743.6850000000001,602.025
325,-0.17434869739478956,477.58500000000004,977.1200000000001,,974.03,875.0649999999999,743.6850000000001,602.025
326,-0.17334669338677353,477.58500000000004,977.1200000000001,,974.03,875.0649999999999,743.6850000000001,602.025
327,-0.1723446893787575,477.58500000000004,977.1200000000001,,974.03,875.0649999999999,743.6850000000001,602.025
328,-0.17134268537074146,477.58500000000004,977.1200000000001,,974.03,875.0649999999999,743.6850000000001,602.025
329,-0.17034068136272543,477.58500000000004,977.1200000000001,,973.1,835.0649999999999,743.6850000000001,602.025
330,-0.1693386773547094,477.58500000000004,977.1200000000001,,973.1,833.8700000000001,743.6850000000001,600.2850000000001
331,-0.16833667334669336,477.58500000000004,977.1200000000001,,971.5600000000001,833.8700000000001,743.6850000000001,600.2850000000001
332,-0.16733466933867733,477.58500000000004,977.1200000000001,,971.5600000000001,833.8700000000001,743.6850000000001,600.2850000000001
333,-0.16633266533066132,477.58500000000004,977.1200000000001,,971.5600000000001,833.8700000000001,743.6850000000001,600.2850000000001
334,-0.1653306613226453,477.58500000000004,977.1200000000001,,971.5600000000001,833.8700000000001,743.6850000000001,600.2850000000001
335,-0.16432865731462926,477.58500000000004,977.1200000000001,,971.5600000000001,833.8700000000001,743.6850000000001,600.2850000000001
336,-0.16332665330661322,477.58500000000004,977.1200000000001,,971.5600000000001,833.8700000000001,742.415,600.2850000000001
337,-0.1623246492985972,477.58500000000004,977.1200000000001,,971.5600000000001,833.8700000000001,742.415,600.2850000000001
338,-0.16132264529058116,477.58500000000004,977.1200000000001,,971.5600000000001,826.225,742.415,600.2850000000001
339,-0.16032064128256512,477.58500000000004,977.1200000000001,,971.1650000000002,823.18,742.415,600.2850000000001
340,-0.1593186372745491,477.58500000000004,977.1200000000001,,971.1650000000002,823.18,742.415,600.2850000000001
341,-0.15831663326653306,477.58500000000004,977.1200000000001,,971.1650000000002,823.18,742.415,600.2850000000001
342,-0.15731462925851702,477.58500000000004,977.1200000000001,,971.1650000000002,823.18,742.415,600.2850000000001
343,-0.156312625250501,477.58500000000004,977.1200000000001,,971.1650000000002,823.18,736.4499999999999,600.2850000000001
344,-0.15531062124248496,477.58500000000004,977.1200000000001,,967.6450000000001,823.18,733.3199999999999,600.2850000000001
345,-0.15430861723446893,477.58500000000004,977.1200000000001,,961.7700000000001,823.18,733.3199999999999,600.2850000000001
346,-0.1533066132264529,477.58500000000004,977.1200000000001,,938.9500000000002,823.18,733.3199999999999,600.2850000000001
347,-0.15230460921843686,477.58500000000004,977.1200000000001,,938.9500000000002,823.18,733.3199999999999,600.2850000000001
348,-0.15130260521042083,477.58500000000004,977.1200000000001,,938.9500000000002,823.18,733.3199999999999,600.2850000000001
349,-0.1503006012024048,477.58500000000004,977.1200000000001,,935.1300000000001,823.18,685.4,600.2850000000001
350,-0.14929859719438876,477.58500000000004,977.1200000000001,,935.1300000000001,823.18,685.4,600.2850000000001
351,-0.14829659318637273,477.58500000000004,977.1200000000001,,932.9399999999999,823.18,685.4,600.2850000000001
352,-0.1472945891783567,477.58500000000004,977.1200000000001,,932.72,813.54,685.4,600.2850000000001
353,-0.14629258517034066,477.58500000000004,977.1200000000001,,932.72,813.54,684.5899999999999,600.2850000000001
354,-0.14529058116232463,477.58500000000004,977.1200000000001,,932.72,812.47,684.5899999999999,600.2850000000001
355,-0.1442885771543086,477.58500000000004,977.1200000000001,,932.72,811.8999999999999,684.5899999999999,600.2850000000001
356,-0.14328657314629256,477.58500000000004,977.1200000000001,,932.72,811.8999999999999,684.5899999999999,600.2850000000001
357,-0.14228456913827653,477.58500000000004,977.1200000000001,,932.72,811.8999999999999,684.5899999999999,600.2850000000001
358,-0.1412825651302605,477.58500000000004,977.1200000000001,,932.72,811.8999999999999,684.135,600.2850000000001
359,-0.1402805611222445,477.58500000000004,977.1200000000001,,932.72,808.915,684.135,591.775
360,-0.13927855711422846,477.58500000000004,977.1200000000001,,932.72,807.8499999999999,684.135,591.775
361,-0.13827655310621242,477.58500000000004,977.1200000000001,,931.8000000000002,807.8499999999999,684.135,591.775
362,-0.1372745490981964,477.58500000000004,977.1200000000001,,931.8000000000002,807.8499999999999,684.135,591.775
363,-0.13627254509018036,477.58500000000004,977.1200000000001,,929.3700000000001,807.67,684.135,591.775
364,-0.13527054108216433,477.58500000000004,977.1200000000001,,929.3700000000001,807.67,684.135,591.775
365,-0.1342685370741483,477.58500000000004,977.1200000000001,,929.3700000000001,807.67,684.135,591.775
366,-0.13326653306613226,477.58500000000004,977.1200000000001,,929.3700000000001,807.67,684.135,591.775
367,-0.13226452905811623,477.58500000000004,977.1200000000001,,929.3700000000001,807.67,684.135,591.775
368,-0.1312625250501002,477.58500000000004,977.1200000000001,,929.3700000000001,807.545,684.135,591.775
369,-0.13026052104208416,477.58500000000004,977.1200000000001,,926.945,807.545,684.135,591.775
370,-0.12925851703406813,477.58500000000004,977.1200000000001,,926.945,807.545,684.135,591.775
371,-0.1282565130260521,477.58500000000004,977.1200000000001,,926.945,807.545,684.135,591.775
372,-0.12725450901803606,477.58500000000004,977.1200000000001,,926.945,806.91,684.135,591.775
373,-0.12625250501002003,477.58500000000004,977.1200000000001,,926.1600000000001,806.91,684.135,591.775
374,-0.125250501002004,477.58500000000004,977.1200000000001,,925.28,801.4649999999999,684.135,591.775
375,-0.12424849699398796,477.58500000000004,977.1200000000001,,925.28,801.4649999999999,684.135,591.775
376,-0.12324649298597193,477.58500000000004,977.1200000000001,,916.5799999999999,801.4649999999999,684.135,591.775
377,-0.1222444889779559,477.58500000000004,977.1200000000001,,916.5799999999999,801.4649999999999,684.135,591.775
378,-0.12124248496993988,477.58500000000004,977.1200000000001,,916.4,801.4649999999999,684.135,591.775
379,-0.12024048096192384,477.58500000000004,977.1200000000001,,916.4,801.4649999999999,684.135,591.775
380,-0.11923847695390781,477.58500000000004,977.1200000000001,,916.4,801.4649999999999,684.135,591.775
381,-0.11823647294589178,477.58500000000004,977.1200000000001,,916.4,801.4649999999999,684.135,591.775
382,-0.11723446893787574,477.58500000000004,977.1200000000001,,916.4,801.4649999999999,684.135,591.775
383,-0.11623246492985971,477.58500000000004,977.1200000000001,,916.4,801.4649999999999,684.135,591.775
384,-0.11523046092184368,477.58500000000004,977.1200000000001,,915.6049999999999,800.165,684.135,591.775
385,-0.11422845691382764,477.58500000000004,977.1200000000001,,915.6049999999999,800.165,684.135,591.775
386,-0.11322645290581161,477.58500000000004,977.1200000000001,,915.6049999999999,800.165,684.135,591.775
387,-0.11222444889779558,477.58500000000004,977.1200000000001,,915.6049999999999,800.165,684.135,591.775
388,-0.11122244488977955,477.58500000000004,977.1200000000001,,915.6049999999999,800.165,684.135,591.775
389,-0.11022044088176351,477.58500000000004,977.1200000000001,,915.6049999999999,800.165,684.135,591.775
390,-0.10921843687374748,477.58500000000004,977.1200000000001,,915.6049999999999,800.165,684.135,591.775
391,-0.10821643286573146,477.58500000000004,977.1200000000001,,915.6049999999999,798.6949999999999,684.135,591.775
392,-0.10721442885771543,477.58500000000004,977.1200000000001,,915.6049999999999,798.6949999999999,684.135,591.775
393,-0.1062124248496994,477.58500000000004,977.1200000000001,,914.635,798.6949999999999,684.135,591.775
394,-0.10521042084168336,477.58500000000004,977.1200000000001,,914.635,798.6949999999999,684.135,591.775
395,-0.10420841683366733,477.58500000000004,977.1200000000001,,913.8299999999999,797.99,684.135,591.775
396,-0.1032064128256513,477.58500000000004,977.1200000000001,,913.8299999999999,797.99,684.135,591.775
397,-0.10220440881763526,477.58500000000004,977.1200000000001,,913.8299999999999,797.64,684.135,591.775
398,-0.10120240480961923,477.58500000000004,977.1200000000001,,910.1,797.64,684.135,591.775
399,-0.1002004008016032,477.58500000000004,977.1200000000001,,908.6600000000001,797.64,684.135,591.775
400,-0.09919839679358716,477.58500000000004,977.1200000000001,977.1,908.6600000000001,797.64,684.135,591.775
401,-0.09819639278557113,477.58500000000004,977.1200000000001,977.1,908.6600000000001,797.64,684.135,591.775
402,-0.0971943887775551,477.58500000000004,977.1200000000001,977.1,908.6600000000001,797.64,684.135,591.775
403,-0.09619238476953906,477.58500000000004,977.1200000000001,977.1,908.6600000000001,797.0899999999999,684.135,591.775
404,-0.09519038076152304,477.58500000000004,977.1200000000001,976.8950000000001,908.6600000000001,797.0899999999999,684.135,591.775
405,-0.09418837675350701,477.58500000000004,977.1200000000001,976.6400000000001,906.4699999999999,797.0899999999999,684.135,591.775
406,-0.09318637274549098,477.58500000000004,977.1200000000001,976.1850000000002,906.4699999999999,789.3599999999999,684.135,591.775
407,-0.09218436873747494,477.58500000000004,977.1200000000001,976.1850000000002,906.4699999999999,789.3599999999999,684.135,591.775
408,-0.09118236472945891,477.58500000000004,977.1200000000001,975.3,906.4699999999999,789.3599999999999,684.135,578.5649999999999
409,-0.09018036072144288,477.58500000000004,977.1200000000001,975.3,905.775,789.3599999999999,664.7850000000001,578.5649999999999
410,-0.08917835671342685,477.58500000000004,977.1200000000001,975.3,904.1899999999999,789.3599999999999,664.7850000000001,578.5649999999999
411,-0.08817635270541081,477.58500000000004,977.1200000000001,975.3,901.71,789.3599999999999,663.905,578.5649999999999
412,-0.08717434869739478,477.58500000000004,977.1200000000001,975.3,901.71,789.3599999999999,663.905,578.5649999999999
413,-0.08617234468937875,477.58500000000004,977.1200000000001,974.9350000000001,901.71,789.3599999999999,663.905,578.5649999999999
414,-0.08517034068136271,477.58500000000004,977.1200000000001,974.9350000000001,901.71,789.3599999999999,663.905,578.5649999999999
415,-0.08416833667334668,477.58500000000004,977.1200000000001,974.9350000000001,901.71,789.3599999999999,663.905,578.5649999999999
416,-0.08316633266533066,477.58500000000004,977.1200000000001,974.9350000000001,901.71,789.3599999999999,663.905,578.5649999999999
417,-0.08216432865731463,477.58500000000004,977.1200000000001,974.9350000000001,901.71,789.3599999999999,663.905,578.5649999999999
418,-0.0811623246492986,477.58500000000004,977.1200000000001,974.9350000000001,901.71,789.3599999999999,663.905,578.5649999999999
419,-0.08016032064128256,477.58500000000004,977.1200000000001,974.9350000000001,901.71,789.3599999999999,663.905,578.5649999999999
420,-0.07915831663326653,477.58500000000004,977.1200000000001,974.9350000000001,901.71,789.3599999999999,663.905,578.5649999999999
421,-0.0781563126252505,477.58500000000004,977.1200000000001,974.9350000000001,901.71,789.3599999999999,663.905,578.5649999999999
422,-0.07715430861723446,477.58500000000004,977.1200000000001,974.9350000000001,901.71,789.3599999999999,663.905,578.5649999999999
423,-0.07615230460921843,477.58500000000004,977.1200000000001,974.6,901.71,789.3599999999999,663.905,578.5649999999999
424,-0.0751503006012024,477.58500000000004,977.1200000000001,974.6,901.71,789.3599999999999,663.905,578.5649999999999
425,-0.07414829659318636,477.58500000000004,977.1200000000001,974.6,901.71,786.31,663.905,578.5649999999999
426,-0.07314629258517033,477.58500000000004,977.1200000000001,974.03,901.71,786.31,663.905,578.5649999999999
427,-0.0721442885771543,477.58500000000004,977.1200000000001,974.03,901.71,786.31,663.905,578.5649999999999
428,-0.07114228456913826,477.58500000000004,977.1200000000001,974.03,901.71,786.31,663.905,578.5649999999999
429,-0.07014028056112225,477.58500000000004,977.1200000000001,974.03,901.71,786.31,663.905,578.5649999999999
430,-0.06913827655310621,477.58500000000004,977.1200000000001,974.03,901.71,786.31,663.905,578.5649999999999
431,-0.06813627254509018,477.58500000000004,977.1200000000001,974.03,901.71,786.31,663.905,578.5649999999999
432,-0.06713426853707415,477.58500000000004,977.1200000000001,973.1,900.9350000000001,786.31,663.905,578.5649999999999
433,-0.06613226452905811,477.58500000000004,977.1200000000001,973.1,899.5300000000001,784.8949999999999,658.3999999999999,578.5649999999999
434,-0.06513026052104208,477.58500000000004,977.1200000000001,971.7400000000001,899.5300000000001,784.8949999999999,658.3999999999999,578.5649999999999
435,-0.06412825651302605,477.58500000000004,977.1200000000001,971.5600000000001,899.5300000000001,784.8949999999999,658.3999999999999,578.5649999999999
436,-0.06312625250501001,477.58500000000004,977.1200000000001,971.5600000000001,899.5300000000001,784.8949999999999,658.22,578.5649999999999
437,-0.06212424849699398,477.58500000000004,977.1200000000001,971.5600000000001,899.5300000000001,784.8949999999999,658.22,578.5649999999999
438,-0.06112224448897795,477.58500000000004,977.1200000000001,971.5600000000001,899.5300000000001,784.8949999999999,658.22,578.5649999999999
439,-0.06012024048096192,477.58500000000004,977.1200000000001,971.5600000000001,896.865,784.8949999999999,650.1,578.5649999999999
440,-0.05911823647294589,477.58500000000004,977.1200000000001,971.5600000000001,896.865,784.8949999999999,650.1,578.5649999999999
441,-0.058116232464929855,477.58500000000004,977.1200000000001,971.5600000000001,896.865,784.8949999999999,650.1,578.5649999999999
442,-0.05711422845691382,477.58500000000004,977.1200000000001,971.5600000000001,896.865,784.8949999999999,650.1,578.5649999999999
443,-0.05611222444889779,477.58500000000004,977.1200000000001,971.1650000000002,896.865,784.8949999999999,650.1,578.5649999999999
444,-0.055110220440881756,477.58500000000004,977.1200000000001,971.1650000000002,896.865,784.8949999999999,650.1,578.5649999999999
445,-0.05410821643286573,477.58500000000004,977.1200000000001,971.1650000000002,896.865,784.8949999999999,650.1,578.5649999999999
446,-0.0531062124248497,477.58500000000004,977.1200000000001,971.1650000000002,896.865,784.8949999999999,650.1,578.5649999999999
447,-0.052104208416833664,477.58500000000004,977.1200000000001,971.1650000000002,856.865,784.8949999999999,650.1,578.5649999999999
448,-0.05110220440881763,477.58500000000004,977.1200000000001,971.1650000000002,856.865,784.1099999999999,650.1,578.5649999999999
449,-0.0501002004008016,477.58500000000004,977.1200000000001,967.6450000000001,855.6700000000001,784.1099999999999,650.1,578.5649999999999
450,-0.049098196392785565,477.58500000000004,977.1200000000001,966.1650000000002,855.6700000000001,784.1099999999999,650.1,578.5649999999999
451,-0.04809619238476953,477.58500000000004,977.1200000000001,961.7700000000001,855.6700000000001,784.1099999999999,650.1,578.5649999999999
452,-0.047094188376753505,477.58500000000004,977.1200000000001,938.9500000000002,855.6700000000001,784.1099999999999,650.1,578.5649999999999
453,-0.04609218436873747,477.58500000000004,977.1200000000001,938.9500000000002,855.6700000000001,784.1099999999999,650.1,578.5649999999999
454,-0.04509018036072144,477.58500000000004,977.1200000000001,938.9500000000002,852.8399999999999,784.1099999999999,650.1,578.5649999999999
455,-0.044088176352705406,477.58500000000004,977.1200000000001,935.1300000000001,852.8399999999999,784.1099999999999,650.1,578.5649999999999
456,-0.04308617234468937,477.58500000000004,977.1200000000001,935.1300000000001,852.8399999999999,784.1099999999999,650.1,578.5649999999999
457,-0.04208416833667334,477.58500000000004,977.1200000000001,932.9399999999999,852.8399999999999,784.1099999999999,650.1,578.5649999999999
458,-0.041082164328657314,477.58500000000004,977.1200000000001,932.72,842.15,784.1099999999999,648.6600000000001,578.5649999999999
459,-0.04008016032064128,477.58500000000004,977.1200000000001,932.72,842.15,784.1099999999999,648.6600000000001,578.5649999999999
460,-0.03907815631262525,477.58500000000004,977.1200000000001,932.72,842.15,784.1099999999999,648.6600000000001,578.5649999999999
461,-0.038076152304609215,477.58500000000004,977.1200000000001,932.72,842.15,784.1099999999999,648.6600000000001,578.5649999999999
462,-0.03707414829659318,477.58500000000004,977.1200000000001,932.72,842.15,784.1099999999999,648.6600000000001,578.5649999999999
463,-0.03607214428857715,477.58500000000004,977.1200000000001,932.72,842.15,784.1099999999999,648.6600000000001,578.5649999999999
464,-0.03507014028056112,477.58500000000004,977.1200000000001,932.72,842.15,784.1099999999999,648.6600000000001,578.5649999999999
465,-0.03406813627254509,477.58500000000004,977.1200000000001,932.72,842.15,784.1099999999999,648.6600000000001,578.5649999999999
466,-0.033066132264529056,477.58500000000004,977.1200000000001,932.72,842.15,784.1099999999999,648.6600000000001,578.5649999999999
467,-0.03206412825651302,477.58500000000004,977.1200000000001,932.72,842.15,782.385,648.6600000000001,578.5649999999999
468,-0.03106212424849699,477.58500000000004,977.1200000000001,932.72,842.15,782.385,648.6600000000001,578.5649999999999
469,-0.03006012024048096,477.58500000000004,977.1200000000001,931.8000000000002,842.15,780.9799999999999,647.9649999999999,578.5649999999999
470,-0.029058116232464928,477.58500000000004,977.1200000000001,929.3700000000001,842.15,780.9799999999999,647.9649999999999,578.5649999999999
471,-0.028056112224448895,477.58500000000004,977.1200000000001,929.3700000000001,842.15,780.9799999999999,647.9649999999999,563.6049999999999
472,-0.027054108216432865,477.58500000000004,977.1200000000001,929.3700000000001,842.15,780.9799999999999,647.9649999999999,563.6049999999999
473,-0.026052104208416832,477.58500000000004,977.1200000000001,929.3700000000001,842.15,780.9799999999999,647.9649999999999,563.6049999999999
474,-0.0250501002004008,477.58500000000004,977.1200000000001,929.3700000000001,832.51,780.9799999999999,647.9649999999999,563.6049999999999
475,-0.024048096192384766,477.58500000000004,977.1200000000001,929.3700000000001,832.51,779.7099999999999,647.9649999999999,563.6049999999999
476,-0.023046092184368736,477.58500000000004,977.1200000000001,929.3700000000001,831.4399999999999,779.7099999999999,647.9649999999999,563.6049999999999
477,-0.022044088176352703,477.58500000000004,977.1200000000001,929.3700000000001,830.8700000000001,779.7099999999999,647.9649999999999,563.6049999999999
478,-0.02104208416833667,477.58500000000004,977.1200000000001,926.945,830.8700000000001,779.7099999999999,647.9649999999999,563.6049999999999
479,-0.02004008016032064,477.58500000000004,977.1200000000001,926.945,830.8700000000001,779.7099999999999,647.9649999999999,563.6049999999999
480,-0.019038076152304607,477.58500000000004,977.1200000000001,926.945,830.8700000000001,779.7099999999999,647.9649999999999,563.6049999999999
481,-0.018036072144288574,477.58500000000004,977.1200000000001,926.945,830.8700000000001,778.4649999999999,647.9649999999999,563.6049999999999
482,-0.017034068136272545,477.58500000000004,977.1200000000001,926.1600000000001,827.885,778.4649999999999,647.9649999999999,563.6049999999999
483,-0.01603206412825651,477.58500000000004,977.1200000000001,925.28,823.625,772.4999999999999,647.9649999999999,563.6049999999999
484,-0.01503006012024048,477.58500000000004,977.1200000000001,925.28,823.625,769.3699999999999,647.9649999999999,563.6049999999999
485,-0.014028056112224447,477.58500000000004,977.1200000000001,916.5799999999999,823.625,769.3699999999999,647.9649999999999,563.6049999999999
486,-0.013026052104208416,477.58500000000004,977.1200000000001,916.5799999999999,823.445,769.3699999999999,647.9649999999999,563.6049999999999
487,-0.012024048096192383,477.58500000000004,977.1200000000001,916.5799999999999,823.445,769.3699999999999,647.9649999999999,563.6049999999999
488,-0.011022044088176352,477.58500000000004,977.1200000000001,916.4,823.445,769.3699999999999,647.9649999999999,563.6049999999999
489,-0.01002004008016032,477.58500000000004,977.1200000000001,916.4,823.445,769.3699999999999,634.5849999999999,559.795
490,-0.009018036072144287,477.58500000000004,977.1200000000001,916.4,823.445,721.45,634.5849999999999,559.795
491,-0.008016032064128256,477.58500000000004,977.1200000000001,916.4,823.445,721.45,634.5849999999999,559.245
492,-0.007014028056112224,477.58500000000004,977.1200000000001,916.4,822.0350000000001,721.2950000000001,634.5849999999999,559.245
493,-0.0060120240480961915,477.58500000000004,977.1200000000001,916.4,822.0350000000001,721.2850000000001,634.5849999999999,559.245
494,-0.00501002004008016,477.58500000000004,977.1200000000001,915.6049999999999,822.0350000000001,721.2850000000001,634.5849999999999,559.245
495,-0.004008016032064128,477.58500000000004,977.1200000000001,915.6049999999999,822.0350000000001,712.1700000000001,634.5849999999999,559.245
496,-0.0030060120240480957,477.58500000000004,977.1200000000001,915.6049999999999,821.4,712.1700000000001,632.845,559.245
497,-0.002004008016032064,477.58500000000004,977.1200000000001,915.6049999999999,821.4,712.1700000000001,632.845,559.245
498,-0.001002004008016032,477.58500000000004,977.1200000000001,915.6049999999999,821.4,712.1700000000001,632.845,557.745
499,-0.0,477.58500000000004,977.1200000000001,915.6049999999999,815.9549999999999,712.1700000000001,632.845,557.745
500,0.0,477.58500000000004,977.1200000000001,915.6049999999999,815.9549999999999,712.1700000000001,632.845,557.745
501,0.001002004008016032,477.58500000000004,977.1200000000001,915.6049999999999,815.9549999999999,712.1700000000001,632.845,557.745
502,0.002004008016032064,477.58500000000004,977.1200000000001,915.6049999999999,815.9549999999999,711.7150000000001,632.845,557.745
503,0.0030060120240480957,477.58500000000004,977.1200000000001,915.6049999999999,815.9549999999999,711.7150000000001,632.845,557.745
504,0.004008016032064128,477.58500000000004,977.1200000000001,915.6049999999999,815.9549999999999,711.7150000000001,632.845,557.745
505,0.00501002004008016,477.58500000000004,977.1200000000001,915.6049999999999,815.9549999999999,710.9100000000001,632.845,557.745
506,0.0060120240480961915,477.58500000000004,977.1200000000001,914.635,815.9549999999999,710.9100000000001,632.845,557.745
507,0.007014028056112224,477.58500000000004,977.1200000000001,914.635,815.9549999999999,710.9100000000001,632.845,557.745
508,0.008016032064128256,477.58500000000004,977.1200000000001,913.8299999999999,815.9549999999999,710.9100000000001,632.845,557.745
509,0.009018036072144287,477.58500000000004,977.1200000000001,913.8299999999999,815.9549999999999,710.3,632.845,557.745
510,0.01002004008016032,477.58500000000004,977.1200000000001,913.8299999999999,815.9549999999999,710.3,632.845,557.745
511,0.011022044088176352,477.58500000000004,977.1200000000001,910.1,814.655,710.3,632.845,557.745
512,0.012024048096192383,477.58500000000004,977.1200000000001,908.6600000000001,814.655,710.3,632.845,557.745
513,0.013026052104208416,477.58500000000004,977.1200000000001,908.6600000000001,814.655,710.3,632.845,557.745
514,0.014028056112224447,477.58500000000004,977.1200000000001,908.6600000000001,814.655,710.1,632.845,557.745
515,0.01503006012024048,477.58500000000004,977.1200000000001,908.6600000000001,814.655,710.1,632.845,557.745
516,0.01603206412825651,477.58500000000004,977.1200000000001,908.6600000000001,814.655,710.1,632.845,557.745
517,0.017034068136272545,477.58500000000004,977.1200000000001,908.6600000000001,814.655,710.1,632.845,557.745
518,0.018036072144288574,477.58500000000004,977.1200000000001,908.6600000000001,814.655,710.1,632.845,557.745
519,0.019038076152304607,477.58500000000004,977.1200000000001,906.4699999999999,812.18,710.1,632.845,557.745
520,0.02004008016032064,477.58500000000004,977.1200000000001,906.4699999999999,812.18,710.1,632.845,557.745
521,0.02104208416833667,477.58500000000004,977.1200000000001,906.4699999999999,812.18,710.1,632.845,557.745
522,0.022044088176352703,477.58500000000004,977.1200000000001,906.4699999999999,812.18,710.1,632.845,557.745
523,0.023046092184368736,477.58500000000004,977.1200000000001,906.4699999999999,812.18,710.1,632.845,557.745
524,0.024048096192384766,477.58500000000004,977.1200000000001,904.1899999999999,811.4749999999999,710.1,632.845,557.745
525,0.0250501002004008,477.58500000000004,977.1200000000001,904.1899999999999,811.4749999999999,710.1,632.845,557.745
526,0.026052104208416832,477.58500000000004,977.1200000000001,901.71,811.1249999999999,710.1,632.845,557.745
527,0.027054108216432865,477.58500000000004,977.1200000000001,901.71,811.1249999999999,710.1,632.845,557.745
528,0.028056112224448895,477.58500000000004,977.1200000000001,901.71,811.1249999999999,710.1,632.845,557.745
529,0.029058116232464928,477.58500000000004,977.1200000000001,901.71,811.1249999999999,710.1,632.845,557.745
530,0.03006012024048096,477.58500000000004,977.1200000000001,901.71,811.1249999999999,710.1,632.845,557.745
531,0.03106212424849699,477.58500000000004,977.1200000000001,901.71,811.1249999999999,710.1,624.3349999999999,557.745
532,0.03206412825651302,477.58500000000004,977.1200000000001,901.71,810.5749999999999,710.1,624.3349999999999,557.745
533,0.033066132264529056,477.58500000000004,977.1200000000001,901.71,810.5749999999999,710.1,624.3349999999999,557.745
534,0.03406813627254509,477.58500000000004,977.1200000000001,901.71,810.5749999999999,710.1,624.3349999999999,557.745
535,0.03507014028056112,477.58500000000004,977.1200000000001,901.71,810.5749999999999,709.4649999999999,624.3349999999999,557.745
536,0.03607214428857715,477.58500000000004,977.1200000000001,901.71,802.3749999999999,709.4649999999999,624.3349999999999,557.745
537,0.03707414829659318,477.58500000000004,977.1200000000001,901.71,802.3749999999999,709.4649999999999,624.3349999999999,557.745
538,0.038076152304609215,477.58500000000004,977.1200000000001,901.71,801.8799999999999,709.4649999999999,624.3349999999999,557.745
539,0.03907815631262525,477.58500000000004,977.1200000000001,901.71,801.8799999999999,709.4649999999999,624.3349999999999,557.745
540,0.04008016032064128,477.58500000000004,977.1200000000001,901.71,801.8799999999999,709.4649999999999,624.3349999999999,557.745
541,0.041082164328657314,477.58500000000004,977.1200000000001,901.71,801.8799999999999,709.4649999999999,624.3349999999999,557.745
542,0.04208416833667334,477.58500000000004,977.1200000000001,901.71,801.8799999999999,709.4649999999999,624.3349999999999,557.745
543,0.04308617234468937,477.58500000000004,977.1200000000001,901.71,801.8799999999999,709.4649999999999,624.3349999999999,557.745
544,0.044088176352705406,477.58500000000004,977.1200000000001,901.71,801.8799999999999,709.4649999999999,624.3349999999999,557.745
545,0.04509018036072144,477.58500000000004,977.1200000000001,901.71,801.8799999999999,709.4649999999999,624.3349999999999,557.745
546,0.04609218436873747,477.58500000000004,977.1200000000001,901.71,801.8799999999999,709.4649999999999,624.3349999999999,557.745
547,0.047094188376753505,477.58500000000004,977.1200000000001,901.71,801.8799999999999,709.4649999999999,624.3349999999999,557.745
548,0.04809619238476953,477.58500000000004,977.1200000000001,901.71,801.8799999999999,709.4649999999999,624.3349999999999,557.745
549,0.049098196392785565,477.58500000000004,977.1200000000001,900.9350000000001,801.8799999999999,708.725,624.3349999999999,557.745
550,0.0501002004008016,477.58500000000004,977.1200000000001,900.9350000000001,801.8799999999999,708.725,624.3349999999999,557.745
551,0.05110220440881763,477.58500000000004,977.1200000000001,899.5300000000001,801.8799999999999,708.725,624.3349999999999,557.745
552,0.052104208416833664,477.58500000000004,977.1200000000001,899.5300000000001,801.8799999999999,708.725,624.3349999999999,557.745
553,0.0531062124248497,477.58500000000004,977.1200000000001,899.5300000000001,801.8799999999999,708.725,624.3349999999999,557.745
554,0.05410821643286573,477.58500000000004,977.1200000000001,899.5300000000001,801.8799999999999,708.725,624.3349999999999,557.745
555,0.055110220440881756,477.58500000000004,977.1200000000001,899.5300000000001,801.8799999999999,708.725,624.3349999999999,557.745
556,0.05611222444889779,477.58500000000004,977.1200000000001,899.5300000000001,801.8799999999999,708.725,624.3349999999999,557.745
557,0.05711422845691382,477.58500000000004,977.1200000000001,896.865,801.8799999999999,708.725,624.3349999999999,557.745
558,0.058116232464929855,477.58500000000004,977.1200000000001,896.865,798.8299999999999,708.615,624.3349999999999,557.745
559,0.05911823647294589,477.58500000000004,977.1200000000001,896.865,798.8299999999999,708.615,624.3349999999999,557.745
560,0.06012024048096192,477.58500000000004,977.1200000000001,896.865,798.8299999999999,708.615,624.3349999999999,557.745
561,0.06112224448897795,477.58500000000004,977.1200000000001,896.865,798.8299999999999,689.265,624.3349999999999,557.745
562,0.06212424849699398,477.58500000000004,977.1200000000001,896.865,798.8299999999999,689.265,624.3349999999999,545.395
563,0.06312625250501001,477.58500000000004,977.1200000000001,896.865,798.8299999999999,689.265,624.3349999999999,545.395
564,0.06412825651302605,477.58500000000004,977.1200000000001,896.865,798.8299999999999,688.385,624.3349999999999,545.395
565,0.06513026052104208,477.58500000000004,977.1200000000001,896.865,798.8299999999999,687.1899999999999,624.3349999999999,545.395
566,0.06613226452905811,477.58500000000004,977.1200000000001,856.865,798.8299999999999,687.1899999999999,618.89,545.395
567,0.06713426853707415,477.58500000000004,977.1200000000001,856.865,797.115,687.1899999999999,618.89,545.395
568,0.06813627254509018,477.58500000000004,977.1200000000001,855.6700000000001,797.115,687.1899999999999,618.89,544.3050000000001
569,0.06913827655310621,477.58500000000004,977.1200000000001,855.6700000000001,797.115,687.1899999999999,618.89,544.3050000000001
570,0.07014028056112225,477.58500000000004,977.1200000000001,855.6700000000001,797.115,687.1899999999999,618.89,544.3050000000001
571,0.07114228456913826,477.58500000000004,977.1200000000001,855.6700000000001,797.115,687.1899999999999,618.89,544.3050000000001
572,0.0721442885771543,477.58500000000004,977.1200000000001,855.6700000000001,797.115,686.64,618.89,544.3050000000001
573,0.07314629258517033,477.58500000000004,977.1200000000001,855.6700000000001,797.115,686.64,618.89,544.3050000000001
574,0.07414829659318636,477.58500000000004,977.1200000000001,852.8399999999999,797.115,686.64,618.89,544.3050000000001
575,0.0751503006012024,477.58500000000004,977.1200000000001,852.8399999999999,797.115,686.64,618.89,544.3050000000001
576,0.07615230460921843,477.58500000000004,977.1200000000001,852.8399999999999,797.115,686.64,618.89,544.3050000000001
577,0.07715430861723446,477.58500000000004,977.1200000000001,852.8399999999999,797.115,686.64,618.89,544.3050000000001
578,0.0781563126252505,477.58500000000004,977.1200000000001,845.195,797.115,686.64,618.89,542.5350000000001
579,0.07915831663326653,477.58500000000004,977.1200000000001,842.15,797.115,686.64,618.89,542.5350000000001
580,0.08016032064128256,477.58500000000004,977.1200000000001,842.15,797.115,686.64,618.89,542.5350000000001
581,0.0811623246492986,477.58500000000004,977.1200000000001,842.15,797.115,686.64,618.89,542.5350000000001
582,0.08216432865731463,477.58500000000004,977.1200000000001,842.15,797.115,686.64,618.89,542.5350000000001
583,0.08316633266533066,477.58500000000004,977.1200000000001,842.15,797.115,686.64,618.89,542.5350000000001
584,0.08416833667334668,477.58500000000004,977.1200000000001,842.15,793.975,686.64,618.89,542.5350000000001
585,0.08517034068136271,477.58500000000004,977.1200000000001,842.15,793.975,686.64,618.89,542.5350000000001
586,0.08617234468937875,477.58500000000004,977.1200000000001,842.15,793.975,686.64,618.89,542.5350000000001
587,0.08717434869739478,477.58500000000004,977.1200000000001,842.15,793.975,686.64,618.89,542.5350000000001
588,0.08817635270541081,477.58500000000004,977.1200000000001,842.15,793.975,686.64,618.89,542.5350000000001
589,0.08917835671342685,477.58500000000004,977.1200000000001,842.15,793.975,685.06,618.89,542.5350000000001
590,0.09018036072144288,477.58500000000004,977.1200000000001,842.15,793.975,679.555,605.68,542.5350000000001
591,0.09118236472945891,477.58500000000004,977.1200000000001,842.15,793.975,679.555,605.68,542.5350000000001
592,0.09218436873747494,477.58500000000004,977.1200000000001,842.15,793.975,679.555,605.68,542.5350000000001
593,0.09318637274549098,477.58500000000004,977.1200000000001,842.15,793.975,679.375,605.68,542.5350000000001
594,0.09418837675350701,477.58500000000004,977.1200000000001,842.15,793.39,679.375,605.68,542.5350000000001
595,0.09519038076152304,477.58500000000004,977.1200000000001,842.15,793.39,679.375,605.68,542.5350000000001
596,0.09619238476953906,477.58500000000004,977.1200000000001,832.51,793.39,670.6850000000001,605.68,542.5350000000001
597,0.0971943887775551,477.58500000000004,977.1200000000001,832.51,793.39,670.6850000000001,605.68,542.5350000000001
598,0.09819639278557113,477.58500000000004,977.1200000000001,832.51,793.39,670.6850000000001,605.68,542.5350000000001
599,0.09919839679358716,477.58500000000004,977.1200000000001,830.8700000000001,793.39,670.6850000000001,605.68,542.5350000000001
600,0.1002004008016032,477.58500000000004,977.1200000000001,,793.39,670.6850000000001,594.3349999999998,542.5350000000001
601,0.10120240480961923,477.58500000000004,977.1200000000001,,793.325,670.6850000000001,594.3349999999998,542.5350000000001
602,0.10220440881763526,477.58500000000004,977.1200000000001,,793.325,670.6850000000001,594.3349999999998,542.5350000000001
603,0.1032064128256513,477.58500000000004,977.1200000000001,,793.325,670.6850000000001,594.3349999999998,542.5350000000001
604,0.10420841683366733,477.58500000000004,977.1200000000001,,793.325,670.6850000000001,594.3349999999998,542.5350000000001
605,0.10521042084168336,477.58500000000004,977.1200000000001,,793.325,670.6850000000001,594.3349999999998,542.5350000000001
606,0.1062124248496994,477.58500000000004,977.1200000000001,,791.6,666.5899999999999,594.3349999999998,542.5350000000001
607,0.10721442885771543,477.58500000000004,977.1200000000001,,791.6,666.5899999999999,594.3349999999998,542.5350000000001
608,0.10821643286573146,477.58500000000004,977.1200000000001,,790.1949999999999,666.5899999999999,594.3349999999998,542.5350000000001
609,0.10921843687374748,477.58500000000004,977.1200000000001,,790.1949999999999,666.5899999999999,594.3349999999998,542.5350000000001
610,0.11022044088176351,477.58500000000004,977.1200000000001,,790.1949999999999,666.5899999999999,594.3349999999998,542.5350000000001
611,0.11122244488977955,477.58500000000004,977.1200000000001,,790.1949999999999,666.5899999999999,594.3349999999998,542.5350000000001
612,0.11222444889779558,477.58500000000004,977.1200000000001,,790.1949999999999,666.5899999999999,594.3349999999998,542.5350000000001
613,0.11322645290581161,477.58500000000004,977.1200000000001,,790.1949999999999,666.5899999999999,594.3349999999998,542.5350000000001
614,0.11422845691382764,477.58500000000004,977.1200000000001,,790.1949999999999,666.5899999999999,594.3349999999998,542.5350000000001
615,0.11523046092184368,477.58500000000004,977.1200000000001,,788.475,666.5899999999999,594.3349999999998,542.5350000000001
616,0.11623246492985971,477.58500000000004,977.1200000000001,,788.475,666.5899999999999,594.3349999999998,542.5350000000001
617,0.11723446893787574,477.58500000000004,977.1200000000001,,788.475,666.5899999999999,594.3349999999998,542.5350000000001
618,0.11823647294589178,477.58500000000004,977.1200000000001,,788.475,666.5899999999999,594.3349999999998,542.5350000000001
619,0.11923847695390781,477.58500000000004,977.1200000000001,,788.475,665.15,594.3349999999998,542.5350000000001
620,0.12024048096192384,477.58500000000004,977.1200000000001,,788.475,665.15,594.3349999999998,542.5350000000001
621,0.12124248496993988,477.58500000000004,977.1200000000001,,788.475,665.15,594.3349999999998,542.5350000000001
622,0.1222444889779559,477.58500000000004,977.1200000000001,,787.2299999999999,665.15,594.3349999999998,542.5350000000001
623,0.12324649298597193,477.58500000000004,977.1200000000001,,787.2299999999999,665.15,594.3349999999998,542.5350000000001
624,0.12424849699398796,477.58500000000004,977.1200000000001,,781.265,665.15,594.3349999999998,542.5350000000001
625,0.125250501002004,477.58500000000004,977.1200000000001,,781.265,665.15,594.3349999999998,542.5350000000001
626,0.12625250501002003,477.58500000000004,977.1200000000001,,778.135,665.15,594.3349999999998,542.5350000000001
627,0.12725450901803606,477.58500000000004,977.1200000000001,,778.135,665.15,594.3349999999998,542.5350000000001
628,0.1282565130260521,477.58500000000004,977.1200000000001,,778.135,665.15,591.2849999999999,542.5350000000001
629,0.12925851703406813,477.58500000000004,977.1200000000001,,778.135,665.15,591.2849999999999,533.745
630,0.13026052104208416,477.58500000000004,977.1200000000001,,778.135,665.15,591.2849999999999,533.745
631,0.1312625250501002,477.58500000000004,977.1200000000001,,778.135,664.4550000000002,590.2449999999999,533.745
632,0.13226452905811623,477.58500000000004,977.1200000000001,,778.135,664.4550000000002,590.2449999999999,533.745
633,0.13326653306613226,477.58500000000004,977.1200000000001,,730.2150000000001,664.4550000000002,590.2449999999999,533.745
634,0.1342685370741483,477.58500000000004,977.1200000000001,,730.2150000000001,664.4550000000002,590.1349999999999,533.745
635,0.13527054108216433,477.58500000000004,977.1200000000001,,730.0500000000002,664.4550000000002,590.1349999999999,533.745
636,0.13627254509018036,477.58500000000004,977.1200000000001,,730.0500000000002,664.4550000000002,590.1349999999999,533.745
637,0.1372745490981964,477.58500000000004,977.1200000000001,,728.7950000000001,664.4550000000002,590.1349999999999,533.745
638,0.13827655310621242,477.58500000000004,977.1200000000001,,720.9350000000001,664.4550000000002,590.1349999999999,533.745
639,0.13927855711422846,477.58500000000004,977.1200000000001,,720.9350000000001,664.4550000000002,590.1349999999999,533.745
640,0.1402805611222445,477.58500000000004,977.1200000000001,,720.9350000000001,664.4550000000002,590.1349999999999,533.745
641,0.1412825651302605,477.58500000000004,977.1200000000001,,720.9350000000001,664.4550000000002,590.1349999999999,533.745
642,0.14228456913827653,477.58500000000004,977.1200000000001,,720.9350000000001,664.4550000000002,590.1349999999999,533.745
643,0.14328657314629256,477.58500000000004,977.1200000000001,,720.9350000000001,664.4550000000002,590.1349999999999,533.745
644,0.1442885771543086,477.58500000000004,977.1200000000001,,720.9350000000001,664.4550000000002,590.1349999999999,533.745
645,0.14529058116232463,477.58500000000004,977.1200000000001,,720.4800000000001,664.4550000000002,590.1349999999999,533.745
646,0.14629258517034066,477.58500000000004,977.1200000000001,,720.4800000000001,664.4550000000002,590.1349999999999,533.745
647,0.1472945891783567,477.58500000000004,977.1200000000001,,720.4800000000001,664.4550000000002,590.1349999999999,533.745
648,0.14829659318637273,477.58500000000004,977.1200000000001,,719.6750000000002,663.75,590.1349999999999,533.745
649,0.14929859719438876,477.58500000000004,977.1200000000001,,719.6750000000002,663.75,590.1349999999999,533.745
650,0.1503006012024048,477.58500000000004,977.1200000000001,,719.6750000000002,663.75,590.1349999999999,533.745
651,0.15130260521042083,477.58500000000004,977.1200000000001,,719.6750000000002,663.75,590.1349999999999,533.745
652,0.15230460921843686,477.58500000000004,977.1200000000001,,719.6750000000002,663.75,590.1349999999999,533.745
653,0.1533066132264529,477.58500000000004,977.1200000000001,,719.0650000000002,663.75,590.1349999999999,533.745
654,0.15430861723446893,477.58500000000004,977.1200000000001,,719.0650000000002,650.37,590.1349999999999,533.745
655,0.15531062124248496,477.58500000000004,977.1200000000001,,719.0650000000002,650.37,590.1349999999999,533.745
656,0.156312625250501,477.58500000000004,977.1200000000001,,719.0650000000002,650.37,590.1349999999999,533.745
657,0.15731462925851702,477.58500000000004,977.1200000000001,,719.0650000000002,650.37,590.1349999999999,533.745
658,0.15831663326653306,477.58500000000004,977.1200000000001,,718.8650000000001,650.37,590.1349999999999,533.745
659,0.1593186372745491,477.58500000000004,977.1200000000001,,718.8650000000001,650.37,590.1349999999999,533.745
660,0.16032064128256512,477.58500000000004,977.1200000000001,,718.8650000000001,650.37,590.1349999999999,533.745
661,0.16132264529058116,477.58500000000004,977.1200000000001,,718.8650000000001,650.37,590.1349999999999,533.745
662,0.1623246492985972,477.58500000000004,977.1200000000001,,718.8650000000001,648.63,590.1349999999999,533.745
663,0.16332665330661322,477.58500000000004,977.1200000000001,,718.8650000000001,648.63,590.1349999999999,533.745
664,0.16432865731462926,477.58500000000004,977.1200000000001,,718.8650000000001,648.63,590.1349999999999,533.745
665,0.1653306613226453,477.58500000000004,977.1200000000001,,718.3,647.385,590.1349999999999,533.745
666,0.16633266533066132,477.58500000000004,977.1200000000001,,718.3,647.385,575.175,533.745
667,0.16733466933867733,477.58500000000004,977.1200000000001,,718.3,647.385,575.175,533.745
668,0.16833667334669336,477.58500000000004,977.1200000000001,,718.3,647.385,575.175,533.745
669,0.1693386773547094,477.58500000000004,977.1200000000001,,718.3,647.385,575.175,527.355
670,0.17034068136272543,477.58500000000004,977.1200000000001,,718.3,647.385,575.175,527.355
671,0.17134268537074146,477.58500000000004,977.1200000000001,,718.3,647.385,575.175,527.355
672,0.1723446893787575,477.58500000000004,977.1200000000001,,718.3,647.385,575.175,527.355
673,0.17334669338677353,477.58500000000004,977.1200000000001,,718.3,647.385,575.175,527.355
674,0.17434869739478956,477.58500000000004,977.1200000000001,,718.3,647.385,575.175,527.355
675,0.1753507014028056,477.58500000000004,977.1200000000001,,718.3,647.385,575.175,527.355
676,0.17635270541082163,477.58500000000004,977.1200000000001,,718.3,647.385,575.175,527.355
677,0.17735470941883766,477.58500000000004,977.1200000000001,,718.3,647.385,575.175,527.355
678,0.1783567134268537,477.58500000000004,977.1200000000001,,718.3,647.23,575.175,527.355
679,0.17935871743486972,477.58500000000004,977.1200000000001,,718.3,647.22,575.175,527.355
680,0.18036072144288576,477.58500000000004,977.1200000000001,,718.3,647.22,575.175,525.765
681,0.1813627254509018,477.58500000000004,977.1200000000001,,718.3,647.22,575.175,525.765
682,0.18236472945891782,477.58500000000004,977.1200000000001,,717.6650000000002,647.22,575.175,525.765
683,0.18336673346693386,477.58500000000004,977.1200000000001,,717.6650000000002,647.22,575.175,525.765
684,0.1843687374749499,477.58500000000004,977.1200000000001,,717.6650000000002,645.8050000000001,575.175,525.765
685,0.18537074148296592,477.58500000000004,977.1200000000001,,717.6650000000002,645.8050000000001,575.175,525.765
686,0.18637274549098196,477.58500000000004,977.1200000000001,,717.6650000000002,645.8050000000001,575.175,525.765
687,0.187374749498998,477.58500000000004,977.1200000000001,,717.6650000000002,645.8050000000001,571.365,525.765
688,0.18837675350701402,477.58500000000004,977.1200000000001,,717.6650000000002,645.8050000000001,571.365,525.765
689,0.18937875751503006,477.58500000000004,977.1200000000001,,717.6650000000002,645.8050000000001,571.365,525.765
690,0.1903807615230461,477.58500000000004,977.1200000000001,,717.6650000000002,645.8050000000001,570.8149999999999,525.765
691,0.19138276553106212,477.58500000000004,977.1200000000001,,717.6650000000002,645.8050000000001,570.8149999999999,525.765
692,0.19238476953907813,477.58500000000004,977.1200000000001,,717.6650000000002,645.8050000000001,570.8149999999999,525.765
693,0.19338677354709416,477.58500000000004,977.1200000000001,,717.6650000000002,645.8050000000001,570.8149999999999,523.825
694,0.1943887775551102,477.58500000000004,977.1200000000001,,717.6650000000002,645.8050000000001,570.8149999999999,523.825
695,0.19539078156312623,477.58500000000004,977.1200000000001,,717.6650000000002,645.8050000000001,570.8149999999999,523.825
696,0.19639278557114226,477.58500000000004,977.1200000000001,,717.6650000000002,645.8050000000001,570.8149999999999,523.825
697,0.1973947895791583,477.58500000000004,977.1200000000001,,717.6650000000002,645.8050000000001,570.8149999999999,523.825
698,0.19839679358717432,477.58500000000004,977.1200000000001,,716.925,645.8050000000001,570.8149999999999,523.825
699,0.19939879759519036,477.58500000000004,977.1200000000001,,716.925,645.8050000000001,569.3149999999999,523.825
700,0.2004008016032064,477.58500000000004,977.1200000000001,,,645.8050000000001,566.185,523.825
701,0.20140280561122242,477.58500000000004,977.1200000000001,,,645.8050000000001,566.185,523.825
702,0.20240480961923846,477.58500000000004,977.1200000000001,,,645.8050000000001,566.185,523.825
703,0.2034068136272545,477.58500000000004,977.1200000000001,,,637.295,566.185,523.825
704,0.20440881763527052,477.58500000000004,977.1200000000001,,,637.295,566.185,523.825
705,0.20541082164328656,477.58500000000004,977.1200000000001,,,637.295,566.185,523.825
706,0.2064128256513026,477.58500000000004,977.1200000000001,,,637.295,566.185,523.825
707,0.20741482965931862,477.58500000000004,977.1200000000001,,,637.295,566.185,523.825
708,0.20841683366733466,477.58500000000004,977.1200000000001,,,637.295,566.185,523.825
709,0.2094188376753507,477.58500000000004,977.1200000000001,,,636.235,566.185,523.825
710,0.21042084168336672,477.58500000000004,977.1200000000001,,,636.235,563.915,523.825
711,0.21142284569138275,477.58500000000004,977.1200000000001,,,636.235,563.915,523.825
712,0.2124248496993988,477.58500000000004,977.1200000000001,,,636.235,563.915,523.825
713,0.21342685370741482,477.58500000000004,977.1200000000001,,,636.235,563.915,523.825
714,0.21442885771543085,477.58500000000004,977.1200000000001,,,636.235,563.915,523.825
715,0.2154308617234469,477.58500000000004,977.1200000000001,,,636.235,563.915,520.655
716,0.21643286573146292,477.58500000000004,977.1200000000001,,,636.235,563.915,520.655
717,0.21743486973947895,477.58500000000004,977.1200000000001,,,636.235,563.915,520.655
718,0.21843687374749496,477.58500000000004,977.1200000000001,,,636.235,563.915,520.655
719,0.219438877755511,477.58500000000004,977.1200000000001,,,636.235,563.915,520.655
720,0.22044088176352702,477.58500000000004,977.1200000000001,,,636.235,563.915,520.655
721,0.22144288577154306,477.58500000000004,977.1200000000001,,,636.235,563.915,520.655
722,0.2224448897795591,477.58500000000004,977.1200000000001,,,636.235,563.915,520.655
723,0.22344689378757512,477.58500000000004,977.1200000000001,,,636.235,563.915,520.655
724,0.22444889779559116,477.58500000000004,977.1200000000001,,,636.235,563.915,520.655
725,0.2254509018036072,477.58500000000004,977.1200000000001,,,636.235,563.915,520.655
726,0.22645290581162322,477.58500000000004,977.1200000000001,,,636.235,563.915,520.655
727,0.22745490981963926,477.58500000000004,977.1200000000001,,,636.235,563.915,520.655
728,0.2284569138276553,477.58500000000004,977.1200000000001,,,636.235,563.915,520.655
729,0.22945891783567132,477.58500000000004,977.1200000000001,,,636.235,563.915,520.655
730,0.23046092184368736,477.58500000000004,977.1200000000001,,,636.235,563.915,520.655
731,0.2314629258517034,477.58500000000004,977.1200000000001,,,635.78,563.915,520.655
732,0.23246492985971942,477.58500000000004,977.1200000000001,,,635.78,563.915,520.655
733,0.23346693386773545,477.58500000000004,977.1200000000001,,,635.78,563.915,520.655
734,0.2344689378757515,477.58500000000004,977.1200000000001,,,635.78,563.915,520.655
735,0.23547094188376752,477.58500000000004,977.1200000000001,,,635.78,563.915,520.655
736,0.23647294589178355,477.58500000000004,977.1200000000001,,,635.78,563.915,520.655
737,0.2374749498997996,477.58500000000004,977.1200000000001,,,635.78,563.915,520.655
738,0.23847695390781562,477.58500000000004,977.1200000000001,,,635.78,563.915,520.655
739,0.23947895791583165,477.58500000000004,977.1200000000001,,,635.78,563.915,520.655
740,0.24048096192384769,477.58500000000004,977.1200000000001,,,635.78,563.915,520.655
741,0.24148296593186372,477.58500000000004,977.1200000000001,,,635.78,563.915,520.655
742,0.24248496993987975,477.58500000000004,977.1200000000001,,,634.375,563.915,520.655
743,0.24348697394789579,477.58500000000004,977.1200000000001,,,628.93,563.915,520.655
744,0.2444889779559118,477.58500000000004,977.1200000000001,,,628.1899999999999,563.915,520.655
745,0.24549098196392782,477.58500000000004,977.1200000000001,,,628.1899999999999,563.915,520.655
746,0.24649298597194386,477.58500000000004,977.1200000000001,,,628.1899999999999,563.915,520.655
747,0.2474949899799599,477.58500000000004,977.1200000000001,,,628.1899999999999,563.915,520.655
748,0.24849699398797592,477.58500000000004,977.1200000000001,,,628.1899999999999,563.915,520.655
749,0.24949899799599196,477.58500000000004,977.1200000000001,,,628.1899999999999,563.915,520.655
750,0.250501002004008,477.58500000000004,977.1200000000001,,,628.1899999999999,563.915,520.655
751,0.251503006012024,477.58500000000004,977.1200000000001,,,628.1899999999999,563.915,520.655
752,0.25250501002004005,477.58500000000004,977.1200000000001,,,628.1899999999999,563.915,520.655
753,0.2535070140280561,477.58500000000004,977.1200000000001,,,628.1899999999999,563.915,515.325
754,0.2545090180360721,477.58500000000004,977.1200000000001,,,628.1899999999999,563.915,515.325
755,0.25551102204408815,477.58500000000004,977.1200000000001,,,628.1899999999999,563.915,515.325
756,0.2565130260521042,477.58500000000004,977.1200000000001,,,628.1899999999999,563.915,515.325
757,0.2575150300601202,477.58500000000004,977.1200000000001,,,628.1899999999999,563.915,515.325
758,0.25851703406813625,477.58500000000004,977.1200000000001,,,628.1899999999999,563.915,515.325
759,0.2595190380761523,477.58500000000004,977.1200000000001,,,628.1899999999999,563.915,515.325
760,0.2605210420841683,477.58500000000004,977.1200000000001,,,627.7949999999998,563.915,515.325
761,0.26152304609218435,477.58500000000004,977.1200000000001,,,627.7949999999998,563.915,515.325
762,0.2625250501002004,477.58500000000004,977.1200000000001,,,622.51,563.915,515.325
763,0.2635270541082164,477.58500000000004,977.1200000000001,,,622.51,563.915,515.325
764,0.26452905811623245,477.58500000000004,977.1200000000001,,,622.51,563.915,515.325
765,0.2655310621242485,477.58500000000004,977.1200000000001,,,622.51,563.915,515.325
766,0.2665330661322645,477.58500000000004,977.1200000000001,,,622.51,563.915,515.325
767,0.26753507014028055,477.58500000000004,977.1200000000001,,,622.51,563.915,515.325
768,0.2685370741482966,477.58500000000004,977.1200000000001,,,622.51,563.915,515.325
769,0.2695390781563126,477.58500000000004,977.1200000000001,,,622.51,563.915,515.325
770,0.27054108216432865,477.58500000000004,977.1200000000001,,,622.51,563.915,515.325
771,0.2715430861723447,477.58500000000004,977.1200000000001,,,622.51,562.27,515.325
772,0.2725450901803607,477.58500000000004,977.1200000000001,,,609.3,562.27,515.325
773,0.27354709418837675,477.58500000000004,977.1200000000001,,,609.3,562.27,515.325
774,0.2745490981963928,477.58500000000004,977.1200000000001,,,609.3,549.92,515.325
775,0.2755511022044088,477.58500000000004,977.1200000000001,,,608.8549999999999,549.92,515.325
776,0.27655310621242485,477.58500000000004,977.1200000000001,,,608.8549999999999,549.92,515.325
777,0.2775551102204409,477.58500000000004,977.1200000000001,,,608.8549999999999,549.92,515.325
778,0.2785571142284569,477.58500000000004,977.1200000000001,,,608.8549999999999,549.92,515.325
779,0.27955911823647295,477.58500000000004,977.1200000000001,,,608.8549999999999,549.92,515.325
780,0.280561122244489,477.58500000000004,977.1200000000001,,,608.8549999999999,549.92,515.325
781,0.281563126252505,477.58500000000004,977.1200000000001,,,608.8549999999999,548.83,515.325
782,0.282565130260521,477.58500000000004,977.1200000000001,,,597.5099999999999,548.83,515.325
783,0.283567134268537,477.58500000000004,977.1200000000001,,,597.5099999999999,548.83,515.325
784,0.28456913827655306,477.58500000000004,977.1200000000001,,,597.5099999999999,548.83,515.325
785,0.2855711422845691,477.58500000000004,977.1200000000001,,,597.5099999999999,548.83,515.325
786,0.2865731462925851,477.58500000000004,977.1200000000001,,,597.5099999999999,548.83,515.325
787,0.28757515030060116,477.58500000000004,977.1200000000001,,,597.015,548.4300000000001,515.325
788,0.2885771543086172,477.58500000000004,977.1200000000001,,,597.015,548.4300000000001,515.325
789,0.2895791583166332,477.58500000000004,977.1200000000001,,,597.015,548.4300000000001,515.325
790,0.29058116232464926,477.58500000000004,977.1200000000001,,,597.015,548.4300000000001,515.325
791,0.2915831663326653,477.58500000000004,977.1200000000001,,,597.015,548.4300000000001,515.325
792,0.2925851703406813,477.58500000000004,977.1200000000001,,,597.015,548.4300000000001,515.325
793,0.29358717434869736,477.58500000000004,977.1200000000001,,,597.015,546.6600000000001,515.325
794,0.2945891783567134,477.58500000000004,977.1200000000001,,,597.015,546.6600000000001,515.325
795,0.2955911823647294,477.58500000000004,977.1200000000001,,,597.015,546.6600000000001,515.325
796,0.29659318637274545,477.58500000000004,977.1200000000001,,,597.015,546.6600000000001,515.325
797,0.2975951903807615,477.58500000000004,977.1200000000001,,,597.015,546.6600000000001,515.325
798,0.2985971943887775,477.58500000000004,977.1200000000001,,,597.015,546.385,515.325
799,0.29959919839679355,477.58500000000004,977.1200000000001,,,597.015,546.385,515.325
800,0.3006012024048096,477.58500000000004,977.1200000000001,,,,546.385,515.325
801,0.3016032064128256,477.58500000000004,977.1200000000001,,,,546.385,515.325
802,0.30260521042084165,477.58500000000004,977.1200000000001,,,,546.385,515.325
803,0.3036072144288577,477.58500000000004,977.1200000000001,,,,546.385,515.325
804,0.3046092184368737,477.58500000000004,977.1200000000001,,,,546.385,515.325
805,0.30561122244488975,477.58500000000004,977.1200000000001,,,,546.385,515.325
806,0.3066132264529058,477.58500000000004,977.1200000000001,,,,546.385,515.325
807,0.3076152304609218,477.58500000000004,977.1200000000001,,,,546.385,515.325
808,0.30861723446893785,477.58500000000004,977.1200000000001,,,,546.385,515.325
809,0.3096192384769539,477.58500000000004,977.1200000000001,,,,546.385,515.325
810,0.3106212424849699,477.58500000000004,977.1200000000001,,,,546.385,515.325
811,0.31162324649298595,477.58500000000004,977.1200000000001,,,,546.385,515.325
812,0.312625250501002,477.58500000000004,977.1200000000001,,,,546.385,515.325
813,0.313627254509018,477.58500000000004,977.1200000000001,,,,546.385,515.325
814,0.31462925851703405,477.58500000000004,977.1200000000001,,,,546.385,515.325
815,0.3156312625250501,477.58500000000004,977.1200000000001,,,,546.385,515.325
816,0.3166332665330661,477.58500000000004,977.1200000000001,,,,546.385,515.325
817,0.31763527054108215,477.58500000000004,977.1200000000001,,,,546.385,515.325
818,0.3186372745490982,477.58500000000004,977.1200000000001,,,,546.385,515.325
819,0.3196392785571142,477.58500000000004,977.1200000000001,,,,546.385,515.325
820,0.32064128256513025,477.58500000000004,977.1200000000001,,,,546.385,515.325
821,0.3216432865731463,477.58500000000004,977.1200000000001,,,,546.385,515.325
822,0.3226452905811623,477.58500000000004,977.1200000000001,,,,546.385,515.325
823,0.32364729458917835,477.58500000000004,977.1200000000001,,,,546.385,515.325
824,0.3246492985971944,477.58500000000004,977.1200000000001,,,,546.385,515.325
825,0.3256513026052104,477.58500000000004,977.1200000000001,,,,546.385,515.325
826,0.32665330661322645,477.58500000000004,977.1200000000001,,,,546.385,515.325
827,0.3276553106212425,477.58500000000004,977.1200000000001,,,,546.385,515.325
828,0.3286573146292585,477.58500000000004,977.1200000000001,,,,546.385,515.325
829,0.32965931863727455,477.58500000000004,977.1200000000001,,,,546.385,515.325
830,0.3306613226452906,477.58500000000004,977.1200000000001,,,,546.385,515.325
831,0.3316633266533066,477.58500000000004,977.1200000000001,,,,546.385,515.325
832,0.33266533066132264,477.58500000000004,977.1200000000001,,,,546.385,515.325
833,0.3336673346693386,477.58500000000004,977.1200000000001,,,,546.385,515.325
834,0.33466933867735466,477.58500000000004,977.1200000000001,,,,546.385,515.325
835,0.3356713426853707,477.58500000000004,977.1200000000001,,,,546.385,515.325
836,0.3366733466933867,477.58500000000004,977.1200000000001,,,,546.385,515.325
837,0.33767535070140275,477.58500000000004,977.1200000000001,,,,546.385,515.325
838,0.3386773547094188,477.58500000000004,977.1200000000001,,,,546.385,515.325
839,0.3396793587174348,477.58500000000004,977.1200000000001,,,,546.385,515.325
840,0.34068136272545085,477.58500000000004,977.1200000000001,,,,546.385,515.325
841,0.3416833667334669,477.58500000000004,977.1200000000001,,,,545.345,515.325
842,0.3426853707414829,477.58500000000004,977.1200000000001,,,,545.345,515.325
843,0.34368737474949895,477.58500000000004,977.1200000000001,,,,545.345,515.325
844,0.344689378757515,477.58500000000004,977.1200000000001,,,,545.345,515.325
845,0.345691382765531,477.58500000000004,977.1200000000001,,,,545.345,515.325
846,0.34669338677354705,477.58500000000004,977.1200000000001,,,,545.345,515.325
847,0.3476953907815631,477.58500000000004,977.1200000000001,,,,545.345,515.325
848,0.3486973947895791,477.58500000000004,977.1200000000001,,,,545.345,515.325
849,0.34969939879759515,477.58500000000004,977.1200000000001,,,,545.345,515.325
850,0.3507014028056112,477.58500000000004,977.1200000000001,,,,545.345,515.325
851,0.3517034068136272,477.58500000000004,977.1200000000001,,,,545.345,515.325
852,0.35270541082164325,477.58500000000004,977.1200000000001,,,,545.345,515.325
853,0.3537074148296593,477.58500000000004,977.1200000000001,,,,545.345,515.325
854,0.3547094188376753,477.58500000000004,977.1200000000001,,,,536.5550000000001,515.325
855,0.35571142284569135,477.58500000000004,977.1200000000001,,,,536.5550000000001,515.325
856,0.3567134268537074,477.58500000000004,977.1200000000001,,,,536.5550000000001,515.325
857,0.3577154308617234,477.58500000000004,977.1200000000001,,,,536.5550000000001,515.325
858,0.35871743486973945,477.58500000000004,977.1200000000001,,,,536.17,515.325
859,0.3597194388777555,477.58500000000004,977.1200000000001,,,,536.17,515.325
860,0.3607214428857715,477.58500000000004,977.1200000000001,,,,536.17,515.325
861,0.36172344689378755,477.58500000000004,977.1200000000001,,,,536.17,515.325
862,0.3627254509018036,477.58500000000004,977.1200000000001,,,,536.17,515.325
863,0.3637274549098196,477.58500000000004,977.1200000000001,,,,536.17,515.325
864,0.36472945891783565,477.58500000000004,977.1200000000001,,,,536.17,515.325
865,0.3657314629258517,477.58500000000004,977.1200000000001,,,,536.17,515.325
866,0.3667334669338677,477.58500000000004,977.1200000000001,,,,536.17,515.325
867,0.36773547094188375,477.58500000000004,977.1200000000001,,,,536.17,515.325
868,0.3687374749498998,477.58500000000004,977.1200000000001,,,,536.17,515.325
869,0.3697394789579158,477.58500000000004,977.1200000000001,,,,536.17,515.325
870,0.37074148296593185,477.58500000000004,977.1200000000001,,,,536.17,515.325
871,0.3717434869739479,477.58500000000004,977.1200000000001,,,,536.17,515.325
872,0.3727454909819639,477.58500000000004,977.1200000000001,,,,536.17,515.325
873,0.37374749498997994,477.58500000000004,977.1200000000001,,,,536.17,515.325
874,0.374749498997996,477.58500000000004,977.1200000000001,,,,536.17,515.325
875,0.375751503006012,477.58500000000004,977.1200000000001,,,,536.17,515.325
876,0.37675350701402804,477.58500000000004,977.1200000000001,,,,536.17,515.325
877,0.3777555110220441,477.58500000000004,977.1200000000001,,,,536.17,515.325
878,0.3787575150300601,477.58500000000004,977.1200000000001,,,,536.17,515.325
879,0.37975951903807614,477.58500000000004,977.1200000000001,,,,536.17,515.325
880,0.3807615230460922,477.58500000000004,977.1200000000001,,,,536.17,515.325
881,0.3817635270541082,477.58500000000004,977.1200000000001,,,,536.17,499.86499999999995
882,0.38276553106212424,477.58500000000004,977.1200000000001,,,,536.17,499.86499999999995
883,0.3837675350701403,477.58500000000004,977.1200000000001,,,,536.17,499.86499999999995
884,0.38476953907815625,477.58500000000004,977.1200000000001,,,,536.17,499.86499999999995
885,0.3857715430861723,477.58500000000004,977.1200000000001,,,,536.17,499.86499999999995
886,0.3867735470941883,477.58500000000004,977.1200000000001,,,,536.17,499.86499999999995
887,0.38777555110220435,477.58500000000004,977.1200000000001,,,,536.17,499.86499999999995
888,0.3887775551102204,477.58500000000004,977.1200000000001,,,,536.17,499.86499999999995
889,0.3897795591182364,477.58500000000004,977.1200000000001,,,,536.17,499.86499999999995
890,0.39078156312625245,477.58500000000004,977.1200000000001,,,,536.17,499.86499999999995
891,0.3917835671342685,477.58500000000004,977.1200000000001,,,,536.17,499.86499999999995
892,0.3927855711422845,477.58500000000004,977.1200000000001,,,,536.17,499.86499999999995
893,0.39378757515030055,477.58500000000004,977.1200000000001,,,,536.17,499.86499999999995
894,0.3947895791583166,477.58500000000004,977.1200000000001,,,,536.17,499.86499999999995
895,0.3957915831663326,477.58500000000004,977.1200000000001,,,,536.17,499.86499999999995
896,0.39679358717434865,477.58500000000004,977.1200000000001,,,,536.17,499.86499999999995
897,0.3977955911823647,477.58500000000004,977.1200000000001,,,,536.17,499.86499999999995
898,0.3987975951903807,477.58500000000004,977.1200000000001,,,,536.17,499.86499999999995
899,0.39979959919839675,477.58500000000004,977.1200000000001,,,,536.17,499.86499999999995
900,0.4008016032064128,477.58500000000004,977.1200000000001,,,,,499.86499999999995
901,0.4018036072144288,477.58500000000004,977.1200000000001,,,,,499.86499999999995
902,0.40280561122244485,477.58500000000004,977.1200000000001,,,,,499.86499999999995
903,0.4038076152304609,477.58500000000004,977.1200000000001,,,,,499.86499999999995
904,0.4048096192384769,477.58500000000004,977.1200000000001,,,,,499.86499999999995
905,0.40581162324649295,477.58500000000004,977.1200000000001,,,,,499.86499999999995
906,0.406813627254509,477.58500000000004,977.1200000000001,,,,,499.86499999999995
907,0.407815631262525,477.58500000000004,977.1200000000001,,,,,499.86499999999995
908,0.40881763527054105,477.58500000000004,977.1200000000001,,,,,499.86499999999995
909,0.4098196392785571,477.58500000000004,977.1200000000001,,,,,499.86499999999995
910,0.4108216432865731,477.58500000000004,977.1200000000001,,,,,499.86499999999995
911,0.41182364729458915,477.58500000000004,977.1200000000001,,,,,499.86499999999995
912,0.4128256513026052,477.58500000000004,977.1200000000001,,,,,499.86499999999995
913,0.4138276553106212,477.58500000000004,977.1200000000001,,,,,499.86499999999995
914,0.41482965931863724,477.58500000000004,977.1200000000001,,,,,499.86499999999995
915,0.4158316633266533,477.58500000000004,977.1200000000001,,,,,499.86499999999995
916,0.4168336673346693,477.58500000000004,977.1200000000001,,,,,499.86499999999995
917,0.41783567134268534,477.58500000000004,977.1200000000001,,,,,499.86499999999995
918,0.4188376753507014,477.58500000000004,977.1200000000001,,,,,499.86499999999995
919,0.4198396793587174,477.58500000000004,977.1200000000001,,,,,499.86499999999995
920,0.42084168336673344,477.58500000000004,977.1200000000001,,,,,499.86499999999995
921,0.4218436873747495,477.58500000000004,977.1200000000001,,,,,499.86499999999995
922,0.4228456913827655,477.58500000000004,977.1200000000001,,,,,499.86499999999995
923,0.42384769539078154,477.58500000000004,977.1200000000001,,,,,499.86499999999995
924,0.4248496993987976,477.58500000000004,977.1200000000001,,,,,499.86499999999995
925,0.4258517034068136,477.58500000000004,977.1200000000001,,,,,499.86499999999995
926,0.42685370741482964,477.58500000000004,977.1200000000001,,,,,499.86499999999995
927,0.4278557114228457,477.58500000000004,977.1200000000001,,,,,499.86499999999995
928,0.4288577154308617,477.58500000000004,977.1200000000001,,,,,499.86499999999995
929,0.42985971943887774,477.58500000000004,977.1200000000001,,,,,499.86499999999995
930,0.4308617234468938,477.58500000000004,977.1200000000001,,,,,499.86499999999995
931,0.4318637274549098,477.58500000000004,977.1200000000001,,,,,499.86499999999995
932,0.43286573146292584,477.58500000000004,977.1200000000001,,,,,499.86499999999995
933,0.4338677354709419,477.58500000000004,977.1200000000001,,,,,499.86499999999995
934,0.4348697394789579,477.58500000000004,977.1200000000001,,,,,499.86499999999995
935,0.43587174348697394,477.58500000000004,977.1200000000001,,,,,499.86499999999995
936,0.4368737474949899,477.58500000000004,977.1200000000001,,,,,499.86499999999995
937,0.43787575150300595,477.58500000000004,977.1200000000001,,,,,499.86499999999995
938,0.438877755511022,477.58500000000004,977.1200000000001,,,,,499.86499999999995
939,0.439879759519038,477.58500000000004,977.1200000000001,,,,,499.86499999999995
940,0.44088176352705405,477.58500000000004,977.1200000000001,,,,,499.86499999999995
941,0.4418837675350701,477.58500000000004,977.1200000000001,,,,,499.86499999999995
942,0.4428857715430861,477.58500000000004,977.1200000000001,,,,,499.86499999999995
943,0.44388777555110215,477.58500000000004,977.1200000000001,,,,,499.86499999999995
944,0.4448897795591182,477.58500000000004,977.1200000000001,,,,,499.86499999999995
945,0.4458917835671342,477.58500000000004,977.1200000000001,,,,,499.86499999999995
946,0.44689378757515025,477.58500000000004,977.1200000000001,,,,,499.86499999999995
947,0.4478957915831663,477.58500000000004,977.1200000000001,,,,,499.86499999999995
948,0.4488977955911823,477.58500000000004,977.1200000000001,,,,,499.86499999999995
949,0.44989979959919835,477.58500000000004,977.1200000000001,,,,,499.86499999999995
950,0.4509018036072144,477.58500000000004,977.1200000000001,,,,,499.86499999999995
951,0.4519038076152304,477.58500000000004,977.1200000000001,,,,,499.86499999999995
952,0.45290581162324645,477.58500000000004,977.1200000000001,,,,,499.86499999999995
953,0.4539078156312625,477.58500000000004,977.1200000000001,,,,,499.86499999999995
954,0.4549098196392785,477.58500000000004,977.1200000000001,,,,,499.86499999999995
955,0.45591182364729455,477.58500000000004,977.1200000000001,,,,,499.86499999999995
956,0.4569138276553106,477.58500000000004,977.1200000000001,,,,,499.86499999999995
957,0.4579158316633266,477.58500000000004,977.1200000000001,,,,,499.86499999999995
958,0.45891783567134264,477.58500000000004,977.1200000000001,,,,,499.86499999999995
959,0.4599198396793587,477.58500000000004,977.1200000000001,,,,,499.86499999999995
960,0.4609218436873747,477.58500000000004,977.1200000000001,,,,,499.86499999999995
961,0.46192384769539074,477.58500000000004,977.1200000000001,,,,,499.86499999999995
962,0.4629258517034068,477.58500000000004,977.1200000000001,,,,,499.86499999999995
963,0.4639278557114228,477.58500000000004,977.1200000000001,,,,,499.86499999999995
964,0.46492985971943884,477.58500000000004,977.1200000000001,,,,,499.86499999999995
965,0.4659318637274549,477.58500000000004,977.1200000000001,,,,,499.86499999999995
966,0.4669338677354709,477.58500000000004,977.1200000000001,,,,,499.86499999999995
967,0.46793587174348694,477.58500000000004,977.1200000000001,,,,,499.86499999999995
968,0.468937875751503,477.58500000000004,977.1200000000001,,,,,499.86499999999995
969,0.469939879759519,477.58500000000004,977.1200000000001,,,,,499.86499999999995
970,0.47094188376753504,477.58500000000004,977.1200000000001,,,,,499.86499999999995
971,0.4719438877755511,477.58500000000004,977.1200000000001,,,,,499.86499999999995
972,0.4729458917835671,477.58500000000004,977.1200000000001,,,,,499.86499999999995
973,0.47394789579158314,477.58500000000004,977.1200000000001,,,,,499.86499999999995
974,0.4749498997995992,477.58500000000004,977.1200000000001,,,,,499.86499999999995
975,0.4759519038076152,477.58500000000004,977.1200000000001,,,,,499.86499999999995
976,0.47695390781563124,477.58500000000004,977.1200000000001,,,,,499.86499999999995
977,0.4779559118236473,477.58500000000004,977.1200000000001,,,,,499.86499999999995
978,0.4789579158316633,477.58500000000004,977.1200000000001,,,,,499.86499999999995
979,0.47995991983967934,477.58500000000004,977.1200000000001,,,,,499.86499999999995
980,0.48096192384769537,477.58500000000004,977.1200000000001,,,,,499.86499999999995
981,0.4819639278557114,477.58500000000004,977.1200000000001,,,,,499.86499999999995
982,0.48296593186372744,477.58500000000004,977.1200000000001,,,,,499.86499999999995
983,0.48396793587174347,477.58500000000004,977.1200000000001,,,,,499.86499999999995
984,0.4849699398797595,477.58500000000004,977.1200000000001,,,,,499.86499999999995
985,0.48597194388777554,477.58500000000004,977.1200000000001,,,,,499.86499999999995
986,0.48697394789579157,477.58500000000004,977.1200000000001,,,,,499.86499999999995
987,0.48797595190380755,477.58500000000004,977.1200000000001,,,,,499.86499999999995
988,0.4889779559118236,477.58500000000004,977.1200000000001,,,,,499.86499999999995
989,0.4899799599198396,477.58500000000004,977.1200000000001,,,,,499.86499999999995
990,0.49098196392785565,477.58500000000004,977.1200000000001,,,,,499.86499999999995
991,0.4919839679358717,477.58500000000004,977.1200000000001,,,,,499.86499999999995
992,0.4929859719438877,477.58500000000004,977.1200000000001,,,,,499.86499999999995
993,0.49398797595190375,477.58500000000004,977.1200000000001,,,,,499.86499999999995
994,0.4949899799599198,477.58500000000004,977.1200000000001,,,,,499.86499999999995
995,0.4959919839679358,477.58500000000004,977.1200000000001,,,,,499.86499999999995
996,0.49699398797595185,477.58500000000004,977.1200000000001,,,,,499.86499999999995
997,0.4979959919839679,477.58500000000004,977.1200000000001,,,,,499.86499999999995
998,0.4989979959919839,477.58500000000004,977.1200000000001,,,,,499.86499999999995
999,0.5,477.58500000000004,977.1200000000001,,,,,487.93500000000006
