2018-01-01 00:00:00	0.75896	0.76079	0.75846	0.76022	4814
2018-01-02 00:00:00	0.76022	0.76374	0.75929	0.7607	73539
2018-01-03 00:00:00	0.7607	0.76711	0.75891	0.7647	71146
2018-01-04 00:00:00	0.76472	0.76749	0.76326	0.76623	68961
2018-01-05 00:00:00	0.76627	0.76793	0.7642	0.7661	68149
2018-01-07 00:00:00	0.7664	0.7673	0.76542	0.76628	2149
2018-01-08 00:00:00	0.76627	0.76728	0.76418	0.7667	60427
2018-01-09 00:00:00	0.76671	0.76974	0.76659	0.76852	74077
2018-01-10 00:00:00	0.76852	0.7701	0.76505	0.7671	93438
2018-01-11 00:00:00	0.76712	0.77286	0.76651	0.76934	90376
2018-01-12 00:00:00	0.76935	0.7701	0.76299	0.76525	100761
2018-01-14 00:00:00	0.76486	0.76634	0.76464	0.76558	3020
2018-01-15 00:00:00	0.76557	0.76876	0.76359	0.76673	85863
2018-01-16 00:00:00	0.76673	0.76827	0.76155	0.76445	97642
2018-01-17 00:00:00	0.7645	0.77041	0.76437	0.76933	119193
2018-01-18 00:00:00	0.76931	0.77085	0.76577	0.76769	102331
2018-01-19 00:00:00	0.76768	0.77019	0.76522	0.76891	99040
2018-01-21 00:00:00	0.76855	0.7696	0.76805	0.76935	3321
2018-01-22 00:00:00	0.76932	0.77143	0.76766	0.77039	77781
2018-01-23 00:00:00	0.7704	0.77145	0.76446	0.7656	92676
2018-01-24 00:00:00	0.76561	0.76792	0.7606	0.76176	103782
2018-01-25 00:00:00	0.76175	0.76435	0.75058	0.75609	147153
2018-01-26 00:00:00	0.7561	0.7595	0.75436	0.75714	119899
2018-01-28 00:00:00	0.7561	0.75783	0.75503	0.75759	4370
2018-01-29 00:00:00	0.75758	0.75919	0.7555	0.75884	107033
2018-01-30 00:00:00	0.75887	0.75948	0.75302	0.75697	112044
2018-01-31 00:00:00	0.75697	0.75765	0.74907	0.7505	122482
2018-02-01 00:00:00	0.75049	0.7508	0.74304	0.7444	121341
2018-02-02 00:00:00	0.7444	0.74467	0.73692	0.73715	116897
2018-02-04 00:00:00	0.73771	0.73804	0.73545	0.73606	5493
2018-02-05 00:00:00	0.73606	0.7442	0.73281	0.7336	123419
2018-02-06 00:00:00	0.7336	0.74045	0.73009	0.73891	169888
2018-02-07 00:00:00	0.73891	0.74215	0.73498	0.73663	114175
2018-02-08 00:00:00	0.73664	0.73983	0.72659	0.72829	139492
2018-02-09 00:00:00	0.72834	0.73533	0.72722	0.73316	121448
2018-02-11 00:00:00	0.73311	0.73492	0.73217	0.7348	3135
2018-02-12 00:00:00	0.73482	0.73852	0.73251	0.7376	92518
2018-02-13 00:00:00	0.73759	0.73987	0.73149	0.73526	92274
2018-02-14 00:00:00	0.73527	0.73744	0.72753	0.73546	117544
2018-02-15 00:00:00	0.73547	0.73758	0.7289	0.73244	108408
2018-02-16 00:00:00	0.73244	0.73521	0.73154	0.73312	92782
2018-02-18 00:00:00	0.73326	0.73367	0.73276	0.73356	1913
2018-02-19 00:00:00	0.73355	0.73631	0.73331	0.73498	61470
2018-02-20 00:00:00	0.73496	0.73976	0.73401	0.73792	97896
2018-02-21 00:00:00	0.73792	0.73936	0.73183	0.73192	106385
2018-02-22 00:00:00	0.73191	0.73454	0.73097	0.73138	91358
2018-02-23 00:00:00	0.73136	0.73393	0.72984	0.73368	76380
2018-02-25 00:00:00	0.73299	0.73496	0.73299	0.73459	3444
2018-02-26 00:00:00	0.73459	0.73685	0.7326	0.73678	78281
2018-02-27 00:00:00	0.73678	0.73708	0.73082	0.73211	96622
2018-02-28 00:00:00	0.73212	0.73748	0.73105	0.73315	95231
2018-03-01 00:00:00	0.73316	0.73481	0.72922	0.73097	118848
2018-03-02 00:00:00	0.73096	0.73204	0.72416	0.72769	106383
2018-03-04 00:00:00	0.72662	0.72739	0.725	0.72676	6222
2018-03-05 00:00:00	0.72672	0.73057	0.72435	0.72967	98489
2018-03-06 00:00:00	0.72968	0.73625	0.72877	0.73045	104993
2018-03-07 00:00:00	0.73045	0.73846	0.729	0.73834	102251
2018-03-08 00:00:00	0.73834	0.74155	0.73624	0.74124	98843
2018-03-09 00:00:00	0.74121	0.74665	0.74033	0.74614	88773
2018-03-11 00:00:00	0.74489	0.74788	0.74489	0.74742	3675
2018-03-12 00:00:00	0.74738	0.74807	0.74469	0.74559	73776
2018-03-13 00:00:00	0.7456	0.74738	0.74044	0.74163	89217
2018-03-14 00:00:00	0.74163	0.74828	0.74117	0.74417	81172
2018-03-15 00:00:00	0.7442	0.74471	0.74061	0.74098	86822
2018-03-16 00:00:00	0.74097	0.74141	0.73388	0.73395	72267
2018-03-18 00:00:00	0.73482	0.73537	0.73409	0.73526	2953
2018-03-19 00:00:00	0.73525	0.73575	0.73105	0.73311	92801
2018-03-20 00:00:00	0.73312	0.73615	0.73153	0.735	78842
2018-03-21 00:00:00	0.73503	0.73879	0.73145	0.73745	91056
2018-03-22 00:00:00	0.73743	0.73784	0.72722	0.72831	115439
2018-03-23 00:00:00	0.72833	0.73366	0.72803	0.72877	105218
2018-03-25 00:00:00	0.72929	0.73019	0.72765	0.73016	4588
2018-03-26 00:00:00	0.73016	0.73402	0.72774	0.73272	87830
2018-03-27 00:00:00	0.73274	0.7331	0.72622	0.72735	98946
2018-03-28 00:00:00	0.72738	0.73395	0.72655	0.73278	100427
2018-03-29 00:00:00	0.73277	0.73552	0.73093	0.73477	100374
2018-03-30 00:00:00	0.73473	0.73495	0.73128	0.73153	87650
2018-04-01 00:00:00	0.73237	0.7339	0.73197	0.73336	3871
2018-04-02 00:00:00	0.73339	0.73431	0.73	0.73084	65899
2018-04-03 00:00:00	0.73086	0.73763	0.73086	0.73614	88693
2018-04-04 00:00:00	0.73614	0.7418	0.73237	0.74116	94216
2018-04-05 00:00:00	0.74113	0.74155	0.73678	0.7379	85329
2018-04-06 00:00:00	0.7379	0.7414	0.73491	0.73523	98346
2018-04-08 00:00:00	0.7358	0.7369	0.7349	0.73654	6039
2018-04-09 00:00:00	0.73654	0.73894	0.73355	0.7361	84766
2018-04-10 00:00:00	0.73613	0.7433	0.73537	0.74245	103968
2018-04-11 00:00:00	0.74245	0.7441	0.74008	0.74306	87756
2018-04-12 00:00:00	0.74309	0.74747	0.74254	0.74648	99987
2018-04-13 00:00:00	0.74648	0.75141	0.74594	0.74642	108738
2018-04-15 00:00:00	0.74653	0.74952	0.74644	0.74851	4868
2018-04-16 00:00:00	0.74851	0.74893	0.74477	0.74589	101774
2018-04-17 00:00:00	0.74589	0.75151	0.74506	0.75069	109679
2018-04-18 00:00:00	0.75069	0.75487	0.74993	0.75423	119298
2018-04-19 00:00:00	0.75422	0.75669	0.74978	0.75003	127095
2018-04-20 00:00:00	0.75005	0.75057	0.74642	0.74752	115366
2018-04-22 00:00:00	0.74725	0.7482	0.74692	0.74736	9352
2018-04-24 00:00:00	0.74343	0.74575	0.74155	0.7444	108174
2018-04-25 00:00:00	0.7444	0.74495	0.74234	0.7437	121672
2018-04-26 00:00:00	0.7437	0.74762	0.7434	0.74704	139378
2018-04-27 00:00:00	0.74704	0.74902	0.74585	0.74824	113140
2018-04-29 00:00:00	0.7484	0.74889	0.74786	0.74826	3622
2018-04-30 00:00:00	0.74827	0.74879	0.7452	0.74614	122104
2018-05-01 00:00:00	0.74616	0.74821	0.74444	0.7456	104737
2018-05-02 00:00:00	0.7456	0.7497	0.74509	0.74808	159392
2018-05-03 00:00:00	0.74808	0.75225	0.74797	0.75087	157045
2018-05-04 00:00:00	0.75087	0.7544	0.7497	0.7534	124860
2018-05-06 00:00:00	0.75401	0.75435	0.7526	0.75273	4103
2018-05-07 00:00:00	0.75273	0.75463	0.75144	0.7533	114406
2018-05-08 00:00:00	0.75331	0.75395	0.74469	0.74551	136655
2018-05-09 00:00:00	0.74551	0.75028	0.7438	0.74978	137468
2018-05-10 00:00:00	0.74978	0.75563	0.74889	0.75473	152876
2018-05-11 00:00:00	0.75477	0.75698	0.75354	0.75421	119166
2018-05-13 00:00:00	0.75404	0.75519	0.75375	0.75492	5177
2018-05-14 00:00:00	0.75495	0.75563	0.75216	0.75271	109424
2018-05-15 00:00:00	0.75271	0.75376	0.74646	0.74773	143338
2018-05-16 00:00:00	0.74775	0.75278	0.74564	0.75203	144765
2018-05-17 00:00:00	0.75205	0.75453	0.75105	0.75175	129641
2018-05-18 00:00:00	0.75175	0.75235	0.7475	0.74889	113727
2018-05-20 00:00:00	0.7498	0.75115	0.74959	0.7507	6862
2018-05-21 00:00:00	0.7507	0.7564	0.74997	0.75564	123853
2018-05-22 00:00:00	0.75567	0.75823	0.75128	0.75168	139098
2018-05-23 00:00:00	0.7517	0.75349	0.74515	0.75217	178565
2018-05-24 00:00:00	0.75221	0.75241	0.74682	0.75039	155606
2018-05-25 00:00:00	0.7504	0.75374	0.74624	0.74625	143466
2018-05-27 00:00:00	0.74915	0.75061	0.7487	0.74966	7447
2018-05-28 00:00:00	0.74964	0.75196	0.7487	0.74956	115500
2018-05-29 00:00:00	0.74955	0.75047	0.73941	0.7413	165960
2018-05-30 00:00:00	0.74133	0.75025	0.74133	0.7483	155969
2018-05-31 00:00:00	0.7483	0.74955	0.7431	0.74476	165173
2018-06-01 00:00:00	0.74483	0.7487	0.74243	0.74745	137778
2018-06-03 00:00:00	0.74675	0.74843	0.74669	0.74817	4721
2018-06-04 00:00:00	0.74818	0.75645	0.74813	0.75607	126565
2018-06-05 00:00:00	0.75607	0.75633	0.74906	0.75029	132657
2018-06-06 00:00:00	0.75029	0.75743	0.75025	0.75554	124567
2018-06-07 00:00:00	0.75554	0.75609	0.74536	0.74682	127194
2018-06-08 00:00:00	0.74683	0.75005	0.74285	0.74775	121348
2018-06-10 00:00:00	0.74704	0.74875	0.74699	0.74865	3469
2018-06-11 00:00:00	0.74865	0.75108	0.74831	0.74996	90473
2018-06-12 00:00:00	0.74998	0.75236	0.74636	0.7475	115200
2018-06-13 00:00:00	0.74751	0.74954	0.74436	0.74523	114226
2018-06-14 00:00:00	0.74524	0.7493	0.74199	0.74423	137120
2018-06-15 00:00:00	0.74425	0.7463	0.74087	0.74184	121301
2018-06-17 00:00:00	0.7415	0.7425	0.74104	0.74229	4168
2018-06-18 00:00:00	0.74226	0.74322	0.73547	0.73601	93495
2018-06-19 00:00:00	0.736	0.73758	0.73112	0.73465	142793
2018-06-20 00:00:00	0.73467	0.7381	0.73305	0.73421	121366
2018-06-21 00:00:00	0.73421	0.736	0.73028	0.73139	149469
2018-06-22 00:00:00	0.73142	0.7365	0.7313	0.73439	127330
2018-06-24 00:00:00	0.73485	0.73542	0.73449	0.73483	3872
2018-06-25 00:00:00	0.73492	0.73492	0.72967	0.73126	132951
2018-06-26 00:00:00	0.73126	0.73328	0.72999	0.7324	141292
2018-06-27 00:00:00	0.73242	0.73525	0.72899	0.7317	172624
2018-06-28 00:00:00	0.73167	0.73425	0.73085	0.73292	142640
2018-06-29 00:00:00	0.73291	0.7358	0.73174	0.7334	150212
2018-07-01 00:00:00	0.7323	0.73395	0.73199	0.73252	6254
2018-07-02 00:00:00	0.73252	0.73349	0.72747	0.72886	119678
2018-07-03 00:00:00	0.7289	0.73485	0.72758	0.73189	130349
2018-07-04 00:00:00	0.73187	0.73539	0.73167	0.73226	108263
2018-07-05 00:00:00	0.73224	0.73455	0.73105	0.73352	134071
2018-07-06 00:00:00	0.73354	0.73714	0.73305	0.73455	118101
2018-07-08 00:00:00	0.73548	0.73573	0.73469	0.73567	6009
2018-07-09 00:00:00	0.73567	0.7409	0.73549	0.74053	123392
2018-07-10 00:00:00	0.74053	0.74204	0.7356	0.73604	129589
2018-07-11 00:00:00	0.73605	0.7372	0.73234	0.73319	164015
2018-07-12 00:00:00	0.73318	0.74304	0.73306	0.74266	126950
2018-07-13 00:00:00	0.74268	0.744	0.73937	0.74305	122157
2018-07-15 00:00:00	0.7428	0.74397	0.74201	0.7434	4215
2018-07-16 00:00:00	0.74339	0.74467	0.73872	0.73894	124336
2018-07-17 00:00:00	0.73894	0.74085	0.73585	0.73796	138421
2018-07-18 00:00:00	0.73797	0.7398	0.73454	0.73885	133458
2018-07-19 00:00:00	0.73886	0.74282	0.73267	0.73528	172976
2018-07-20 00:00:00	0.73526	0.7379	0.73227	0.73584	165875
2018-07-22 00:00:00	0.73579	0.73707	0.73535	0.73636	6413
2018-07-23 00:00:00	0.73636	0.73653	0.73184	0.73288	137599
2018-07-24 00:00:00	0.73288	0.73828	0.7313	0.73775	140584
2018-07-25 00:00:00	0.73773	0.7397	0.73413	0.73913	158934
2018-07-26 00:00:00	0.73913	0.73922	0.73238	0.73355	144417
2018-07-27 00:00:00	0.73355	0.73764	0.73286	0.736	123110
2018-07-29 00:00:00	0.7354	0.73623	0.73504	0.7354	2979
2018-07-30 00:00:00	0.73539	0.73641	0.7313	0.73198	102496
2018-07-31 00:00:00	0.73198	0.73666	0.73151	0.73473	133974
2018-08-01 00:00:00	0.73473	0.73625	0.73305	0.7343	125867
2018-08-02 00:00:00	0.7343	0.73485	0.73115	0.7325	124809
2018-08-03 00:00:00	0.7325	0.73605	0.73177	0.7353	124997
2018-08-05 00:00:00	0.7347	0.73563	0.7345	0.73529	3607
2018-08-06 00:00:00	0.73529	0.7371	0.73502	0.73581	113984
2018-08-07 00:00:00	0.73582	0.74014	0.73581	0.73895	116587
2018-08-08 00:00:00	0.73894	0.73959	0.73602	0.7375	125451
2018-08-09 00:00:00	0.7375	0.7396	0.73169	0.73273	130806
2018-08-10 00:00:00	0.73278	0.73297	0.72461	0.72584	171644
2018-08-12 00:00:00	0.722	0.72537	0.7219	0.72467	8954
2018-08-13 00:00:00	0.72467	0.72499	0.72099	0.72168	161029
2018-08-14 00:00:00	0.72168	0.72369	0.71811	0.71928	145797
2018-08-15 00:00:00	0.71929	0.7213	0.71744	0.71847	154395
2018-08-16 00:00:00	0.71847	0.72507	0.71691	0.72388	157752
2018-08-17 00:00:00	0.72388	0.7285	0.72273	0.72764	135098
2018-08-19 00:00:00	0.72782	0.72815	0.72717	0.72731	4590
2018-08-20 00:00:00	0.72728	0.72825	0.7256	0.72649	126656
2018-08-21 00:00:00	0.72649	0.72775	0.72384	0.72451	146232
2018-08-22 00:00:00	0.72451	0.7247	0.72085	0.72107	136713
2018-08-23 00:00:00	0.72108	0.7211	0.71298	0.7143	126124
2018-08-24 00:00:00	0.71428	0.7215	0.71375	0.72005	126797
2018-08-26 00:00:00	0.72047	0.72142	0.72032	0.72118	6033
2018-08-27 00:00:00	0.72117	0.72145	0.71853	0.71972	114604
2018-08-28 00:00:00	0.71972	0.7201	0.71509	0.71706	127983
2018-08-29 00:00:00	0.71705	0.7176	0.70715	0.70943	134621
2018-08-30 00:00:00	0.70943	0.70946	0.70202	0.7034	135222
2018-08-31 00:00:00	0.70341	0.70344	0.69568	0.69639	144976
2018-09-02 00:00:00	0.69589	0.69715	0.69565	0.69694	4373
2018-09-03 00:00:00	0.69694	0.70039	0.69502	0.6986	97094
2018-09-04 00:00:00	0.6986	0.70154	0.6969	0.69965	141768
2018-09-05 00:00:00	0.69967	0.70249	0.69679	0.69872	140648
2018-09-06 00:00:00	0.69873	0.69945	0.69395	0.69406	142631
2018-09-07 00:00:00	0.69405	0.69424	0.68743	0.68814	140454
2018-09-09 00:00:00	0.68752	0.68922	0.68725	0.6891	4460
2018-09-10 00:00:00	0.68909	0.69425	0.6884	0.6929	112875
2018-09-11 00:00:00	0.6929	0.69512	0.69005	0.69178	124347
2018-09-12 00:00:00	0.69178	0.69708	0.69037	0.69565	126554
2018-09-13 00:00:00	0.69561	0.69881	0.69366	0.69437	123780
2018-09-14 00:00:00	0.69437	0.69607	0.69157	0.69158	113119
2018-09-16 00:00:00	0.69145	0.69242	0.69079	0.69079	4343
2018-09-17 00:00:00	0.6908	0.69282	0.68771	0.68771	109262
2018-09-18 00:00:00	0.6877	0.69725	0.68763	0.69617	135905
2018-09-19 00:00:00	0.69616	0.7037	0.69593	0.70215	129660
2018-09-20 00:00:00	0.70217	0.70315	0.69797	0.69855	122365
2018-09-21 00:00:00	0.69861	0.69967	0.69467	0.69805	121960
2018-09-23 00:00:00	0.69571	0.69753	0.69542	0.69741	4224
2018-09-24 00:00:00	0.69743	0.69991	0.6963	0.69946	107177
2018-09-25 00:00:00	0.69948	0.70125	0.69816	0.69955	117199
2018-09-26 00:00:00	0.69955	0.70395	0.69926	0.70021	131430
2018-09-27 00:00:00	0.7002	0.70598	0.69889	0.70381	130708
2018-09-28 00:00:00	0.70381	0.70945	0.70235	0.7089	138552
2018-09-30 00:00:00	0.70817	0.7095	0.70721	0.70879	4885
2018-10-01 00:00:00	0.7088	0.71147	0.70694	0.71084	137474
2018-10-02 00:00:00	0.71086	0.71229	0.70395	0.70703	143536
2018-10-03 00:00:00	0.70705	0.70773	0.70254	0.70381	147319
2018-10-04 00:00:00	0.70383	0.70428	0.70035	0.70187	153459
2018-10-05 00:00:00	0.70187	0.70341	0.69852	0.69875	139828
2018-10-07 00:00:00	0.69946	0.70065	0.69867	0.6993	6754
2018-10-08 00:00:00	0.6993	0.70281	0.6984	0.7017	125769
2018-10-09 00:00:00	0.70166	0.70571	0.70117	0.70554	148854
2018-10-10 00:00:00	0.70554	0.70657	0.69719	0.69795	161971
2018-10-11 00:00:00	0.69794	0.70655	0.69686	0.70521	207365
2018-10-12 00:00:00	0.7052	0.70795	0.70367	0.7049	160688
2018-10-14 00:00:00	0.70422	0.70517	0.70386	0.70408	9802
2018-10-15 00:00:00	0.70408	0.70636	0.702	0.70421	156127
2018-10-16 00:00:00	0.70421	0.70775	0.7029	0.70692	129494
2018-10-17 00:00:00	0.70692	0.70965	0.7057	0.70725	131495
2018-10-18 00:00:00	0.70723	0.7113	0.70562	0.70656	150131
2018-10-19 00:00:00	0.70656	0.71195	0.70623	0.70854	138362
2018-10-21 00:00:00	0.7082	0.7098	0.7077	0.70865	4443
2018-10-22 00:00:00	0.7087	0.70945	0.7043	0.70435	124420
2018-10-23 00:00:00	0.70435	0.70585	0.70201	0.70546	140258
2018-10-24 00:00:00	0.70547	0.70827	0.70291	0.704	155450
2018-10-25 00:00:00	0.70402	0.70975	0.70321	0.70784	137591
2018-10-26 00:00:00	0.70784	0.70867	0.7021	0.70685	158188
2018-10-28 00:00:00	0.7076	0.70827	0.70682	0.70796	4901
2018-10-29 00:00:00	0.70796	0.70972	0.70571	0.70739	147468
2018-10-30 00:00:00	0.70739	0.71528	0.70703	0.71345	141219
2018-10-31 00:00:00	0.71341	0.71436	0.71101	0.71392	140926
2018-11-01 00:00:00	0.71392	0.72256	0.71355	0.72193	148757
2018-11-02 00:00:00	0.72193	0.72605	0.71977	0.7214	162083
2018-11-04 00:00:00	0.72129	0.7222	0.72045	0.7215	6583
2018-11-05 00:00:00	0.72152	0.72475	0.72081	0.72428	128474
2018-11-06 00:00:00	0.72429	0.7269	0.72369	0.72517	126711
2018-11-07 00:00:00	0.72517	0.72932	0.72373	0.72874	126927
2018-11-08 00:00:00	0.72874	0.73193	0.72795	0.73072	117934
2018-11-09 00:00:00	0.73072	0.73135	0.72569	0.72625	116748
2018-11-11 00:00:00	0.7254	0.72701	0.7253	0.72689	6207
2018-11-12 00:00:00	0.72689	0.72813	0.72381	0.72475	105631
2018-11-13 00:00:00	0.72476	0.72929	0.72354	0.72733	123411
2018-11-15 00:00:00	0.72758	0.73361	0.7273	0.73214	128901
2018-11-16 00:00:00	0.73214	0.73413	0.73017	0.73265	96332
2018-11-18 00:00:00	0.7302	0.73227	0.72991	0.73127	6010
2018-11-19 00:00:00	0.73127	0.73225	0.72324	0.72452	86830
2018-11-20 00:00:00	0.72453	0.7251	0.71619	0.71779	100739
2018-11-21 00:00:00	0.71779	0.72405	0.7174	0.72205	89293
2018-11-22 00:00:00	0.72203	0.72254	0.71906	0.72104	67539
2018-11-23 00:00:00	0.72103	0.72186	0.71939	0.71961	66017
2018-11-25 00:00:00	0.7203	0.72169	0.72025	0.7212	6142
2018-11-26 00:00:00	0.72122	0.72496	0.71989	0.72099	77544
2018-11-27 00:00:00	0.721	0.72575	0.71945	0.72172	92685
2018-11-28 00:00:00	0.7217	0.72816	0.72166	0.72514	89272
2018-11-29 00:00:00	0.72515	0.73132	0.72416	0.72926	92126
2018-11-30 00:00:00	0.72925	0.73047	0.72682	0.73024	78757
2018-12-02 00:00:00	0.73659	0.7368	0.73488	0.7363	4853
2018-12-03 00:00:00	0.7363	0.73761	0.73338	0.73403	89226
2018-12-04 00:00:00	0.73404	0.73589	0.72907	0.73251	103041
2018-12-05 00:00:00	0.73251	0.73369	0.72353	0.72419	73002
2018-12-06 00:00:00	0.7242	0.72428	0.7149	0.71839	120529
2018-12-07 00:00:00	0.7184	0.7187	0.71214	0.7126	93815
2018-12-09 00:00:00	0.71205	0.7125	0.71008	0.7107	5444
2018-12-10 00:00:00	0.7107	0.71479	0.71007	0.71157	97600
2018-12-11 00:00:00	0.71158	0.71701	0.70994	0.71625	97419
2018-12-12 00:00:00	0.71624	0.7183	0.71514	0.71641	98422
2018-12-13 00:00:00	0.71641	0.7195	0.71557	0.7176	88555
2018-12-14 00:00:00	0.71761	0.71816	0.7124	0.7159	82102
2018-12-16 00:00:00	0.71464	0.71648	0.71217	0.71573	12704
2018-12-17 00:00:00	0.71575	0.71637	0.71181	0.7124	76674
2018-12-18 00:00:00	0.71237	0.71476	0.71159	0.71344	92728
2018-12-19 00:00:00	0.71344	0.71496	0.70457	0.70688	141379
2018-12-20 00:00:00	0.70688	0.7088	0.69996	0.70226	177271
2018-12-21 00:00:00	0.70226	0.70538	0.69955	0.69974	148184
2018-12-23 00:00:00	0.69909	0.70081	0.69795	0.70047	4875
2018-12-24 00:00:00	0.70046	0.70284	0.69295	0.69469	101241
2018-12-25 00:00:00	0.69498	0.69612	0.69092	0.69496	4885
2018-12-26 00:00:00	0.69495	0.70411	0.69328	0.70335	76712
2018-12-27 00:00:00	0.70337	0.70339	0.6917	0.69434	160189
2018-12-28 00:00:00	0.69434	0.69552	0.69	0.69234	116190
2018-12-30 00:00:00	0.69149	0.69366	0.69111	0.69281	5311
2018-12-31 00:00:00	0.69282	0.69687	0.68975	0.68977	76730
2019-01-01 00:00:00	0.69114	0.69221	0.69031	0.69211	3041
2019-01-02 00:00:00	0.69211	0.69365	0.67438	0.68409	155375
2019-01-03 00:00:00	0.68411	0.69452	0.68247	0.69163	189347
2019-01-04 00:00:00	0.69163	0.70251	0.68942	0.70189	151633
2019-01-06 00:00:00	0.70128	0.7029	0.69988	0.70217	5768
2019-01-07 00:00:00	0.70218	0.70254	0.69812	0.69956	118598
2019-01-08 00:00:00	0.69957	0.70329	0.69817	0.70262	127736
2019-01-09 00:00:00	0.70265	0.70338	0.69803	0.69845	154409
2019-01-10 00:00:00	0.69845	0.70772	0.69575	0.70708	136183
2019-01-11 00:00:00	0.70707	0.71068	0.70645	0.70969	127521
2019-01-13 00:00:00	0.70957	0.70982	0.70848	0.70854	6743
2019-01-14 00:00:00	0.70854	0.70999	0.705	0.70624	100488
2019-01-15 00:00:00	0.70625	0.71192	0.70624	0.71144	125647
2019-01-16 00:00:00	0.71144	0.71291	0.70791	0.71009	100801
2019-01-17 00:00:00	0.71009	0.71736	0.70889	0.71454	112955
2019-01-18 00:00:00	0.71453	0.71702	0.71253	0.71255	94456
2019-01-20 00:00:00	0.712	0.71325	0.71185	0.71298	3432
2019-01-21 00:00:00	0.71298	0.71457	0.71139	0.71399	79226
2019-01-22 00:00:00	0.71399	0.71418	0.70904	0.70998	109499
2019-01-23 00:00:00	0.70999	0.71333	0.70883	0.71068	114445
2019-01-24 00:00:00	0.71067	0.71257	0.70488	0.70599	145828
2019-01-25 00:00:00	0.70598	0.71326	0.70458	0.71303	117262
2019-01-27 00:00:00	0.71235	0.71345	0.71182	0.71249	4799
2019-01-28 00:00:00	0.71249	0.71475	0.70931	0.71054	107088
2019-01-29 00:00:00	0.71054	0.71233	0.70804	0.71183	137503
2019-01-30 00:00:00	0.71184	0.72301	0.71122	0.72078	161387
2019-01-31 00:00:00	0.72078	0.72407	0.71959	0.72272	163899
2019-02-01 00:00:00	0.72272	0.72358	0.71961	0.721	143112
2019-02-03 00:00:00	0.72095	0.72161	0.7202	0.72148	4985
2019-02-04 00:00:00	0.72147	0.72204	0.7195	0.71972	122397
2019-02-05 00:00:00	0.71973	0.72613	0.71781	0.72397	133914
2019-02-06 00:00:00	0.72397	0.7244	0.71129	0.71259	139255
2019-02-07 00:00:00	0.7126	0.71329	0.70906	0.71107	135597
2019-02-08 00:00:00	0.71106	0.71161	0.70763	0.70845	118164
2019-02-10 00:00:00	0.70835	0.71573	0.70809	0.70949	7599
2019-02-11 00:00:00	0.70951	0.7109	0.70831	0.70903	121346
2019-02-12 00:00:00	0.70903	0.71568	0.70853	0.71461	130068
2019-02-13 00:00:00	0.7146	0.71747	0.71365	0.71543	149995
2019-02-14 00:00:00	0.71543	0.71897	0.7123	0.71386	172779
2019-02-15 00:00:00	0.71386	0.71831	0.71191	0.71752	158266
2019-02-17 00:00:00	0.71665	0.71796	0.71629	0.71774	3490
2019-02-18 00:00:00	0.71774	0.71819	0.71519	0.71631	111211
2019-02-19 00:00:00	0.71632	0.71795	0.7137	0.71765	167638
2019-02-20 00:00:00	0.71763	0.71829	0.715	0.71699	180833
2019-02-21 00:00:00	0.71699	0.72091	0.70825	0.71139	227193
2019-02-22 00:00:00	0.71139	0.71416	0.70906	0.71289	176642
2019-02-24 00:00:00	0.71323	0.71567	0.71172	0.71556	5506
2019-02-25 00:00:00	0.71556	0.71846	0.71308	0.71724	174037
2019-02-26 00:00:00	0.71722	0.71962	0.71398	0.71911	177143
2019-02-27 00:00:00	0.71911	0.71949	0.71195	0.71517	194285
2019-02-28 00:00:00	0.71517	0.71707	0.70638	0.70815	205684
2019-03-01 00:00:00	0.70813	0.71081	0.7066	0.70702	153043
2019-03-03 00:00:00	0.7088	0.70957	0.70674	0.70886	11466
2019-03-04 00:00:00	0.70888	0.71021	0.70711	0.7083	164137
2019-03-05 00:00:00	0.7083	0.71197	0.70608	0.71185	159706
2019-03-06 00:00:00	0.71185	0.71233	0.70475	0.70613	164063
2019-03-07 00:00:00	0.70615	0.71076	0.7049	0.70998	170617
2019-03-08 00:00:00	0.70997	0.71052	0.70684	0.70978	160701
2019-03-10 00:00:00	0.70839	0.70978	0.7082	0.70935	3730
2019-03-11 00:00:00	0.70935	0.71517	0.70809	0.71436	131605
2019-03-12 00:00:00	0.71438	0.71481	0.71066	0.71153	152673
2019-03-13 00:00:00	0.71153	0.71225	0.70986	0.71094	141992
2019-03-14 00:00:00	0.71094	0.71095	0.70727	0.70922	159030
2019-03-15 00:00:00	0.70922	0.71145	0.70922	0.70951	123513
2019-03-17 00:00:00	0.70997	0.71012	0.70923	0.70998	4258
2019-03-18 00:00:00	0.70998	0.71293	0.70955	0.71065	128255
2019-03-19 00:00:00	0.71066	0.71168	0.70745	0.70791	136603
2019-03-20 00:00:00	0.7079	0.70923	0.70472	0.70686	185127
2019-03-21 00:00:00	0.70686	0.71007	0.70416	0.70484	208264
2019-03-22 00:00:00	0.70482	0.70721	0.70309	0.70322	216464
2019-03-24 00:00:00	0.70315	0.70406	0.70305	0.70377	4425
2019-03-25 00:00:00	0.70377	0.70608	0.70226	0.70606	169175
2019-03-26 00:00:00	0.70606	0.71045	0.7057	0.70926	162897
2019-03-27 00:00:00	0.70927	0.70952	0.70303	0.70453	204257
2019-03-28 00:00:00	0.70453	0.70716	0.70338	0.70458	187368
2019-03-29 00:00:00	0.70458	0.70785	0.704	0.70588	156807
2019-03-31 00:00:00	0.70785	0.7081	0.70685	0.70776	6280
2019-04-01 00:00:00	0.70777	0.71104	0.70737	0.71043	142955
2019-04-02 00:00:00	0.71042	0.71185	0.7042	0.70435	143389
2019-04-03 00:00:00	0.70432	0.71077	0.70413	0.70973	134151
2019-04-04 00:00:00	0.70975	0.71199	0.70934	0.71077	114131
2019-04-05 00:00:00	0.71077	0.713	0.7095	0.71038	99653
2019-04-07 00:00:00	0.71012	0.71081	0.70949	0.71003	3466
2019-04-08 00:00:00	0.71003	0.71236	0.70775	0.71144	101158
2019-04-09 00:00:00	0.71146	0.71455	0.71113	0.71246	120085
2019-04-10 00:00:00	0.71247	0.71905	0.71121	0.71818	126471
2019-04-11 00:00:00	0.71819	0.71851	0.71368	0.7142	107206
2019-04-12 00:00:00	0.71422	0.71974	0.71369	0.7188	127342
2019-04-14 00:00:00	0.7187	0.71931	0.71829	0.71874	3659
2019-04-15 00:00:00	0.71875	0.72087	0.71754	0.71994	105557
2019-04-16 00:00:00	0.71993	0.72306	0.71675	0.72183	135628
2019-04-17 00:00:00	0.72184	0.72638	0.72114	0.72484	123206
2019-04-18 00:00:00	0.72485	0.72728	0.72319	0.72519	129892
2019-04-19 00:00:00	0.72519	0.72598	0.72433	0.72498	89093
2019-04-21 00:00:00	0.72455	0.7255	0.72426	0.725	2256
2019-04-22 00:00:00	0.72498	0.72537	0.72343	0.72423	55214
2019-04-23 00:00:00	0.72424	0.72603	0.72285	0.72373	105158
2019-04-24 00:00:00	0.72374	0.7239	0.71451	0.71559	131534
2019-04-25 00:00:00	0.7156	0.71648	0.71397	0.71571	130219
2019-04-26 00:00:00	0.7157	0.71956	0.71491	0.7173	132029
2019-04-28 00:00:00	0.71695	0.71801	0.71664	0.71788	2165
2019-04-29 00:00:00	0.71787	0.72024	0.71778	0.71923	79139
2019-04-30 00:00:00	0.71923	0.72036	0.71671	0.71835	109859
2019-05-01 00:00:00	0.71836	0.71914	0.71295	0.71354	105775
2019-05-02 00:00:00	0.71355	0.71643	0.71243	0.7129	112615
2019-05-03 00:00:00	0.71295	0.71485	0.71198	0.71326	90241
2019-05-05 00:00:00	0.7084	0.71112	0.70807	0.7088	8742
2019-05-06 00:00:00	0.70884	0.7128	0.70727	0.71135	83412
2019-05-07 00:00:00	0.71135	0.7166	0.7095	0.71451	101289
2019-05-08 00:00:00	0.71451	0.71606	0.71148	0.71335	107301
2019-05-09 00:00:00	0.71335	0.71355	0.70587	0.7095	109099
2019-05-10 00:00:00	0.7095	0.71281	0.70647	0.70797	119968
2019-05-12 00:00:00	0.70716	0.70784	0.70532	0.70566	6692
2019-05-13 00:00:00	0.70567	0.70619	0.69746	0.69819	92991
2019-05-14 00:00:00	0.69818	0.70145	0.69815	0.6998	84587
2019-05-15 00:00:00	0.6998	0.69981	0.6961	0.6982	90425
2019-05-16 00:00:00	0.6982	0.69927	0.6947	0.69607	84637
2019-05-17 00:00:00	0.69605	0.6966	0.69345	0.69399	82029
2019-05-19 00:00:00	0.69811	0.69845	0.69623	0.69752	4945
2019-05-20 00:00:00	0.69749	0.70076	0.69589	0.69789	76291
2019-05-21 00:00:00	0.69792	0.69887	0.69395	0.69578	85570
2019-05-22 00:00:00	0.6958	0.69665	0.69319	0.6939	74768
2019-05-23 00:00:00	0.69391	0.69411	0.69085	0.69186	90895
2019-05-24 00:00:00	0.69186	0.69447	0.6901	0.69377	73620
2019-05-27 00:00:00	0.69427	0.69671	0.69383	0.69476	49537
2019-05-28 00:00:00	0.69478	0.69945	0.69411	0.69737	81943
2019-05-29 00:00:00	0.69738	0.6979	0.6948	0.69752	91095
2019-05-30 00:00:00	0.69755	0.69992	0.69515	0.69527	78301
2019-05-31 00:00:00	0.69527	0.69712	0.69369	0.69385	115255
2019-06-02 00:00:00	0.69345	0.6946	0.69252	0.6926	7204
2019-06-03 00:00:00	0.6926	0.69605	0.69111	0.69182	105789
2019-06-04 00:00:00	0.69182	0.69495	0.69065	0.69376	97023
2019-06-05 00:00:00	0.69378	0.6951	0.68963	0.69283	107146
2019-06-06 00:00:00	0.69285	0.69465	0.69004	0.69135	115071
2019-06-07 00:00:00	0.69135	0.69325	0.69004	0.69105	97270
2019-06-09 00:00:00	0.69314	0.69314	0.69197	0.69251	3979
2019-06-10 00:00:00	0.69252	0.69267	0.6881	0.68858	91363
2019-06-11 00:00:00	0.68858	0.6911	0.68771	0.69071	114678
2019-06-12 00:00:00	0.69074	0.69127	0.688	0.68939	97922
2019-06-13 00:00:00	0.68941	0.69057	0.68505	0.68667	87824
2019-06-14 00:00:00	0.68668	0.68753	0.68446	0.68569	90115
2019-06-16 00:00:00	0.68605	0.6871	0.68575	0.68692	4568
2019-06-17 00:00:00	0.6869	0.68782	0.68404	0.68422	71832
2019-06-18 00:00:00	0.68425	0.6886	0.681	0.68858	107881
2019-06-19 00:00:00	0.68858	0.68916	0.68291	0.68352	103457
2019-06-20 00:00:00	0.68354	0.68377	0.67706	0.67896	122738
2019-06-21 00:00:00	0.67895	0.68109	0.67564	0.6758	102838
2019-06-23 00:00:00	0.6763	0.67763	0.67605	0.67757	5857
2019-06-24 00:00:00	0.67756	0.68026	0.6757	0.6771	86952
2019-06-25 00:00:00	0.67712	0.68121	0.67481	0.67849	128820
2019-06-26 00:00:00	0.6785	0.6833	0.67849	0.68277	99273
2019-06-27 00:00:00	0.68276	0.6863	0.68267	0.6841	89180
2019-06-28 00:00:00	0.6841	0.68565	0.68255	0.68515	75995
2019-06-30 00:00:00	0.68806	0.6885	0.68755	0.68792	4929
2019-07-01 00:00:00	0.68791	0.6889	0.68565	0.68762	82820
2019-07-02 00:00:00	0.68763	0.69198	0.6865	0.68916	70944
2019-07-03 00:00:00	0.68915	0.6946	0.68709	0.69297	74707
2019-07-04 00:00:00	0.69294	0.69465	0.69094	0.69178	46433
2019-07-05 00:00:00	0.69175	0.69387	0.69049	0.69164	75007
2019-07-07 00:00:00	0.6917	0.69229	0.69144	0.69199	2119
2019-07-08 00:00:00	0.69202	0.69433	0.69126	0.69309	64881
2019-07-09 00:00:00	0.69312	0.6934	0.68715	0.68805	60599
2019-07-10 00:00:00	0.68802	0.68976	0.68556	0.6875	77553
2019-07-11 00:00:00	0.6875	0.69097	0.6865	0.6906	78488
2019-07-12 00:00:00	0.6906	0.69258	0.68818	0.69051	71947
2019-07-14 00:00:00	0.69015	0.6913	0.6898	0.69062	3593
2019-07-15 00:00:00	0.69063	0.69326	0.69011	0.6928	56949
2019-07-16 00:00:00	0.69276	0.69471	0.69157	0.69311	80908
2019-07-17 00:00:00	0.69311	0.69439	0.6914	0.69157	70759
2019-07-18 00:00:00	0.6916	0.6954	0.69025	0.6945	102105
2019-07-19 00:00:00	0.6945	0.6955	0.69067	0.6911	90732
2019-07-21 00:00:00	0.69155	0.69252	0.6914	0.69224	2571
2019-07-22 00:00:00	0.69223	0.69302	0.69034	0.69075	64850
2019-07-23 00:00:00	0.69075	0.69212	0.68854	0.68925	69860
2019-07-24 00:00:00	0.68925	0.6895	0.68637	0.68703	67358
2019-07-25 00:00:00	0.68703	0.69042	0.68605	0.68875	86962
2019-07-26 00:00:00	0.68877	0.68895	0.68565	0.68595	62633
2019-07-28 00:00:00	0.68544	0.68658	0.68535	0.68588	3858
2019-07-29 00:00:00	0.68591	0.68635	0.68374	0.6841	56174
2019-07-30 00:00:00	0.6841	0.6848	0.68004	0.68055	74449
2019-07-31 00:00:00	0.68054	0.68375	0.67904	0.68036	117693
2019-08-01 00:00:00	0.68036	0.6835	0.67247	0.67327	135689
2019-08-02 00:00:00	0.6733	0.67404	0.66635	0.66729	144502
2019-08-04 00:00:00	0.6685	0.6685	0.66703	0.66714	2740
2019-08-06 00:00:00	0.6563	0.6644	0.6563	0.65982	124107
2019-08-07 00:00:00	0.6598	0.6613	0.65073	0.6587	152601
2019-08-08 00:00:00	0.65874	0.6661	0.6579	0.66332	105590
2019-08-09 00:00:00	0.66331	0.66421	0.65927	0.6595	91249
2019-08-11 00:00:00	0.65965	0.65993	0.6582	0.65828	4300
2019-08-12 00:00:00	0.6583	0.66088	0.65354	0.65471	101575
2019-08-13 00:00:00	0.6547	0.66582	0.65231	0.6634	167183
2019-08-14 00:00:00	0.66341	0.66445	0.65435	0.65744	134552
2019-08-15 00:00:00	0.65746	0.6634	0.65727	0.66121	167603
2019-08-16 00:00:00	0.66125	0.6655	0.66102	0.66295	88035
2019-08-18 00:00:00	0.6633	0.66463	0.66225	0.66451	7498
2019-08-19 00:00:00	0.66453	0.66545	0.66164	0.66287	62325
2019-08-20 00:00:00	0.6629	0.66615	0.66222	0.66245	74562
2019-08-21 00:00:00	0.66245	0.6669	0.6624	0.66625	70707
2019-08-22 00:00:00	0.66625	0.66647	0.66363	0.66447	94592
2019-08-23 00:00:00	0.66447	0.6674	0.65724	0.65755	128000
2019-08-25 00:00:00	0.65515	0.65599	0.64997	0.65236	17522
2019-08-26 00:00:00	0.65237	0.66497	0.65235	0.66272	189882
2019-08-27 00:00:00	0.66273	0.6649	0.65961	0.66262	110482
2019-08-28 00:00:00	0.66265	0.6638	0.6603	0.66142	112690
2019-08-29 00:00:00	0.66142	0.66451	0.65866	0.66404	112196
2019-08-30 00:00:00	0.6641	0.66704	0.66192	0.66635	107052
2019-09-01 00:00:00	0.66579	0.66618	0.66508	0.6654	10457
2019-09-02 00:00:00	0.66539	0.6674	0.66441	0.66478	66130
2019-09-03 00:00:00	0.66478	0.66777	0.6636	0.66739	112325
2019-09-04 00:00:00	0.66738	0.6704	0.6657	0.6666	95483
2019-09-05 00:00:00	0.6666	0.67325	0.6666	0.67172	112755
2019-09-06 00:00:00	0.67171	0.67793	0.67148	0.6759	95769
2019-09-08 00:00:00	0.67559	0.67692	0.6754	0.67655	4677
2019-09-09 00:00:00	0.67656	0.68125	0.676	0.68115	79101
2019-09-10 00:00:00	0.68115	0.68194	0.67815	0.67998	83332
2019-09-11 00:00:00	0.67997	0.68327	0.67927	0.6831	75678
2019-09-12 00:00:00	0.68315	0.68447	0.67906	0.67977	119955
2019-09-13 00:00:00	0.6798	0.68226	0.6774	0.6806	78924
2019-09-15 00:00:00	0.67765	0.67956	0.6776	0.67869	5382
2019-09-16 00:00:00	0.67868	0.68211	0.67744	0.68125	80814
2019-09-17 00:00:00	0.68127	0.6821	0.67746	0.6815	91695
2019-09-18 00:00:00	0.6815	0.68247	0.67915	0.68025	88703
2019-09-19 00:00:00	0.68025	0.68075	0.67258	0.67421	95377
2019-09-20 00:00:00	0.67422	0.67487	0.66971	0.66994	76610
2019-09-22 00:00:00	0.6712	0.67152	0.67015	0.67095	3577
2019-09-23 00:00:00	0.67096	0.6721	0.66945	0.67027	76710
2019-09-24 00:00:00	0.6703	0.67355	0.66922	0.67029	86734
2019-09-25 00:00:00	0.67032	0.67157	0.66545	0.6694	87524
2019-09-26 00:00:00	0.66938	0.67327	0.66869	0.67076	93898
2019-09-27 00:00:00	0.67075	0.67329	0.66884	0.66995	97872
2019-09-29 00:00:00	0.66951	0.6705	0.66925	0.67004	3405
2019-09-30 00:00:00	0.67004	0.67431	0.66868	0.67336	97033
2019-10-01 00:00:00	0.67338	0.67688	0.66493	0.66588	140195
2019-10-02 00:00:00	0.66589	0.66995	0.6656	0.66851	120672
2019-10-03 00:00:00	0.66856	0.674	0.66822	0.67312	130011
2019-10-04 00:00:00	0.67312	0.676	0.67128	0.6733	121917
2019-10-06 00:00:00	0.67134	0.67299	0.67133	0.67216	4784
2019-10-07 00:00:00	0.67217	0.67268	0.66915	0.6697	90602
2019-10-08 00:00:00	0.6697	0.67182	0.66724	0.66775	114614
2019-10-09 00:00:00	0.66776	0.67142	0.66592	0.66725	100134
2019-10-10 00:00:00	0.66725	0.67455	0.66708	0.67354	125049
2019-10-11 00:00:00	0.67355	0.67914	0.67328	0.6765	120454
2019-10-13 00:00:00	0.67644	0.67843	0.67592	0.67843	6835
2019-10-14 00:00:00	0.67841	0.6785	0.67171	0.67592	84436
2019-10-15 00:00:00	0.67591	0.67698	0.67325	0.67428	114467
2019-10-16 00:00:00	0.67428	0.67438	0.66989	0.67177	102952
2019-10-17 00:00:00	0.67175	0.67829	0.67142	0.67391	109114
2019-10-18 00:00:00	0.6739	0.67646	0.67387	0.67428	86015
2019-10-20 00:00:00	0.67374	0.67484	0.67361	0.67443	8120
2019-10-21 00:00:00	0.67444	0.67818	0.67441	0.6774	76554
2019-10-22 00:00:00	0.6774	0.6791	0.67683	0.6787	99999
2019-10-23 00:00:00	0.67869	0.67914	0.67622	0.67841	92458
2019-10-24 00:00:00	0.67842	0.67907	0.67534	0.67634	112000
2019-10-25 00:00:00	0.67634	0.67946	0.67589	0.6782	71191
2019-10-27 00:00:00	0.67823	0.67876	0.67761	0.67832	4037
2019-10-28 00:00:00	0.6783	0.68125	0.67781	0.68035	73269
2019-10-29 00:00:00	0.68035	0.68286	0.68022	0.68151	89567
2019-10-30 00:00:00	0.6815	0.68318	0.67996	0.68211	124706
2019-10-31 00:00:00	0.68218	0.68405	0.67897	0.67984	139025
2019-11-01 00:00:00	0.67983	0.68324	0.67928	0.68122	111082
2019-11-03 00:00:00	0.68139	0.68169	0.6807	0.68166	2846
2019-11-04 00:00:00	0.68167	0.68328	0.67925	0.68082	94454
2019-11-05 00:00:00	0.68081	0.68629	0.6796	0.6838	118133
2019-11-06 00:00:00	0.68381	0.68564	0.68176	0.68239	95667
2019-11-07 00:00:00	0.6824	0.68881	0.68104	0.68622	130025
2019-11-08 00:00:00	0.68622	0.68738	0.68211	0.68345	94124
2019-11-10 00:00:00	0.68342	0.68428	0.6833	0.68374	4795
2019-11-11 00:00:00	0.68374	0.68412	0.6799	0.68009	71502
2019-11-12 00:00:00	0.6801	0.68206	0.67867	0.67914	102032
2019-11-13 00:00:00	0.67914	0.68036	0.67511	0.67682	106351
2019-11-14 00:00:00	0.67683	0.677	0.66876	0.671	109886
2019-11-15 00:00:00	0.671	0.67502	0.67064	0.67481	80605
2019-11-17 00:00:00	0.67408	0.67451	0.67358	0.67397	3922
2019-11-18 00:00:00	0.67397	0.67518	0.67193	0.67315	88408
2019-11-19 00:00:00	0.67316	0.6774	0.67147	0.67586	82086
2019-11-20 00:00:00	0.67589	0.67715	0.67241	0.67319	101602
2019-11-21 00:00:00	0.6732	0.6758	0.67123	0.67387	99341
2019-11-22 00:00:00	0.67387	0.67701	0.67374	0.67635	85171
2019-11-24 00:00:00	0.67749	0.67771	0.67717	0.67752	2106
2019-11-25 00:00:00	0.67753	0.67804	0.67433	0.67543	74176
2019-11-26 00:00:00	0.67542	0.67807	0.67509	0.67701	80027
2019-11-27 00:00:00	0.67703	0.67798	0.67486	0.67583	81840
2019-11-28 00:00:00	0.67589	0.6766	0.6751	0.67574	50889
2019-11-29 00:00:00	0.67572	0.678	0.67511	0.67556	81453
2019-12-01 00:00:00	0.67672	0.67686	0.6762	0.67657	2953
2019-12-02 00:00:00	0.67658	0.67884	0.67551	0.6759	86742
2019-12-03 00:00:00	0.6759	0.6795	0.67411	0.67625	122777
2019-12-04 00:00:00	0.67626	0.67829	0.67168	0.67683	99720
2019-12-05 00:00:00	0.67683	0.67743	0.67397	0.67445	70239
2019-12-06 00:00:00	0.67446	0.67803	0.6742	0.67705	67026
2019-12-08 00:00:00	0.67626	0.6772	0.67618	0.67707	4051
2019-12-09 00:00:00	0.6771	0.67723	0.67342	0.67429	54231
2019-12-10 00:00:00	0.6743	0.67525	0.66969	0.6705	69084
2019-12-11 00:00:00	0.67048	0.67725	0.66976	0.67491	75419
2019-12-12 00:00:00	0.67492	0.68381	0.67488	0.68215	104883
2019-12-13 00:00:00	0.68215	0.68298	0.67484	0.67625	112711
2019-12-15 00:00:00	0.6769	0.67705	0.67551	0.67637	4511
2019-12-16 00:00:00	0.67635	0.67847	0.67502	0.67568	63757
2019-12-17 00:00:00	0.67571	0.67625	0.67057	0.67125	73970
2019-12-18 00:00:00	0.67126	0.67339	0.67062	0.67181	68027
2019-12-19 00:00:00	0.67181	0.67469	0.67179	0.674	71428
2019-12-20 00:00:00	0.67399	0.67868	0.67366	0.67775	54675
2019-12-22 00:00:00	0.67651	0.67824	0.67596	0.67824	2600
2019-12-23 00:00:00	0.67825	0.67974	0.67752	0.67968	55675
2019-12-24 00:00:00	0.67967	0.68031	0.67718	0.6782	41993
2019-12-25 00:00:00	0.6782	0.67875	0.67714	0.67833	3248
2019-12-26 00:00:00	0.67833	0.68201	0.67833	0.68172	23286
2019-12-27 00:00:00	0.68174	0.68196	0.67868	0.6803	66166
2019-12-29 00:00:00	0.68017	0.68125	0.67933	0.67987	2438
2019-12-30 00:00:00	0.67987	0.68082	0.67672	0.67817	70026
2019-12-31 00:00:00	0.67815	0.68135	0.67729	0.67865	59796
2020-01-01 00:00:00	0.67787	0.67939	0.67637	0.67917	2212
2020-01-02 00:00:00	0.67922	0.67962	0.67752	0.67834	105196
2020-01-03 00:00:00	0.67834	0.67843	0.67457	0.67539	94834
2020-01-05 00:00:00	0.67344	0.6747	0.67318	0.67455	5982
2020-01-06 00:00:00	0.67454	0.6757	0.67085	0.6718	94519
2020-01-07 00:00:00	0.67179	0.67243	0.66342	0.66448	112797
2020-01-08 00:00:00	0.66447	0.6695	0.6621	0.66912	169135
2020-01-09 00:00:00	0.66912	0.67007	0.66582	0.66689	96422
2020-01-10 00:00:00	0.66689	0.67231	0.66674	0.6709	91467
2020-01-12 00:00:00	0.67089	0.67224	0.67031	0.67143	3934
2020-01-13 00:00:00	0.67141	0.67341	0.66909	0.66961	81566
2020-01-14 00:00:00	0.6696	0.67054	0.66652	0.66676	102584
2020-01-15 00:00:00	0.66677	0.66761	0.66317	0.66562	89529
2020-01-16 00:00:00	0.66563	0.66767	0.66447	0.66563	87015
2020-01-17 00:00:00	0.66562	0.66737	0.66418	0.6647	81714
2020-01-19 00:00:00	0.66475	0.66636	0.6647	0.66617	5044
2020-01-20 00:00:00	0.66619	0.66689	0.66429	0.66579	74580
2020-01-21 00:00:00	0.6658	0.66634	0.66228	0.66335	91696
2020-01-22 00:00:00	0.66334	0.6654	0.66173	0.66173	89477
2020-01-23 00:00:00	0.66174	0.66596	0.66134	0.66391	105174
2020-01-24 00:00:00	0.6639	0.66498	0.6614	0.66255	76937
2020-01-26 00:00:00	0.66102	0.66161	0.65948	0.65973	13892
2020-01-27 00:00:00	0.65973	0.66151	0.65475	0.65578	94820
2020-01-28 00:00:00	0.65576	0.65835	0.65226	0.65802	82678
2020-01-29 00:00:00	0.658	0.66022	0.65645	0.65718	90239
2020-01-30 00:00:00	0.65717	0.65719	0.64868	0.65004	117950
2020-01-31 00:00:00	0.65003	0.65283	0.64379	0.6438	112287
2020-02-02 00:00:00	0.64391	0.64508	0.64371	0.64472	5825
2020-02-03 00:00:00	0.64471	0.64814	0.64413	0.64604	115001
2020-02-04 00:00:00	0.64604	0.65348	0.64494	0.65239	97615
2020-02-05 00:00:00	0.65239	0.65894	0.65151	0.65715	103261
2020-02-06 00:00:00	0.65714	0.65904	0.65567	0.656	87044
2020-02-07 00:00:00	0.65601	0.65608	0.64969	0.65188	96639
2020-02-09 00:00:00	0.65093	0.65292	0.65091	0.65135	9704
2020-02-10 00:00:00	0.65136	0.65578	0.65121	0.65378	117733
2020-02-11 00:00:00	0.65376	0.6585	0.65299	0.65546	99975
2020-02-12 00:00:00	0.65554	0.65925	0.6549	0.65626	65698
2020-02-13 00:00:00	0.65626	0.66006	0.65589	0.65775	83872
2020-02-14 00:00:00	0.65777	0.65981	0.65746	0.65903	63494
2020-02-16 00:00:00	0.65954	0.66058	0.6591	0.6602	2994
2020-02-17 00:00:00	0.66018	0.66134	0.65765	0.65799	49007
2020-02-18 00:00:00	0.65798	0.65818	0.65414	0.6581	85725
2020-02-19 00:00:00	0.65809	0.65959	0.65574	0.65713	75775
2020-02-20 00:00:00	0.65713	0.65783	0.64968	0.65041	88969
2020-02-21 00:00:00	0.6504	0.65167	0.64656	0.64782	94443
2020-02-23 00:00:00	0.64559	0.6469	0.64473	0.64656	6697
2020-02-24 00:00:00	0.64657	0.64816	0.64525	0.64774	120446
2020-02-25 00:00:00	0.64775	0.64862	0.64344	0.64468	130260
2020-02-26 00:00:00	0.64467	0.64584	0.63875	0.63922	143184
2020-02-27 00:00:00	0.63921	0.63996	0.63502	0.63744	182526
2020-02-28 00:00:00	0.63742	0.63785	0.62272	0.62787	228224
2020-03-01 00:00:00	0.62274	0.62851	0.62239	0.62779	8907
2020-03-02 00:00:00	0.62779	0.63394	0.62388	0.62759	192611
2020-03-03 00:00:00	0.62756	0.63426	0.62345	0.62913	198187
2020-03-04 00:00:00	0.62911	0.63471	0.62911	0.63404	128278
2020-03-05 00:00:00	0.63403	0.6346	0.6241	0.62576	110123
2020-03-06 00:00:00	0.62576	0.62675	0.61839	0.62183	186024
2020-03-08 00:00:00	0.61605	0.61741	0.61236	0.61313	17149
2020-03-09 00:00:00	0.61314	0.61976	0.57939	0.61245	245877
2020-03-10 00:00:00	0.61244	0.61534	0.60341	0.60836	231616
2020-03-11 00:00:00	0.6084	0.61265	0.6057	0.60811	184600
2020-03-12 00:00:00	0.60817	0.60855	0.58708	0.59249	282017
2020-03-13 00:00:00	0.59248	0.60157	0.58382	0.58758	263248
2020-03-15 00:00:00	0.58865	0.5952	0.57735	0.58468	45206
2020-03-16 00:00:00	0.58465	0.58712	0.57515	0.578	332859
2020-03-17 00:00:00	0.57803	0.58386	0.57294	0.57475	269790
2020-03-18 00:00:00	0.57477	0.57753	0.55562	0.56035	273905
2020-03-19 00:00:00	0.56043	0.58406	0.53417	0.56779	345151
2020-03-20 00:00:00	0.56778	0.58552	0.56423	0.57127	368297
2020-03-22 00:00:00	0.5717	0.57384	0.56325	0.56666	29135
2020-03-23 00:00:00	0.56668	0.57799	0.56165	0.57672	383188
2020-03-24 00:00:00	0.57675	0.58741	0.57274	0.58516	263172
2020-03-25 00:00:00	0.58517	0.59481	0.57566	0.57605	234834
2020-03-26 00:00:00	0.57605	0.58662	0.57266	0.58441	220825
2020-03-27 00:00:00	0.58441	0.59068	0.58047	0.58495	226148
2020-03-29 00:00:00	0.5862	0.58791	0.58266	0.58669	12116
2020-03-30 00:00:00	0.58669	0.59226	0.5841	0.59172	191196
2020-03-31 00:00:00	0.59174	0.59628	0.58423	0.59013	250128
2020-04-01 00:00:00	0.59013	0.59775	0.58373	0.58844	186520
2020-04-02 00:00:00	0.58841	0.59123	0.58348	0.59087	187623
2020-04-03 00:00:00	0.59082	0.59162	0.58387	0.58419	151551
2020-04-05 00:00:00	0.58707	0.58736	0.58452	0.58559	6097
2020-04-06 00:00:00	0.58564	0.59866	0.58564	0.59831	144018
2020-04-07 00:00:00	0.59836	0.60285	0.59603	0.59622	189644
2020-04-08 00:00:00	0.59622	0.60662	0.59447	0.60575	140481
2020-04-09 00:00:00	0.60581	0.61398	0.6027	0.61205	166932
2020-04-10 00:00:00	0.61205	0.61485	0.61029	0.61163	57069
2020-04-12 00:00:00	0.61248	0.61363	0.61068	0.61182	4099
2020-04-13 00:00:00	0.61186	0.61949	0.6113	0.61859	87957
2020-04-14 00:00:00	0.61863	0.62064	0.61427	0.61776	123303
2020-04-15 00:00:00	0.61776	0.61789	0.60824	0.60881	144896
2020-04-16 00:00:00	0.60883	0.61851	0.60637	0.61624	177662
2020-04-17 00:00:00	0.61624	0.61762	0.61277	0.61462	151193
2020-04-19 00:00:00	0.61489	0.61593	0.61333	0.61339	9344
2020-04-20 00:00:00	0.61341	0.61791	0.61223	0.61384	127593
2020-04-21 00:00:00	0.61389	0.61437	0.60721	0.61016	150675
2020-04-22 00:00:00	0.61017	0.61586	0.60934	0.61253	122249
2020-04-23 00:00:00	0.61255	0.62352	0.61128	0.62245	157970
2020-04-24 00:00:00	0.62249	0.62323	0.61952	0.62131	111870
2020-04-26 00:00:00	0.62049	0.62286	0.62049	0.62277	3610
2020-04-27 00:00:00	0.62277	0.63091	0.62256	0.62932	113604
2020-04-28 00:00:00	0.62934	0.63477	0.62788	0.6331	117535
2020-04-29 00:00:00	0.63311	0.63891	0.63306	0.63827	119153
2020-04-30 00:00:00	0.63829	0.6402	0.62626	0.62758	168731
2020-05-01 00:00:00	0.62762	0.6279	0.61589	0.61653	110428
2020-05-03 00:00:00	0.61698	0.61698	0.61338	0.61368	8917
2020-05-04 00:00:00	0.61369	0.62127	0.61369	0.62043	120874
2020-05-05 00:00:00	0.62046	0.62825	0.62046	0.62564	117017
2020-05-06 00:00:00	0.62566	0.62824	0.62193	0.62326	110277
2020-05-07 00:00:00	0.62328	0.63415	0.62328	0.63245	125536
2020-05-08 00:00:00	0.63253	0.63608	0.6322	0.63366	91851
2020-05-10 00:00:00	0.63414	0.63527	0.63292	0.63463	7752
2020-05-11 00:00:00	0.63465	0.63646	0.62801	0.63075	136423
2020-05-12 00:00:00	0.63075	0.63325	0.62568	0.62569	144467
2020-05-13 00:00:00	0.6257	0.63129	0.62544	0.62714	152368
2020-05-15 00:00:00	0.62966	0.63001	0.62272	0.62297	118523
2020-05-17 00:00:00	0.62399	0.62462	0.62297	0.62444	4979
2020-05-18 00:00:00	0.62446	0.63551	0.62384	0.63384	114856
2020-05-19 00:00:00	0.63387	0.63902	0.63291	0.63513	116886
2020-05-20 00:00:00	0.63514	0.63786	0.6324	0.63592	116039
2020-05-21 00:00:00	0.63596	0.63864	0.63264	0.63735	112382
2020-05-22 00:00:00	0.63739	0.63793	0.63209	0.63448	98994
2020-05-24 00:00:00	0.63466	0.63594	0.63432	0.63566	4084
2020-05-25 00:00:00	0.63568	0.63624	0.63395	0.63617	74420
2020-05-26 00:00:00	0.6362	0.64423	0.63567	0.64156	129954
2020-05-27 00:00:00	0.64156	0.64733	0.63682	0.64089	184849
2020-05-28 00:00:00	0.64092	0.64462	0.63727	0.63948	160578
2020-05-29 00:00:00	0.63949	0.64296	0.63704	0.64038	185437
2020-05-31 00:00:00	0.63969	0.64073	0.63895	0.6396	6718
2020-06-01 00:00:00	0.63958	0.65459	0.63956	0.65198	166375
2020-06-02 00:00:00	0.65198	0.66571	0.6513	0.66486	182715
2020-06-03 00:00:00	0.66488	0.67103	0.66127	0.66595	203530
2020-06-04 00:00:00	0.66594	0.66801	0.66036	0.66302	199027
2020-06-05 00:00:00	0.66304	0.67425	0.66218	0.67025	190821
2020-06-07 00:00:00	0.66939	0.67313	0.66886	0.67294	5448
2020-06-08 00:00:00	0.67295	0.67349	0.66626	0.67255	140092
2020-06-09 00:00:00	0.6726	0.6739	0.65883	0.65996	162274
2020-06-10 00:00:00	0.65999	0.66586	0.65735	0.6575	191126
2020-06-11 00:00:00	0.65751	0.65969	0.64361	0.64469	228139
2020-06-12 00:00:00	0.64472	0.65448	0.64237	0.6537	238530
2020-06-14 00:00:00	0.65244	0.65272	0.64912	0.64932	12469
2020-06-15 00:00:00	0.64934	0.66082	0.6457	0.66075	223616
2020-06-16 00:00:00	0.66081	0.66195	0.65037	0.65569	217375
2020-06-17 00:00:00	0.6557	0.65895	0.65172	0.65232	171707
2020-06-18 00:00:00	0.65233	0.6549	0.64916	0.65251	155868
2020-06-19 00:00:00	0.65255	0.65598	0.65019	0.65074	137564
2020-06-21 00:00:00	0.64782	0.65034	0.64765	0.64943	6045
2020-06-22 00:00:00	0.64946	0.65663	0.64912	0.65604	108054
2020-06-23 00:00:00	0.65605	0.65843	0.6507	0.65572	139850
2020-06-24 00:00:00	0.65573	0.65732	0.64979	0.65	144861
2020-06-25 00:00:00	0.64999	0.65375	0.64967	0.65322	143617
2020-06-26 00:00:00	0.65323	0.65376	0.64927	0.65063	110304
2020-06-28 00:00:00	0.6498	0.65071	0.64849	0.65027	4435
2020-06-29 00:00:00	0.65027	0.65391	0.64868	0.65349	111777
2020-06-30 00:00:00	0.65351	0.65504	0.65027	0.65343	119149
2020-07-01 00:00:00	0.65344	0.65668	0.65217	0.65359	118555
2020-07-02 00:00:00	0.65359	0.65581	0.65288	0.65418	114164
2020-07-03 00:00:00	0.65422	0.65689	0.65318	0.65326	82546
2020-07-05 00:00:00	0.65483	0.6567	0.65449	0.65653	2619
2020-07-06 00:00:00	0.65654	0.65809	0.65466	0.65686	92138
2020-07-07 00:00:00	0.65686	0.65846	0.65369	0.65423	113754
2020-07-08 00:00:00	0.65422	0.65566	0.65247	0.65542	116158
2020-07-09 00:00:00	0.65541	0.65593	0.65335	0.6544	137115
2020-07-10 00:00:00	0.65448	0.65534	0.65233	0.65391	104493
2020-07-12 00:00:00	0.65391	0.65454	0.6534	0.65356	4325
2020-07-13 00:00:00	0.6536	0.65813	0.65292	0.65321	117639
2020-07-14 00:00:00	0.65322	0.65682	0.65125	0.65643	142407
2020-07-15 00:00:00	0.65641	0.66289	0.65623	0.66149	121663
2020-07-16 00:00:00	0.66152	0.6625	0.65817	0.65941	121890
2020-07-17 00:00:00	0.65943	0.66061	0.65566	0.65639	66538
2020-07-19 00:00:00	0.65663	0.65725	0.65627	0.6571	3878
2020-07-20 00:00:00	0.65711	0.65952	0.65562	0.65919	84750
2020-07-21 00:00:00	0.65918	0.66684	0.65857	0.66556	114072
2020-07-22 00:00:00	0.66558	0.66863	0.6626	0.66356	120169
2020-07-23 00:00:00	0.66356	0.66472	0.6562	0.65681	130719
2020-07-24 00:00:00	0.65681	0.65843	0.65308	0.65389	125287
2020-07-26 00:00:00	0.65289	0.65462	0.65174	0.6536	6699
2020-07-27 00:00:00	0.6536	0.65874	0.65343	0.6582	125550
2020-07-28 00:00:00	0.65823	0.66023	0.65438	0.65703	131460
2020-07-29 00:00:00	0.65703	0.65901	0.6543	0.65437	132453
2020-07-30 00:00:00	0.65438	0.65573	0.64968	0.6543	144164
2020-07-31 00:00:00	0.65432	0.65537	0.65083	0.65195	150638
2020-08-02 00:00:00	0.65126	0.6529	0.65098	0.65266	9451
2020-08-03 00:00:00	0.65266	0.6558	0.65121	0.65296	131626
2020-08-04 00:00:00	0.65296	0.65569	0.65156	0.65486	110751
2020-08-05 00:00:00	0.65484	0.65723	0.65237	0.65356	108212
2020-08-06 00:00:00	0.65358	0.65896	0.65157	0.65798	131632
2020-08-07 00:00:00	0.65799	0.65955	0.65269	0.65274	123866
2020-08-09 00:00:00	0.65313	0.65377	0.65257	0.65311	6346
2020-08-10 00:00:00	0.65312	0.65747	0.65308	0.65508	103152
2020-08-11 00:00:00	0.65511	0.65749	0.65425	0.65549	123342
2020-08-12 00:00:00	0.65551	0.65571	0.65063	0.6532	130782
2020-08-13 00:00:00	0.6532	0.65421	0.64975	0.65017	101046
2020-08-14 00:00:00	0.65019	0.65253	0.64922	0.65158	80846
2020-08-16 00:00:00	0.65138	0.65368	0.65113	0.65358	3500
2020-08-17 00:00:00	0.65356	0.65433	0.65096	0.65393	87211
2020-08-18 00:00:00	0.65395	0.65533	0.65208	0.65487	115658
2020-08-19 00:00:00	0.65487	0.66017	0.65361	0.65736	117472
2020-08-20 00:00:00	0.65738	0.65784	0.65055	0.65334	123393
2020-08-21 00:00:00	0.65334	0.65502	0.65161	0.65249	113705
2020-08-23 00:00:00	0.65147	0.65357	0.65061	0.6529	3792
2020-08-24 00:00:00	0.65287	0.65495	0.65219	0.65374	127114
2020-08-25 00:00:00	0.65376	0.65422	0.65043	0.65356	103119
2020-08-26 00:00:00	0.65354	0.65743	0.65326	0.65739	106665
2020-08-27 00:00:00	0.65739	0.66104	0.6565	0.66087	324835
2020-08-28 00:00:00	0.66085	0.6659	0.65957	0.66556	175282
2020-08-30 00:00:00	0.66532	0.66626	0.66463	0.66592	5619
2020-08-31 00:00:00	0.66594	0.66748	0.66339	0.66691	103494
2020-09-01 00:00:00	0.66693	0.67109	0.66574	0.67082	149370
2020-09-02 00:00:00	0.67082	0.67121	0.66539	0.66779	115614
2020-09-03 00:00:00	0.66779	0.66886	0.6599	0.66009	133615
2020-09-04 00:00:00	0.66009	0.6662	0.66009	0.66479	127095
2020-09-06 00:00:00	0.66543	0.66581	0.66441	0.66506	5599
2020-09-07 00:00:00	0.66506	0.66747	0.66411	0.66714	67590
2020-09-08 00:00:00	0.66714	0.66998	0.66032	0.66183	127944
2020-09-09 00:00:00	0.66183	0.66542	0.66171	0.66361	108218
2020-09-10 00:00:00	0.66359	0.66364	0.65977	0.66093	130026
2020-09-11 00:00:00	0.66094	0.66412	0.66035	0.66155	85768
2020-09-13 00:00:00	0.66143	0.66229	0.66108	0.66182	3151
2020-09-14 00:00:00	0.66182	0.6625	0.65919	0.66158	73610
2020-09-15 00:00:00	0.66157	0.66558	0.66016	0.66284	80387
2020-09-16 00:00:00	0.66283	0.66651	0.66256	0.66433	109343
2020-09-17 00:00:00	0.6643	0.66605	0.6624	0.66423	125485
2020-09-18 00:00:00	0.66418	0.66599	0.66279	0.6642	82565
2020-09-20 00:00:00	0.66282	0.66484	0.66254	0.66446	3865
2020-09-21 00:00:00	0.66447	0.66621	0.65885	0.66161	111125
2020-09-22 00:00:00	0.6616	0.66206	0.65811	0.65987	116708
2020-09-23 00:00:00	0.65989	0.6602	0.65249	0.65278	122372
2020-09-24 00:00:00	0.65279	0.65412	0.64932	0.65378	131986
2020-09-25 00:00:00	0.65377	0.6563	0.65111	0.65235	97849
2020-09-27 00:00:00	0.65252	0.65381	0.65229	0.65347	2635
2020-09-28 00:00:00	0.65347	0.6562	0.65247	0.65528	88248
2020-09-29 00:00:00	0.6553	0.65818	0.65391	0.65694	87407
2020-09-30 00:00:00	0.65693	0.66131	0.65393	0.65973	125125
2020-10-01 00:00:00	0.65974	0.66165	0.65824	0.65981	110643
2020-10-02 00:00:00	0.65981	0.6603	0.65566	0.6587	129470
2020-10-04 00:00:00	0.65879	0.65931	0.65661	0.65845	5461
2020-10-05 00:00:00	0.65845	0.66	0.65622	0.65822	75550
2020-10-06 00:00:00	0.65821	0.65923	0.65108	0.65225	102841
2020-10-07 00:00:00	0.65225	0.65532	0.65154	0.65432	79921
2020-10-08 00:00:00	0.65431	0.65851	0.65323	0.65785	69609
2020-10-09 00:00:00	0.65785	0.65922	0.65568	0.6583	66050
2020-10-11 00:00:00	0.65744	0.65868	0.65728	0.65774	3325
2020-10-12 00:00:00	0.65773	0.65902	0.65471	0.65529	61831
2020-10-13 00:00:00	0.65531	0.65603	0.65187	0.65557	86755
2020-10-14 00:00:00	0.65555	0.65708	0.65121	0.6522	84734
2020-10-15 00:00:00	0.65221	0.65257	0.64539	0.64822	99196
2020-10-16 00:00:00	0.64822	0.64907	0.64598	0.64729	82125
2020-10-18 00:00:00	0.64722	0.64922	0.6466	0.64905	2379
2020-10-19 00:00:00	0.64906	0.65045	0.64151	0.64227	94472
2020-10-20 00:00:00	0.64226	0.64243	0.6371	0.63923	89424
2020-10-21 00:00:00	0.63926	0.64519	0.63924	0.64356	102652
2020-10-22 00:00:00	0.64354	0.64756	0.64246	0.64685	92991
2020-10-23 00:00:00	0.64684	0.64749	0.6435	0.64495	86619
2020-10-25 00:00:00	0.64564	0.64618	0.64387	0.64504	6418
2020-10-26 00:00:00	0.64504	0.64798	0.64285	0.64616	105573
2020-10-27 00:00:00	0.64616	0.64884	0.64597	0.64738	91751
2020-10-28 00:00:00	0.64737	0.65057	0.64085	0.64246	122654
2020-10-29 00:00:00	0.64246	0.64457	0.64018	0.64409	124846
2020-10-30 00:00:00	0.64409	0.64698	0.6416	0.64403	118975
2020-11-01 00:00:00	0.64361	0.64407	0.64171	0.64267	3995
2020-11-02 00:00:00	0.64269	0.64879	0.64129	0.64801	94696
2020-11-03 00:00:00	0.64805	0.65609	0.64555	0.65529	95131
2020-11-04 00:00:00	0.65531	0.65671	0.64666	0.65449	236558
2020-11-05 00:00:00	0.65444	0.65952	0.65195	0.65669	143388
2020-11-06 00:00:00	0.65667	0.65794	0.65223	0.65295	137293
2020-11-08 00:00:00	0.65416	0.65544	0.65349	0.65517	6184
2020-11-09 00:00:00	0.65524	0.66648	0.65413	0.66436	182790
2020-11-10 00:00:00	0.66436	0.66812	0.66327	0.66625	153785
2020-11-11 00:00:00	0.66625	0.67005	0.66546	0.66761	100511
2020-11-12 00:00:00	0.66762	0.66805	0.66075	0.66226	106464
2020-11-13 00:00:00	0.66229	0.66421	0.66043	0.663	77060
2020-11-15 00:00:00	0.66318	0.66542	0.66283	0.66483	4554
2020-11-16 00:00:00	0.66482	0.66827	0.66377	0.66777	101094
2020-11-17 00:00:00	0.66777	0.66838	0.66359	0.66489	91743
2020-11-18 00:00:00	0.66489	0.66707	0.66288	0.6653	92767
2020-11-19 00:00:00	0.6653	0.66576	0.66176	0.66209	98266
2020-11-20 00:00:00	0.6621	0.66688	0.6621	0.66502	78397
2020-11-22 00:00:00	0.66509	0.66606	0.66456	0.66587	4102
2020-11-23 00:00:00	0.66588	0.6677	0.66408	0.66558	87364
2020-11-24 00:00:00	0.66556	0.67147	0.66553	0.67097	93527
2020-11-25 00:00:00	0.67098	0.67145	0.66681	0.66873	92899
2020-11-26 00:00:00	0.66872	0.6695	0.66635	0.66682	62617
2020-11-27 00:00:00	0.66687	0.66983	0.6656	0.6657	71774
2020-11-29 00:00:00	0.66765	0.66952	0.66749	0.66911	2604
2020-11-30 00:00:00	0.66913	0.66942	0.66491	0.6683	98582
2020-12-01 00:00:00	0.66832	0.66866	0.662	0.66387	96587
2020-12-02 00:00:00	0.66385	0.6654	0.65905	0.66329	97061
2020-12-03 00:00:00	0.66328	0.66435	0.66151	0.66242	89949
2020-12-04 00:00:00	0.66241	0.66286	0.6596	0.66192	89982
2020-12-06 00:00:00	0.66167	0.66284	0.66164	0.66262	6020
2020-12-07 00:00:00	0.66263	0.66273	0.65821	0.66054	90354
2020-12-08 00:00:00	0.66055	0.66187	0.65804	0.65841	84894
2020-12-09 00:00:00	0.65838	0.6652	0.65828	0.66115	83340
2020-12-10 00:00:00	0.66115	0.66887	0.66109	0.66646	108417
2020-12-11 00:00:00	0.66647	0.67167	0.66647	0.66975	91408
2020-12-13 00:00:00	0.67089	0.67158	0.6703	0.67076	2473
2020-12-14 00:00:00	0.67077	0.6722	0.66727	0.66808	81838
2020-12-15 00:00:00	0.66811	0.67061	0.66538	0.6692	82615
2020-12-16 00:00:00	0.66919	0.67115	0.66799	0.67015	93377
2020-12-17 00:00:00	0.67013	0.67518	0.67004	0.67364	77966
2020-12-18 00:00:00	0.67365	0.67428	0.67087	0.67284	79826
2020-12-20 00:00:00	0.67111	0.67285	0.67104	0.672	3933
2020-12-21 00:00:00	0.67201	0.67257	0.66527	0.67085	138503
2020-12-22 00:00:00	0.67085	0.67144	0.66762	0.67055	107285
2020-12-23 00:00:00	0.67051	0.67476	0.66906	0.67309	87593
2020-12-24 00:00:00	0.67306	0.67788	0.67248	0.67499	58203
2020-12-25 00:00:00	0.67599	0.67698	0.67471	0.67612	1561
2020-12-27 00:00:00	0.67602	0.67709	0.67415	0.67695	2943
2020-12-28 00:00:00	0.67694	0.67798	0.67244	0.67398	73503
2020-12-29 00:00:00	0.67399	0.67471	0.67158	0.67278	80666
2020-12-30 00:00:00	0.67277	0.67893	0.67231	0.67774	83364
2020-12-31 00:00:00	0.67777	0.68274	0.67764	0.68051	79312
2021-01-03 00:00:00	0.68036	0.68141	0.67817	0.68096	5451
2021-01-04 00:00:00	0.68096	0.68257	0.67344	0.67583	129190
2021-01-05 00:00:00	0.67585	0.68279	0.67535	0.68164	122406
2021-01-06 00:00:00	0.68167	0.68702	0.6801	0.68623	181807
2021-01-07 00:00:00	0.68622	0.68812	0.68318	0.68762	130011
2021-01-08 00:00:00	0.68764	0.68964	0.68577	0.68705	149273
2021-01-10 00:00:00	0.687	0.68723	0.68463	0.6852	4845
2021-01-11 00:00:00	0.6852	0.68733	0.68334	0.68562	117615
2021-01-12 00:00:00	0.68562	0.68929	0.6852	0.68896	108599
2021-01-13 00:00:00	0.68896	0.68937	0.68577	0.68715	105496
2021-01-14 00:00:00	0.68717	0.69157	0.68697	0.6907	114346
2021-01-15 00:00:00	0.6907	0.69136	0.68333	0.68632	105345
2021-01-17 00:00:00	0.68615	0.68685	0.68542	0.68569	4657
2021-01-18 00:00:00	0.68569	0.68634	0.68272	0.68459	93130
2021-01-19 00:00:00	0.6846	0.68747	0.6832	0.68498	98046
2021-01-20 00:00:00	0.68497	0.69045	0.68387	0.6896	98284
2021-01-21 00:00:00	0.68962	0.69104	0.68629	0.68694	101063
2021-01-22 00:00:00	0.68699	0.68748	0.68177	0.68243	98230
2021-01-24 00:00:00	0.68269	0.6836	0.68168	0.68302	4496
2021-01-25 00:00:00	0.68305	0.68595	0.68297	0.68506	113198
2021-01-26 00:00:00	0.68506	0.68781	0.682	0.68737	95991
2021-01-27 00:00:00	0.68737	0.68797	0.6798	0.68008	158873
2021-01-28 00:00:00	0.6801	0.68321	0.6753	0.68154	160282
2021-01-29 00:00:00	0.68154	0.68391	0.67915	0.6803	175048
2021-01-31 00:00:00	0.67777	0.67956	0.67775	0.67934	7315
2021-02-01 00:00:00	0.67932	0.68541	0.6793	0.68431	135108
2021-02-02 00:00:00	0.68431	0.68637	0.68017	0.68291	122515
2021-02-03 00:00:00	0.68292	0.6861	0.68239	0.686	97557
2021-02-04 00:00:00	0.68601	0.68859	0.68542	0.68705	97787
2021-02-05 00:00:00	0.68706	0.69021	0.68583	0.68992	93501
2021-02-07 00:00:00	0.68948	0.69054	0.68896	0.69027	5639
2021-02-08 00:00:00	0.6903	0.69346	0.68935	0.69268	77117
2021-02-09 00:00:00	0.69268	0.6932	0.68905	0.69079	85332
2021-02-10 00:00:00	0.6908	0.69089	0.68701	0.68756	96614
2021-02-11 00:00:00	0.68757	0.69143	0.68678	0.68994	68379
2021-02-12 00:00:00	0.68993	0.69227	0.68853	0.69184	62722
2021-02-14 00:00:00	0.69202	0.69255	0.69116	0.69233	4471
2021-02-15 00:00:00	0.69233	0.69381	0.69177	0.6928	55329
2021-02-16 00:00:00	0.69277	0.69365	0.69068	0.69117	90910
2021-02-17 00:00:00	0.69115	0.69711	0.69109	0.69706	106731
2021-02-18 00:00:00	0.69704	0.69819	0.69404	0.696	101026
2021-02-19 00:00:00	0.696	0.70573	0.69557	0.70503	92425
2021-02-21 00:00:00	0.70546	0.70753	0.70427	0.70687	4835
2021-02-22 00:00:00	0.70689	0.71001	0.70624	0.70893	107301
2021-02-23 00:00:00	0.70895	0.71669	0.70817	0.71582	109824
2021-02-24 00:00:00	0.71582	0.72327	0.71577	0.72314	133404
2021-02-25 00:00:00	0.72315	0.72591	0.71151	0.71206	172758
2021-02-26 00:00:00	0.71206	0.71275	0.69942	0.69943	220363
2021-02-28 00:00:00	0.70074	0.70417	0.69925	0.70337	5053
2021-03-01 00:00:00	0.70339	0.71239	0.7025	0.71121	142551
2021-03-03 00:00:00	0.71596	0.71771	0.7131	0.71324	146836
2021-03-04 00:00:00	0.71324	0.72282	0.71324	0.71681	209348
2021-03-05 00:00:00	0.71681	0.71785	0.70863	0.71463	213730
2021-03-07 00:00:00	0.71442	0.71809	0.71438	0.71691	6544
2021-03-08 00:00:00	0.71688	0.71867	0.71334	0.71662	172835
2021-03-09 00:00:00	0.71662	0.71969	0.7144	0.71606	160035
2021-03-10 00:00:00	0.71606	0.71957	0.71349	0.71876	151912
2021-03-11 00:00:00	0.71878	0.72238	0.71771	0.71997	124054
2021-03-12 00:00:00	0.71997	0.722	0.71874	0.72114	132886
2021-03-14 00:00:00	0.71817	0.72148	0.71804	0.72136	10445
2021-03-15 00:00:00	0.72137	0.72162	0.71626	0.71872	131437
2021-03-16 00:00:00	0.71876	0.71894	0.71482	0.71645	110440
2021-03-17 00:00:00	0.71643	0.72062	0.71395	0.72062	128308
2021-03-18 00:00:00	0.72062	0.72404	0.71824	0.71889	164963
2021-03-19 00:00:00	0.71889	0.72102	0.71704	0.71851	124707
2021-03-21 00:00:00	0.7169	0.71866	0.71589	0.71815	5362
2021-03-22 00:00:00	0.71815	0.71903	0.71401	0.71508	95666
2021-03-23 00:00:00	0.71507	0.71715	0.70943	0.71076	105366
2021-03-24 00:00:00	0.71075	0.71365	0.70856	0.71044	104636
2021-03-25 00:00:00	0.71044	0.71356	0.7098	0.71333	118256
2021-03-26 00:00:00	0.71334	0.71811	0.71288	0.71687	82742
2021-03-28 00:00:00	0.71709	0.71786	0.71508	0.71749	3911
2021-03-29 00:00:00	0.7175	0.71939	0.71502	0.7172	92849
2021-03-30 00:00:00	0.71724	0.71979	0.71457	0.71651	94776
2021-03-31 00:00:00	0.71653	0.71887	0.71615	0.71673	103977
2021-04-01 00:00:00	0.71675	0.71831	0.71229	0.71752	107948
2021-04-02 00:00:00	0.71757	0.71907	0.71417	0.71534	38957
2021-04-04 00:00:00	0.71611	0.7179	0.71551	0.71774	5379
2021-04-05 00:00:00	0.71775	0.71902	0.71459	0.71671	59920
2021-04-06 00:00:00	0.71669	0.71758	0.71234	0.71357	80378
2021-04-07 00:00:00	0.71356	0.71435	0.70633	0.70757	87902
2021-04-08 00:00:00	0.70758	0.71016	0.70593	0.70754	73143
2021-04-09 00:00:00	0.70757	0.70779	0.70209	0.70398	77199
2021-04-11 00:00:00	0.70322	0.70565	0.70309	0.70544	3502
2021-04-12 00:00:00	0.70547	0.70565	0.70193	0.70345	74445
2021-04-13 00:00:00	0.70344	0.70524	0.70162	0.70369	89379
2021-04-14 00:00:00	0.70371	0.7137	0.70252	0.71275	87945
2021-04-15 00:00:00	0.71272	0.71641	0.7117	0.71456	90698
2021-04-16 00:00:00	0.71456	0.71482	0.71061	0.71104	72048
2021-04-18 00:00:00	0.71026	0.7113	0.70933	0.71	2878
2021-04-19 00:00:00	0.71002	0.71266	0.70834	0.71038	82631
2021-04-20 00:00:00	0.71038	0.71433	0.70608	0.70734	90215
2021-04-21 00:00:00	0.70734	0.71162	0.70615	0.71077	85843
2021-04-22 00:00:00	0.71076	0.71151	0.70485	0.70651	101184
2021-04-23 00:00:00	0.70651	0.70957	0.70618	0.70747	73940
2021-04-25 00:00:00	0.70715	0.70818	0.70604	0.70759	2867
2021-04-26 00:00:00	0.70761	0.71427	0.70744	0.71309	78731
2021-04-27 00:00:00	0.71311	0.71416	0.70863	0.70995	76769
2021-04-28 00:00:00	0.70994	0.71024	0.7068	0.70904	99357
2021-04-29 00:00:00	0.70907	0.71013	0.70499	0.70685	88627
2021-04-30 00:00:00	0.70686	0.70756	0.70316	0.70364	90640
2021-05-02 00:00:00	0.70372	0.70473	0.70329	0.70472	2587
2021-05-03 00:00:00	0.70473	0.70777	0.70417	0.70717	79590
2021-05-04 00:00:00	0.70715	0.70882	0.70133	0.70465	105159
2021-05-05 00:00:00	0.70468	0.70805	0.70447	0.7077	79109
2021-05-06 00:00:00	0.70773	0.70871	0.70335	0.70672	94310
2021-05-07 00:00:00	0.7067	0.70843	0.70401	0.70591	96541
2021-05-09 00:00:00	0.70621	0.70771	0.70589	0.70757	8483
2021-05-10 00:00:00	0.70757	0.70983	0.70484	0.70603	90529
2021-05-11 00:00:00	0.70602	0.70904	0.70446	0.70837	106472
2021-05-12 00:00:00	0.70838	0.7087	0.70099	0.70271	131196
2021-05-13 00:00:00	0.7027	0.70331	0.69833	0.69973	127148
2021-05-14 00:00:00	0.69976	0.70254	0.69773	0.70099	89077
2021-05-16 00:00:00	0.70056	0.70173	0.70012	0.70112	3032
2021-05-17 00:00:00	0.7011	0.70222	0.69746	0.7022	86111
2021-05-18 00:00:00	0.7022	0.70326	0.69817	0.69893	86823
2021-05-19 00:00:00	0.69895	0.69966	0.69636	0.69789	125253
2021-05-20 00:00:00	0.69787	0.70092	0.69639	0.6973	91047
2021-05-21 00:00:00	0.69729	0.69865	0.69331	0.69369	86275
2021-05-23 00:00:00	0.69386	0.69405	0.69229	0.69327	3175
2021-05-24 00:00:00	0.69326	0.6956	0.69248	0.69522	76243
2021-05-25 00:00:00	0.69521	0.69602	0.69203	0.69408	87782
2021-05-26 00:00:00	0.6941	0.69731	0.69339	0.69479	86231
2021-05-27 00:00:00	0.6948	0.69722	0.69329	0.69451	88207
2021-05-28 00:00:00	0.6945	0.69547	0.69281	0.69346	79612
2021-05-30 00:00:00	0.69312	0.69404	0.69259	0.69376	3386
2021-05-31 00:00:00	0.69377	0.69724	0.69332	0.69563	61747
2021-06-01 00:00:00	0.69563	0.69781	0.69379	0.69572	77794
2021-06-02 00:00:00	0.69575	0.69716	0.69346	0.69553	73778
2021-06-03 00:00:00	0.69556	0.69623	0.69102	0.69218	83305
2021-06-04 00:00:00	0.69218	0.69641	0.69161	0.69571	77988
2021-06-06 00:00:00	0.69579	0.69619	0.69374	0.69611	6572
2021-06-07 00:00:00	0.6961	0.69828	0.69516	0.69626	70881
2021-06-08 00:00:00	0.69624	0.6967	0.69286	0.69389	70743
2021-06-09 00:00:00	0.69388	0.69523	0.69141	0.69237	56232
2021-06-10 00:00:00	0.69237	0.69522	0.69199	0.693	83264
2021-06-11 00:00:00	0.69299	0.69546	0.6913	0.69131	64237
2021-06-13 00:00:00	0.69203	0.69244	0.69148	0.692	2322
2021-06-14 00:00:00	0.69199	0.69438	0.69155	0.69352	56470
2021-06-15 00:00:00	0.69352	0.69405	0.6894	0.69056	65385
2021-06-16 00:00:00	0.69059	0.69346	0.68934	0.69191	99792
2021-06-17 00:00:00	0.6919	0.69525	0.69065	0.69343	121562
2021-06-18 00:00:00	0.69341	0.69392	0.68998	0.69002	114806
2021-06-20 00:00:00	0.69007	0.69216	0.68832	0.69197	4790
2021-06-21 00:00:00	0.69194	0.69329	0.69014	0.69213	108098
2021-06-22 00:00:00	0.69212	0.69439	0.68928	0.69393	89349
2021-06-23 00:00:00	0.69391	0.69623	0.69299	0.69535	85403
2021-06-24 00:00:00	0.69536	0.69692	0.69522	0.69605	81946
2021-06-25 00:00:00	0.69607	0.69732	0.6955	0.69591	76704
2021-06-27 00:00:00	0.69503	0.6968	0.69401	0.69614	6108
2021-06-28 00:00:00	0.69614	0.69759	0.69474	0.69594	74963
2021-06-29 00:00:00	0.69596	0.6961	0.69117	0.69188	75521
2021-06-30 00:00:00	0.69187	0.69451	0.6915	0.69354	84133
2021-07-01 00:00:00	0.69354	0.69449	0.6896	0.69119	90987
2021-07-02 00:00:00	0.69118	0.69324	0.6899	0.69248	86819
2021-07-04 00:00:00	0.69198	0.69334	0.6919	0.69295	5332
2021-07-05 00:00:00	0.69296	0.69579	0.69233	0.69538	62498
2021-07-06 00:00:00	0.69537	0.70023	0.69072	0.69301	103148
2021-07-07 00:00:00	0.69302	0.69513	0.6903	0.69268	94063
2021-07-08 00:00:00	0.6927	0.69272	0.67811	0.6799	128571
2021-07-09 00:00:00	0.6799	0.68505	0.67822	0.6843	93155
2021-07-11 00:00:00	0.68354	0.68498	0.68299	0.68457	4661
2021-07-12 00:00:00	0.68455	0.68593	0.68174	0.68418	88875
2021-07-13 00:00:00	0.68418	0.68608	0.681	0.68358	105272
2021-07-14 00:00:00	0.68359	0.68611	0.68314	0.68423	108060
2021-07-15 00:00:00	0.68424	0.68432	0.67985	0.68127	101364
2021-07-16 00:00:00	0.68127	0.68422	0.6797	0.6797	81996
2021-07-18 00:00:00	0.67997	0.68027	0.67828	0.67859	4282
2021-07-19 00:00:00	0.67859	0.67962	0.6718	0.67404	120675
2021-07-20 00:00:00	0.67404	0.67605	0.67171	0.67601	107106
2021-07-21 00:00:00	0.67601	0.67625	0.67221	0.67463	85841
2021-07-22 00:00:00	0.67464	0.67985	0.67383	0.67829	93020
2021-07-23 00:00:00	0.6783	0.68014	0.67679	0.67679	68246
2021-07-25 00:00:00	0.67596	0.67776	0.67596	0.67747	2295
2021-07-26 00:00:00	0.67749	0.67764	0.67331	0.676	82967
2021-07-27 00:00:00	0.676	0.67637	0.67182	0.67351	92231
2021-07-28 00:00:00	0.67352	0.67456	0.66867	0.67104	104715
2021-07-29 00:00:00	0.67104	0.67288	0.66894	0.66982	75348
2021-07-30 00:00:00	0.66983	0.67073	0.66415	0.66452	83843
2021-08-01 00:00:00	0.66362	0.66544	0.6622	0.66507	2492
2021-08-02 00:00:00	0.6651	0.66782	0.66407	0.66625	73873
2021-08-03 00:00:00	0.66627	0.67052	0.66525	0.66847	81910
2021-08-04 00:00:00	0.66849	0.67197	0.6677	0.66924	66972
2021-08-05 00:00:00	0.66923	0.67241	0.66914	0.67113	63359
2021-08-06 00:00:00	0.67114	0.67334	0.66987	0.67264	68680
2021-08-08 00:00:00	0.67151	0.67328	0.67151	0.67162	7306
2021-08-09 00:00:00	0.67166	0.67543	0.6713	0.67496	63373
2021-08-10 00:00:00	0.67495	0.67842	0.67313	0.67776	62030
2021-08-11 00:00:00	0.67777	0.68039	0.67648	0.67923	61627
2021-08-12 00:00:00	0.67923	0.67947	0.67631	0.67759	49418
2021-08-13 00:00:00	0.6776	0.67814	0.67407	0.67407	43453
2021-08-15 00:00:00	0.67372	0.67478	0.6737	0.6742	2317
2021-08-16 00:00:00	0.67418	0.67428	0.66738	0.66971	56927
2021-08-17 00:00:00	0.66971	0.66977	0.66103	0.66376	75289
2021-08-18 00:00:00	0.66374	0.66509	0.66178	0.66344	79308
2021-08-19 00:00:00	0.66343	0.66449	0.65433	0.65663	102728
2021-08-20 00:00:00	0.65663	0.65698	0.65127	0.65377	73756
2021-08-22 00:00:00	0.65317	0.65516	0.65038	0.65469	3648
2021-08-23 00:00:00	0.65469	0.65939	0.65415	0.65762	68563
2021-08-24 00:00:00	0.65764	0.663	0.65737	0.66189	60460
2021-08-25 00:00:00	0.6619	0.66519	0.66148	0.66477	63928
2021-08-26 00:00:00	0.66481	0.6668	0.66319	0.6644	73977
2021-08-27 00:00:00	0.66439	0.66754	0.6629	0.66575	75346
2021-08-29 00:00:00	0.66495	0.66669	0.66495	0.66669	3204
2021-08-30 00:00:00	0.66667	0.66972	0.66447	0.66859	49626
2021-08-31 00:00:00	0.66861	0.67184	0.66641	0.66978	80043
2021-09-01 00:00:00	0.66979	0.67508	0.66978	0.67436	69882