2017-12-11 00:00	496.9	504.1	496.8	499.3	1
2017-12-12 00:00	499.1	640.0	486.5	620.4	137340
2017-12-13 00:00	620.4	742.0	584.1	693.1	138100
2017-12-14 00:00	693.0	742.0	647.0	688.4	143834
2017-12-15 00:00	689.7	692.4	601.4	676.8	137516
2017-12-17 00:00	721.6	722.8	704.5	707.2	11302
2017-12-18 00:00	707.4	800.1	670.9	787.0	156916
2017-12-19 00:00	787.0	870.0	771.7	815.3	152480
2017-12-20 00:00	814.8	832.5	720.7	797.4	155770
2017-12-21 00:00	797.2	841.6	752.0	784.2	156680
2017-12-22 00:00	784.0	792.5	500.5	674.8	132420
2017-12-24 00:00	640.5	695.0	637.5	688.2	12564
2017-12-25 00:00	687.6	750.0	683.3	724.1	158254
2017-12-26 00:00	724.1	764.0	715.9	751.1	158616
2017-12-27 00:00	751.1	770.0	704.5	734.6	156540
2017-12-28 00:00	734.6	739.0	666.4	711.9	138414
2017-12-29 00:00	712.0	750.4	704.9	726.7	94830
2018-01-01 00:00	755.8	758.7	748.0	750.5	8636
2018-01-02 00:00	748.7	874.5	748.7	856.2	107032
2018-01-03 00:00	855.6	943.6	845.3	934.5	107142
2018-01-04 00:00	934.7	990.3	897.7	938.5	104970
2018-01-05 00:00	938.3	1010.5	926.4	950.7	103312
2018-01-07 00:00	1082.3	1110.7	1074.1	1107.9	3782
2018-01-08 00:00	1111.7	1221.5	966.4	1129.3	110448
2018-01-09 00:00	1127.6	1293.3	1123.2	1282.2	110752
2018-01-10 00:00	1282.3	1376.4	1202.7	1240.3	127728
2018-01-11 00:00	1240.3	1327.1	1092.9	1132.0	132500
2018-01-12 00:00	1132.0	1281.1	1079.5	1249.4	123250
2018-01-14 00:00	1314.7	1362.8	1313.7	1352.6	7068
2018-01-15 00:00	1352.4	1374.4	1264.7	1271.6	125746
2018-01-16 00:00	1271.8	1274.9	857.0	1052.7	97778
2018-01-17 00:00	1051.1	1106.3	759.6	1014.7	91806
2018-01-18 00:00	1020.8	1083.8	935.6	999.7	141546
2018-01-19 00:00	998.2	1082.7	964.1	1015.3	129598
2018-01-21 00:00	1025.6	1043.0	1008.2	1041.7	11448
2018-01-22 00:00	1041.6	1078.4	910.3	992.3	138918
2018-01-23 00:00	992.4	1015.9	902.4	978.2	136992
2018-01-24 00:00	978.8	1058.5	951.5	1057.3	113384
2018-01-25 00:00	1055.7	1096.6	1017.0	1042.1	113384
2018-01-26 00:00	1040.2	1069.9	979.7	1031.2	66498
2018-01-28 00:00	1224.9	1234.2	1219.6	1224.8	6
2018-01-29 00:00	1223.5	1234.3	1145.3	1165.3	74
2018-01-30 00:00	1165.5	1168.7	1028.9	1059.3	91
2018-01-31 00:00	1058.8	1119.7	1014.0	1107.8	93
2018-02-01 00:00	1107.1	1153.6	945.4	1026.3	93
2018-02-02 00:00	1019.2	1026.3	735.6	882.9	92
2018-02-04 00:00	805.2	844.8	803.2	821.0	8
2018-02-05 00:00	821.0	852.3	625.5	688.8	108
2018-02-06 00:00	690.0	796.9	560.1	779.4	126
2018-02-07 00:00	778.8	854.7	712.0	745.8	103
2018-02-08 00:00	746.6	839.3	743.9	808.3	96
2018-02-09 00:00	806.8	874.5	775.4	856.4	81
2018-02-11 00:00	827.8	830.8	802.0	805.7	6
2018-02-12 00:00	805.5	870.6	805.3	860.3	86
2018-02-13 00:00	859.5	863.3	817.6	835.5	63
2018-02-14 00:00	834.5	917.6	834.5	914.5	57
2018-02-15 00:00	913.8	942.3	898.0	922.8	58
2018-02-16 00:00	922.3	940.5	903.2	931.6	49
2018-02-18 00:00	923.5	925.0	906.9	908.0	4
2018-02-19 00:00	908.2	949.8	906.1	934.8	52
2018-02-20 00:00	934.7	952.8	870.9	878.8	51
2018-02-21 00:00	878.8	900.1	812.1	834.1	62
2018-02-22 00:00	833.8	865.7	783.3	799.0	66
2018-02-23 00:00	799.1	876.8	782.3	826.6	60
2018-02-25 00:00	835.3	841.8	832.0	834.5	4
2018-02-26 00:00	834.4	873.6	828.6	861.7	56
2018-02-27 00:00	862.9	889.6	855.9	866.8	54
2018-02-28 00:00	865.7	882.4	844.2	845.7	55
2018-03-01 00:00	845.2	874.2	841.4	864.8	48
2018-03-02 00:00	865.0	870.0	844.4	851.1	44
2018-03-04 00:00	858.2	859.8	854.8	859.7	4
2018-03-05 00:00	858.7	863.6	844.3	844.5	48
2018-03-06 00:00	843.6	845.3	798.0	809.2	48
2018-03-07 00:00	809.1	819.5	719.4	745.1	55
2018-03-08 00:00	744.0	766.7	683.1	693.4	53
2018-03-09 00:00	693.2	706.4	636.5	696.1	67
2018-03-11 00:00	714.4	722.9	712.1	715.9	4
2018-03-12 00:00	714.8	735.4	673.4	692.3	56
2018-03-13 00:00	692.2	709.3	675.0	684.4	50
2018-03-14 00:00	684.4	698.1	581.1	607.6	61
2018-03-15 00:00	607.8	615.3	566.8	605.7	55
2018-03-16 00:00	604.9	621.0	580.4	608.5	44
2018-03-18 00:00	548.3	548.4	521.7	533.1	8
2018-03-19 00:00	533.1	554.0	511.3	550.9	68
2018-03-20 00:00	551.0	562.7	512.3	552.7	56
2018-03-21 00:00	552.7	585.7	540.7	555.6	52
2018-03-22 00:00	555.7	573.4	512.4	534.2	53
2018-03-23 00:00	535.0	535.6	503.2	520.5	42
2018-03-25 00:00	527.3	530.6	514.6	518.4	4
2018-03-26 00:00	518.5	521.5	463.0	481.5	58
2018-03-27 00:00	481.4	487.1	441.9	444.1	55
2018-03-28 00:00	443.9	460.3	435.7	441.3	51
2018-03-29 00:00	441.2	444.0	376.3	380.2	66
2018-03-30 00:00	380.1	407.6	361.2	382.1	71
2018-04-01 00:00	375.1	376.7	372.2	375.1	4
2018-04-02 00:00	375.2	390.4	372.1	380.9	49
2018-04-03 00:00	380.8	415.7	377.0	412.1	49
2018-04-04 00:00	412.1	413.4	367.2	375.1	50
2018-04-05 00:00	375.0	383.5	363.6	377.9	55
2018-04-06 00:00	378.0	382.0	359.8	366.0	43
2018-04-08 00:00	394.6	398.7	394.5	396.8	4
2018-04-09 00:00	396.7	427.8	384.4	395.4	55
2018-04-10 00:00	395.3	414.6	388.6	411.7	48
2018-04-11 00:00	411.7	429.8	407.5	426.8	48
2018-04-12 00:00	426.7	494.8	410.2	491.1	62
2018-04-13 00:00	491.0	525.5	478.9	489.6	59
2018-04-15 00:00	521.2	531.0	520.5	530.7	4
2018-04-16 00:00	530.8	534.0	495.2	508.3	62
2018-04-17 00:00	508.1	517.6	497.9	499.8	51
2018-04-18 00:00	499.8	523.4	498.4	522.2	50
2018-04-19 00:00	522.1	566.5	518.1	564.0	49
2018-04-20 00:00	563.9	592.1	554.4	589.4	45
2018-04-22 00:00	633.7	634.3	614.1	617.7	6
2018-04-23 00:00	617.6	644.9	616.1	640.4	48
2018-04-24 00:00	640.6	708.4	640.4	700.1	54
2018-04-25 00:00	700.2	700.5	590.4	614.0	90
2018-04-26 00:00	613.9	662.3	597.5	659.0	61
2018-04-27 00:00	658.8	682.0	642.7	646.6	50
2018-04-29 00:00	678.1	687.3	677.9	685.9	4
2018-04-30 00:00	686.0	690.0	659.9	666.2	52
2018-05-01 00:00	667.2	670.9	625.2	668.0	54
2018-05-02 00:00	667.9	687.7	660.5	683.6	48
2018-05-03 00:00	683.7	784.3	682.7	774.7	67
2018-05-04 00:00	774.9	801.7	756.0	782.0	57
2018-05-06 00:00	780.2	787.6	778.8	786.1	7
2018-05-07 00:00	786.2	791.3	693.0	749.4	83
2018-05-08 00:00	749.5	771.7	716.8	744.6	60
2018-05-09 00:00	744.4	757.0	706.4	747.3	54
2018-05-10 00:00	747.4	764.1	719.2	720.8	53
2018-05-11 00:00	720.7	732.3	663.8	671.0	62
2018-05-13 00:00	724.6	735.2	724.1	725.7	5
2018-05-14 00:00	725.9	738.4	682.5	723.7	72
2018-05-15 00:00	723.5	735.2	692.3	702.2	57
2018-05-16 00:00	702.2	707.2	672.3	703.5	68
2018-05-17 00:00	703.4	715.2	658.6	664.8	57
2018-05-18 00:00	664.9	687.6	654.0	684.4	48
2018-05-20 00:00	715.4	716.2	708.2	712.1	4
2018-05-21 00:00	712.2	715.7	684.5	693.6	49
2018-05-22 00:00	693.6	695.6	635.2	638.1	54
2018-05-23 00:00	638.0	646.3	560.8	573.7	69
2018-05-24 00:00	573.7	605.9	541.9	599.0	71
2018-05-25 00:00	599.1	612.7	572.6	580.1	48
2018-05-27 00:00	561.6	567.5	561.0	566.9	4
2018-05-28 00:00	567.1	571.6	503.8	508.8	62
2018-05-29 00:00	508.7	569.0	507.9	562.6	63
2018-05-30 00:00	562.6	581.7	538.6	553.6	64
2018-05-31 00:00	553.5	582.3	550.7	574.3	56
2018-06-01 00:00	573.8	585.7	560.6	562.5	43
2018-06-03 00:00	615.5	615.8	612.6	615.5	4
2018-06-04 00:00	615.4	621.9	576.3	587.9	48
2018-06-05 00:00	587.8	609.5	573.0	604.8	49
2018-06-06 00:00	604.9	608.4	590.5	602.8	49
2018-06-07 00:00	602.9	613.0	595.9	601.0	48
2018-06-08 00:00	600.9	604.8	589.9	595.3	42
2018-06-10 00:00	512.2	521.8	500.2	521.4	8
2018-06-11 00:00	521.3	532.3	506.5	528.2	68
2018-06-12 00:00	528.1	535.2	481.4	490.9	58
2018-06-13 00:00	491.0	498.0	446.9	472.7	67
2018-06-14 00:00	472.6	522.8	456.8	516.5	72
2018-06-15 00:00	516.5	517.7	482.7	491.0	49
2018-06-17 00:00	495.4	496.0	490.7	493.1	4
2018-06-18 00:00	493.2	521.0	484.5	514.3	50
2018-06-19 00:00	514.4	544.2	511.7	535.1	49
2018-06-20 00:00	535.1	538.2	513.7	532.8	52
2018-06-21 00:00	532.9	541.2	518.9	522.4	48
2018-06-22 00:00	522.5	523.0	453.8	460.3	43
2018-06-24 00:00	454.5	456.9	445.0	451.8	6
2018-06-25 00:00	451.7	470.1	442.0	455.8	48
2018-06-26 00:00	455.9	459.3	426.7	427.8	48
2018-06-27 00:00	427.8	443.1	418.4	439.3	48
2018-06-28 00:00	439.2	441.0	415.3	418.4	48
2018-06-29 00:00	418.8	422.2	402.8	410.8	42
2018-07-01 00:00	448.9	451.9	447.7	450.3	6
2018-07-02 00:00	449.7	479.3	441.6	473.9	48
2018-07-03 00:00	473.9	484.0	458.0	459.5	48
2018-07-04 00:00	459.6	479.7	449.8	464.6	48
2018-07-05 00:00	464.7	476.5	457.3	465.9	48
2018-07-06 00:00	465.7	472.4	449.8	466.2	42
2018-07-08 00:00	485.1	488.6	482.7	483.7	6
2018-07-09 00:00	483.7	485.6	466.3	469.4	48
2018-07-10 00:00	469.0	471.0	426.4	430.6	48
2018-07-11 00:00	430.7	445.1	422.9	442.8	48
2018-07-12 00:00	442.9	443.1	416.0	428.4	48
2018-07-13 00:00	428.3	439.4	423.0	428.2	42
2018-07-15 00:00	450.2	450.8	445.8	447.2	6
2018-07-16 00:00	447.1	477.6	442.7	476.6	50
2018-07-17 00:00	476.4	508.8	463.8	496.5	53
2018-07-18 00:00	496.6	512.4	467.5	476.8	53
2018-07-19 00:00	476.7	481.4	460.5	466.3	48
2018-07-20 00:00	466.4	466.5	440.4	442.6	46
2018-07-22 00:00	461.8	463.5	452.4	455.1	7
2018-07-23 00:00	455.0	467.0	444.8	447.5	51
2018-07-24 00:00	447.4	481.7	446.1	476.7	54
2018-07-25 00:00	476.7	482.2	461.7	469.5	50
2018-07-26 00:00	469.4	481.9	457.6	459.8	49
2018-07-27 00:00	459.9	467.3	454.0	464.8	45
2018-07-29 00:00	463.4	467.2	462.1	464.1	6
2018-07-30 00:00	464.0	466.4	444.0	454.2	49
2018-07-31 00:00	454.1	454.9	425.6	429.9	51
2018-08-01 00:00	429.6	432.5	405.6	417.2	48
2018-08-02 00:00	417.4	422.1	405.6	408.6	48
2018-08-03 00:00	408.5	417.3	395.4	413.3	42
2018-08-05 00:00	409.6	410.7	405.9	406.4	6
2018-08-06 00:00	406.5	410.5	398.9	402.6	48
2018-08-07 00:00	402.5	408.0	367.0	375.7	48
2018-08-08 00:00	375.6	378.0	345.6	353.0	48
2018-08-09 00:00	352.9	367.9	348.6	361.2	48
2018-08-10 00:00	361.1	363.3	340.6	340.8	42
2018-08-12 00:00	317.7	319.2	315.1	315.9	6
2018-08-13 00:00	315.8	319.8	278.9	281.7	48
2018-08-14 00:00	281.7	281.8	248.3	276.0	48
2018-08-15 00:00	276.2	302.2	274.9	278.8	48
2018-08-16 00:00	278.9	296.4	275.9	284.5	48
2018-08-17 00:00	284.6	305.2	283.0	298.4	42
2018-08-19 00:00	299.1	299.8	296.6	297.3	6
2018-08-20 00:00	297.2	301.4	267.1	268.4	48
2018-08-21 00:00	268.3	283.2	267.4	278.8	48
2018-08-22 00:00	278.7	296.4	257.5	267.9	48
2018-08-23 00:00	268.0	277.9	266.0	273.6	48
2018-08-24 00:00	273.7	279.3	268.1	277.7	42
2018-08-26 00:00	270.3	272.4	269.8	272.0	6
2018-08-27 00:00	272.0	285.6	269.6	285.5	48
2018-08-28 00:00	285.5	295.5	280.5	293.2	48
2018-08-29 00:00	293.3	294.6	282.0	286.3	48
2018-08-30 00:00	286.4	288.5	270.1	281.9	48
2018-08-31 00:00	281.7	282.5	274.4	281.0	42
2018-09-02 00:00	291.3	293.2	290.0	292.7	6
2018-09-03 00:00	292.6	293.9	283.4	286.5	48
2018-09-04 00:00	286.6	290.0	280.1	282.9	48
2018-09-05 00:00	282.9	285.2	224.3	225.8	48
2018-09-06 00:00	225.7	230.5	209.1	227.3	48
2018-09-07 00:00	227.2	231.7	211.6	215.4	42
2018-09-09 00:00	199.3	199.7	189.5	193.6	6
2018-09-10 00:00	193.5	200.2	185.1	195.3	48
2018-09-11 00:00	195.2	197.1	174.4	183.2	48
2018-09-12 00:00	183.3	183.3	165.8	181.1	48
2018-09-13 00:00	181.2	213.0	181.1	209.3	48
2018-09-14 00:00	209.4	222.3	201.0	216.9	42
2018-09-16 00:00	220.1	220.5	216.7	218.2	6
2018-09-17 00:00	218.3	223.0	190.6	194.2	48
2018-09-18 00:00	194.1	212.7	192.4	206.9	48
2018-09-19 00:00	206.8	212.9	195.8	207.9	48
2018-09-20 00:00	208.0	225.7	205.2	222.6	48
2018-09-21 00:00	222.5	250.1	219.2	241.0	42
2018-09-23 00:00	239.9	243.6	238.3	242.8	6
2018-09-24 00:00	242.6	244.0	223.4	226.1	48
2018-09-25 00:00	226.2	226.2	201.7	217.4	48
2018-09-26 00:00	217.5	220.8	205.6	212.4	48
2018-09-27 00:00	212.4	232.0	208.4	227.0	48
2018-09-28 00:00	227.1	231.9	213.3	219.1	42
2018-09-30 00:00	226.3	232.8	225.4	230.7	6
2018-10-01 00:00	230.8	233.1	223.0	229.3	48
2018-10-02 00:00	229.4	230.0	221.1	223.9	48
2018-10-03 00:00	223.8	224.4	214.3	218.7	48
2018-10-04 00:00	218.7	224.4	217.6	220.4	48
2018-10-05 00:00	220.3	223.0	217.4	221.2	42
2018-10-07 00:00	218.5	221.5	218.0	220.5	6
2018-10-08 00:00	220.6	226.1	218.3	223.9	48
2018-10-09 00:00	223.9	224.9	220.4	222.2	48
2018-10-10 00:00	222.1	222.5	217.4	219.6	48
2018-10-11 00:00	219.7	219.9	181.4	184.9	53
2018-10-12 00:00	184.8	195.3	183.1	191.4	41
2018-10-15 00:00	188.8	225.1	186.9	204.7	52
2018-10-16 00:00	203.9	208.9	200.7	205.5	48
2018-10-17 00:00	205.5	208.0	200.0	204.5	48
2018-10-18 00:00	204.5	205.0	194.0	197.5	48
2018-10-19 00:00	197.5	199.8	195.0	197.0	41
2018-10-22 00:00	199.9	201.2	194.6	196.2	48
2018-10-23 00:00	196.1	197.0	192.8	196.0	48
2018-10-24 00:00	196.1	197.5	195.2	195.6	48
2018-10-25 00:00	195.6	195.8	192.8	194.6	48
2018-10-26 00:00	194.6	199.1	193.6	195.0	40
2018-10-29 00:00	197.4	197.6	186.6	189.3	48
2018-10-30 00:00	189.2	191.4	188.0	190.3	48
2018-10-31 00:00	190.3	194.1	186.8	191.8	48
2018-11-01 00:00	191.9	193.5	191.2	192.8	48
2018-11-02 00:00	192.7	196.4	192.7	195.2	41
2018-11-05 00:00	205.1	206.2	200.5	203.5	48
2018-11-06 00:00	203.5	213.9	202.1	213.4	48
2018-11-07 00:00	213.6	217.7	210.4	211.7	48
2018-11-08 00:00	211.6	213.1	204.8	205.1	48
2018-11-09 00:00	205.3	207.1	202.1	203.4	41
2018-11-12 00:00	204.7	206.1	202.1	203.7	48
2018-11-13 00:00	203.6	203.7	197.8	198.2	48
2018-11-14 00:00	198.2	199.8	160.4	172.8	50
2018-11-15 00:00	172.7	175.8	160.5	173.6	48
2018-11-16 00:00	173.8	174.4	165.3	165.8	44
2018-11-18 00:00	169.2	170.9	168.4	170.8	4
2018-11-19 00:00	170.8	170.8	137.4	140.4	48
2018-11-20 00:00	140.3	144.6	116.7	122.6	48
2018-11-21 00:00	123.4	132.3	117.5	129.6	48
2018-11-22 00:00	129.7	131.6	117.5	118.3	48
2018-11-23 00:00	118.4	120.1	111.6	115.0	44
2018-11-25 00:00	111.2	112.2	108.3	109.4	4
2018-11-26 00:00	109.4	111.9	97.7	101.9	48
2018-11-27 00:00	101.8	106.3	94.2	103.6	48
2018-11-28 00:00	103.7	121.1	103.6	116.9	48
2018-11-29 00:00	117.4	118.4	108.6	111.8	48
2018-11-30 00:00	111.7	114.4	105.0	106.7	44
2018-12-02 00:00	111.4	112.0	109.5	110.3	4
2018-12-03 00:00	109.9	110.6	100.3	102.6	48
2018-12-04 00:00	102.6	107.5	100.2	104.1	48
2018-12-05 00:00	104.1	104.6	95.6	95.7	48
2018-12-06 00:00	96.1	98.4	84.2	84.2	48
2018-12-07 00:00	84.3	93.0	76.6	88.2	44
2018-12-09 00:00	88.1	89.6	87.2	87.7	4
2018-12-10 00:00	88.7	90.4	82.6	84.3	48
2018-12-11 00:00	85.1	86.7	80.6	82.0	48
2018-12-12 00:00	82.9	86.5	81.3	84.1	48
2018-12-13 00:00	84.8	85.9	79.0	81.4	48
2018-12-14 00:00	81.3	82.1	76.8	76.9	44
2018-12-16 00:00	79.0	80.1	78.6	79.5	4
2018-12-17 00:00	79.4	92.2	78.8	89.3	48
2018-12-18 00:00	89.5	96.9	87.0	96.0	48
2018-12-19 00:00	96.0	103.1	93.6	94.4	48
2018-12-20 00:00	94.8	112.2	93.8	109.5	53
2018-12-21 00:00	109.9	114.3	100.5	103.0	45
2018-12-23 00:00	125.0	125.7	123.2	124.9	4
2018-12-24 00:00	124.7	154.1	124.5	137.3	55
2018-12-25 00:00	125.2	126.6	121.5	123.8	4
2018-12-26 00:00	123.9	131.7	118.8	125.5	53
2018-12-27 00:00	125.5	127.0	107.6	109.5	51
2018-12-28 00:00	109.5	133.4	108.3	129.3	45
2018-12-30 00:00	133.1	134.8	132.5	133.9	4
2018-12-31 00:00	133.2	134.2	124.3	125.7	44
2019-01-01 00:00	132.7	135.9	131.9	134.8	4
2019-01-02 00:00	134.5	151.8	133.9	148.4	49
2019-01-03 00:00	148.5	149.6	139.6	142.3	49
2019-01-04 00:00	142.7	150.8	140.5	149.1	45
2019-01-06 00:00	150.8	151.6	149.3	150.8	4
2019-01-07 00:00	150.8	152.2	143.9	145.4	48
2019-01-08 00:00	145.4	148.0	141.5	144.0	48
2019-01-09 00:00	144.6	147.8	143.4	144.4	48
2019-01-10 00:00	144.2	145.9	117.4	121.1	52
2019-01-11 00:00	121.1	123.7	117.0	120.4	44
2019-01-13 00:00	110.5	110.9	109.8	110.5	4
2019-01-14 00:00	110.5	126.4	110.3	123.4	49
2019-01-15 00:00	122.4	125.5	112.2	115.1	50
2019-01-16 00:00	115.3	122.7	114.5	117.2	49
2019-01-17 00:00	117.3	119.0	112.7	117.5	48
2019-01-18 00:00	117.4	117.9	113.5	114.9	44
2019-01-20 00:00	112.6	113.3	112.4	112.8	4
2019-01-21 00:00	112.5	113.5	109.2	111.2	48
2019-01-22 00:00	111.3	114.9	106.7	113.3	48
2019-01-23 00:00	113.3	114.3	110.1	111.9	48
2019-01-24 00:00	111.9	112.6	109.3	111.8	48
2019-01-25 00:00	111.8	112.6	109.5	110.6	44
2019-01-27 00:00	107.9	108.6	106.7	107.0	4
2019-01-28 00:00	107.6	107.9	96.4	100.9	48
2019-01-29 00:00	101.0	101.6	97.7	99.0	48
2019-01-30 00:00	99.5	104.8	98.5	103.3	48
2019-01-31 00:00	103.0	105.6	100.0	101.4	48
2019-02-01 00:00	101.3	102.6	98.3	102.1	44
2019-02-03 00:00	100.1	102.5	99.9	101.9	4
2019-02-04 00:00	102.1	103.7	100.5	102.2	48
2019-02-05 00:00	101.5	102.7	100.3	101.1	48
2019-02-06 00:00	102.1	102.8	95.9	98.3	48
2019-02-07 00:00	98.7	100.9	97.9	99.2	48
2019-02-08 00:00	98.8	117.8	97.6	112.4	46
2019-02-10 00:00	112.4	120.6	112.4	119.0	4
2019-02-11 00:00	120.0	120.5	113.5	115.3	49
2019-02-12 00:00	115.6	117.8	112.8	116.4	48
2019-02-13 00:00	116.4	120.5	114.9	116.1	48
2019-02-14 00:00	116.1	118.6	114.4	114.9	48
2019-02-15 00:00	114.9	118.5	114.4	115.4	44
2019-02-17 00:00	124.1	129.6	124.1	127.3	4
2019-02-18 00:00	127.7	143.2	126.5	140.1	48
2019-02-19 00:00	140.1	144.6	137.7	137.7	48
2019-02-20 00:00	138.1	144.1	135.1	142.4	48
2019-02-21 00:00	142.2	144.3	137.1	139.9	48
2019-02-22 00:00	139.9	143.2	137.7	142.0	44
2019-02-24 00:00	133.9	134.1	126.3	126.8	16
2019-02-25 00:00	126.7	136.6	126.3	133.2	72
2019-02-26 00:00	133.2	133.6	128.5	131.4	48
2019-02-27 00:00	131.4	135.4	121.7	129.9	48
2019-02-28 00:00	129.9	134.2	127.4	130.2	48
2019-03-01 00:00	130.2	133.2	129.5	131.7	44
2019-03-03 00:00	125.8	126.5	123.2	124.8	4
2019-03-04 00:00	125.5	126.0	118.3	120.8	48
2019-03-05 00:00	120.9	133.2	119.8	132.0	48
2019-03-06 00:00	132.0	135.9	129.0	132.7	48
2019-03-07 00:00	132.7	135.3	130.3	131.8	48
2019-03-08 00:00	131.8	134.3	129.9	130.5	44
2019-03-10 00:00	130.4	131.3	129.6	129.6	6
2019-03-11 00:00	129.7	131.0	125.6	127.6	48
2019-03-12 00:00	127.7	130.0	123.5	127.8	48
2019-03-13 00:00	127.9	128.5	125.3	126.8	48
2019-03-14 00:00	126.8	130.1	124.5	127.0	48
2019-03-15 00:00	127.0	132.5	126.5	130.9	42
2019-03-17 00:00	134.7	134.8	133.0	133.7	6
2019-03-18 00:00	133.7	136.8	131.1	132.6	48
2019-03-19 00:00	132.6	134.3	131.4	133.6	48
2019-03-20 00:00	133.8	135.0	131.1	134.4	48
2019-03-21 00:00	134.4	134.8	127.9	130.0	48
2019-03-22 00:00	130.0	132.6	129.3	131.5	42
2019-03-24 00:00	130.5	131.4	130.0	131.0	6
2019-03-25 00:00	131.1	131.8	126.4	128.1	48
2019-03-26 00:00	128.7	129.4	126.7	128.1	48
2019-03-27 00:00	128.8	135.3	128.1	134.1	48
2019-03-28 00:00	134.7	134.7	131.8	133.1	48
2019-03-29 00:00	133.1	137.4	132.1	135.5	42
2019-03-31 00:00	136.6	137.1	135.6	136.8	6
2019-04-01 00:00	136.8	138.5	134.6	136.7	49
2019-04-02 00:00	136.6	163.0	135.9	160.2	48
2019-04-03 00:00	160.3	175.6	148.4	156.9	50
2019-04-04 00:00	156.9	160.5	149.0	153.2	48
2019-04-05 00:00	153.3	163.9	151.5	158.8	42
2019-04-07 00:00	169.1	172.0	167.4	170.4	6
2019-04-08 00:00	170.5	182.8	169.4	176.1	48
2019-04-09 00:00	176.1	176.4	170.0	171.4	48
2019-04-10 00:00	171.4	180.8	166.2	173.1	48
2019-04-11 00:00	173.2	173.5	156.2	160.5	48
2019-04-12 00:00	160.6	163.1	155.1	158.8	42
2019-04-14 00:00	160.2	164.7	160.2	163.7	6
2019-04-15 00:00	163.8	165.0	151.7	155.7	48
2019-04-16 00:00	155.6	163.3	154.8	162.0	48
2019-04-17 00:00	161.9	164.0	160.1	161.6	48
2019-04-18 00:00	162.1	171.6	161.4	169.7	48
2019-04-19 00:00	169.7	169.8	165.0	167.6	42
2019-04-21 00:00	163.7	166.0	163.7	165.4	6
2019-04-22 00:00	165.3	169.2	163.4	166.5	48
2019-04-23 00:00	167.0	172.5	164.5	165.9	48
2019-04-24 00:00	165.8	166.6	155.8	161.2	48
2019-04-25 00:00	161.2	162.0	142.6	147.6	49
2019-04-26 00:00	147.6	151.3	144.0	146.7	42
2019-04-28 00:00	149.3	149.3	148.3	148.8	6
2019-04-29 00:00	148.8	150.3	144.4	147.9	48
2019-04-30 00:00	147.9	156.5	147.5	155.8	48
2019-05-01 00:00	155.9	158.3	151.8	153.9	48
2019-05-02 00:00	153.8	156.1	151.4	154.2	48
2019-05-03 00:00	154.3	164.5	152.8	160.9	42
2019-05-05 00:00	156.8	157.1	156.2	156.3	7
2019-05-06 00:00	156.4	171.3	152.9	166.8	63
2019-05-07 00:00	166.8	176.2	161.1	161.9	48
2019-05-08 00:00	161.9	167.8	158.2	165.4	48
2019-05-09 00:00	165.5	169.1	160.8	166.0	48
2019-05-10 00:00	166.1	171.9	163.3	166.6	42
2019-05-12 00:00	186.1	186.8	181.3	184.1	6
2019-05-13 00:00	184.1	204.4	181.4	192.0	51
2019-05-14 00:00	192.1	216.5	191.1	213.2	49
2019-05-15 00:00	213.3	246.5	213.1	244.8	48
2019-05-16 00:00	244.7	275.8	238.3	260.5	58
2019-05-17 00:00	260.5	265.2	219.2	228.3	48
2019-05-19 00:00	253.1	260.5	252.2	256.9	6
2019-05-20 00:00	256.8	256.8	235.3	248.2	49
2019-05-21 00:00	248.3	260.2	243.7	250.6	50
2019-05-22 00:00	250.5	257.2	236.2	239.5	51
2019-05-23 00:00	239.4	244.5	227.1	241.4	48
2019-05-24 00:00	241.5	251.9	237.7	248.9	42
2019-05-27 00:00	264.1	275.5	260.4	267.2	49
2019-05-28 00:00	267.3	272.3	261.3	267.0	48
2019-05-29 00:00	266.9	270.1	256.2	265.3	48
2019-05-30 00:00	265.3	284.6	235.0	250.4	53
2019-05-31 00:00	250.5	260.0	241.2	257.6	44
2019-06-02 00:00	263.8	266.8	262.1	265.1	4
2019-06-03 00:00	265.1	266.0	243.3	245.5	53
2019-06-04 00:00	245.4	246.7	228.8	236.8	51
2019-06-05 00:00	236.9	244.8	233.4	242.0	48
2019-06-06 00:00	242.0	246.7	231.8	245.2	48
2019-06-07 00:00	245.3	250.1	240.8	242.8	42
2019-06-09 00:00	226.4	228.3	222.7	227.3	4
2019-06-10 00:00	227.3	244.1	223.3	243.7	48
2019-06-11 00:00	243.7	244.9	233.4	241.1	48
2019-06-12 00:00	241.2	259.4	238.8	258.7	48
2019-06-13 00:00	258.8	260.4	250.2	251.1	48
2019-06-14 00:00	251.1	254.5	248.2	253.8	42
2019-06-16 00:00	261.9	267.3	261.7	264.1	6
2019-06-17 00:00	264.2	271.6	262.7	269.7	48
2019-06-18 00:00	269.8	270.1	256.5	260.2	48
2019-06-19 00:00	260.1	265.9	258.5	264.7	48
2019-06-20 00:00	264.8	270.3	261.8	267.9	48
2019-06-21 00:00	268.0	292.7	267.7	291.0	66
2019-06-23 00:00	309.4	313.6	300.5	303.4	35
2019-06-24 00:00	303.5	309.9	292.2	307.8	240
2019-06-25 00:00	306.7	314.3	301.8	312.4	210
2019-06-26 00:00	313.4	360.3	310.7	331.5	420
2019-06-27 00:00	331.6	340.3	271.3	290.5	528
2019-06-28 00:00	290.4	309.5	286.7	302.7	330
2019-06-30 00:00	299.2	299.3	282.7	285.7	44
2019-07-01 00:00	287.2	298.2	274.6	290.5	332
2019-07-02 00:00	290.6	292.9	267.3	288.0	330
2019-07-03 00:00	287.1	300.4	285.9	298.9	260
2019-07-04 00:00	298.8	300.2	277.1	279.6	216
2019-07-05 00:00	279.7	291.8	276.8	283.7	200
2019-07-07 00:00	302.7	307.7	301.1	303.1	23
2019-07-08 00:00	302.1	311.9	298.4	310.2	180
2019-07-09 00:00	310.1	315.5	299.2	304.7	204
2019-07-10 00:00	304.6	311.7	278.7	285.6	271
2019-07-11 00:00	284.4	285.6	259.3	265.6	318
2019-07-12 00:00	265.7	276.9	262.4	274.1	214
2019-07-14 00:00	232.5	237.0	219.7	223.0	34
2019-07-15 00:00	222.9	232.6	199.9	225.2	333
2019-07-16 00:00	225.1	231.5	187.7	195.7	366
2019-07-17 00:00	195.8	216.9	189.4	208.3	320
2019-07-18 00:00	208.4	226.9	203.0	222.1	292
2019-07-19 00:00	223.2	223.7	210.2	217.4	248
2019-07-21 00:00	219.1	223.7	219.1	221.5	18
2019-07-22 00:00	221.4	225.2	208.3	214.1	212
2019-07-23 00:00	213.1	216.2	204.8	208.9	177
2019-07-24 00:00	209.0	215.1	197.9	213.4	207
2019-07-25 00:00	213.5	222.8	211.7	216.2	195
2019-07-26 00:00	216.1	217.6	209.2	215.2	152
2019-07-28 00:00	203.4	210.3	194.7	208.2	35
2019-07-29 00:00	208.3	212.2	203.0	207.6	166
2019-07-30 00:00	206.5	211.5	201.2	206.7	143
2019-07-31 00:00	206.8	215.8	205.5	215.6	137
2019-08-01 00:00	215.5	215.9	207.9	213.4	123
2019-08-02 00:00	213.3	219.8	210.9	212.7	102
2019-08-04 00:00	217.7	220.7	216.1	218.7	14
2019-08-05 00:00	219.8	233.9	218.8	229.8	163
2019-08-06 00:00	229.9	236.5	218.6	222.9	161
2019-08-07 00:00	222.8	228.1	217.2	223.0	164
2019-08-08 00:00	221.9	223.5	211.5	217.8	126
2019-08-09 00:00	216.8	218.2	202.7	206.2	114
2019-08-11 00:00	211.1	213.6	208.9	213.1	11
2019-08-12 00:00	213.2	213.5	205.9	207.1	96
2019-08-13 00:00	208.1	208.2	199.8	205.4	109
2019-08-14 00:00	204.3	206.1	178.9	183.3	156
2019-08-15 00:00	183.2	186.7	170.6	185.0	178
2019-08-16 00:00	184.9	185.0	175.2	181.0	132
2019-08-18 00:00	190.9	193.9	190.2	190.5	12
2019-08-19 00:00	190.5	200.5	188.9	199.3	121
2019-08-20 00:00	199.4	199.8	190.6	193.5	99
2019-08-21 00:00	193.4	194.0	176.9	184.0	121
2019-08-22 00:00	184.2	192.0	178.8	186.4	130
2019-08-23 00:00	186.4	193.6	184.6	189.7	96
2019-08-25 00:00	179.9	183.6	178.9	183.4	10
2019-08-26 00:00	183.5	191.2	181.6	185.3	92
2019-08-27 00:00	184.2	186.0	180.4	182.8	70
2019-08-28 00:00	182.9	185.0	162.9	169.8	88
2019-08-29 00:00	168.7	170.4	159.7	164.7	71
2019-08-30 00:00	164.8	166.3	161.7	165.0	42
2019-09-01 00:00	166.4	168.4	166.2	167.1	6
2019-09-02 00:00	167.2	178.6	166.5	175.5	82
2019-09-03 00:00	175.7	179.9	171.3	174.9	90
2019-09-04 00:00	175.0	177.4	169.9	170.8	84
2019-09-05 00:00	171.8	172.7	166.4	169.8	73
2019-09-06 00:00	171.0	175.5	162.0	165.7	75
2019-09-08 00:00	176.1	179.2	175.6	178.5	7
2019-09-09 00:00	178.4	183.1	172.0	177.5	93
2019-09-10 00:00	176.5	181.5	172.6	176.7	80
2019-09-11 00:00	176.5	179.2	170.8	174.2	81
2019-09-12 00:00	174.3	179.7	172.4	178.0	57
2019-09-13 00:00	177.9	178.7	173.7	177.9	60
2019-09-15 00:00	185.1	187.2	184.3	185.2	8
2019-09-16 00:00	185.2	196.5	184.5	193.5	87
2019-09-17 00:00	194.7	212.1	192.0	204.8	113
2019-09-18 00:00	204.9	214.3	203.7	206.1	118
2019-09-19 00:00	206.1	221.4	198.4	217.8	133
2019-09-20 00:00	216.7	219.1	209.0	213.1	105
2019-09-22 00:00	204.3	209.2	203.4	208.1	14
2019-09-23 00:00	208.2	208.6	195.1	198.0	119
2019-09-24 00:00	196.9	199.5	151.3	163.3	234
2019-09-25 00:00	163.2	172.0	158.7	165.9	186
2019-09-26 00:00	165.9	167.9	149.2	162.9	150
2019-09-27 00:00	161.8	168.7	157.4	168.0	96
2019-09-29 00:00	164.4	169.0	164.2	165.2	14
2019-09-30 00:00	165.2	178.7	161.2	177.8	129
2019-10-01 00:00	178.1	182.8	170.5	173.0	153
2019-10-02 00:00	172.0	178.5	170.1	177.8	85
2019-10-03 00:00	177.9	178.2	166.7	172.0	93
2019-10-04 00:00	170.9	176.5	167.2	174.2	77
2019-10-06 00:00	166.9	168.3	164.3	167.0	11
2019-10-07 00:00	165.0	179.5	164.6	177.3	112
2019-10-08 00:00	176.2	182.2	173.2	177.7	112
2019-10-09 00:00	176.7	192.9	175.3	190.2	119
2019-10-10 00:00	190.1	191.8	184.0	188.7	99
2019-10-11 00:00	187.7	194.5	176.5	178.8	110
2019-10-13 00:00	176.4	179.2	176.1	178.0	10
2019-10-14 00:00	177.0	184.8	176.5	183.8	84
2019-10-15 00:00	183.9	185.4	173.8	176.4	95
2019-10-16 00:00	176.4	178.1	168.4	171.5	86
2019-10-17 00:00	171.4	176.0	168.6	174.2	85
2019-10-18 00:00	174.3	174.4	165.3	170.0	82
2019-10-20 00:00	170.9	172.9	170.3	171.4	8
2019-10-21 00:00	172.4	175.0	167.9	171.2	72
2019-10-22 00:00	170.2	172.4	166.7	168.2	75
2019-10-23 00:00	168.3	168.4	150.4	159.3	124
2019-10-24 00:00	159.4	160.9	155.2	156.5	83
2019-10-25 00:00	156.4	184.5	156.4	178.0	127
2019-10-27 00:00	182.5	185.3	179.6	180.2	18
2019-10-28 00:00	180.2	186.9	176.8	179.0	142
2019-10-29 00:00	178.9	190.2	177.6	186.9	132
2019-10-30 00:00	186.8	189.1	176.4	179.3	131
2019-10-31 00:00	179.2	182.5	174.2	178.4	113
2019-11-01 00:00	178.2	181.7	174.3	181.4	78
2019-11-03 00:00	176.7	179.6	175.4	177.5	10
2019-11-04 00:00	177.5	186.5	176.4	183.1	87
2019-11-05 00:00	183.2	189.4	178.9	184.7	108
2019-11-06 00:00	185.9	191.5	183.8	187.1	89
2019-11-07 00:00	188.2	189.3	180.7	183.4	85
2019-11-08 00:00	182.3	185.0	177.0	179.7	85
2019-11-10 00:00	185.5	187.2	184.7	185.8	9
2019-11-11 00:00	184.8	187.0	179.7	180.5	79
2019-11-12 00:00	180.5	184.2	178.3	183.9	71
2019-11-13 00:00	182.8	186.3	181.0	184.8	60
2019-11-14 00:00	184.7	185.4	178.9	180.4	71
2019-11-15 00:00	180.4	183.4	173.6	176.4	72
2019-11-17 00:00	180.1	182.1	179.4	179.7	9
2019-11-18 00:00	179.7	180.9	171.3	173.8	78
2019-11-19 00:00	173.8	175.0	168.5	172.7	82
2019-11-20 00:00	171.6	174.2	169.1	170.2	67
2019-11-21 00:00	170.2	172.4	152.8	156.7	94
2019-11-22 00:00	156.7	159.9	135.0	149.6	180
2019-11-24 00:00	140.5	141.6	134.9	136.9	16
2019-11-25 00:00	137.0	148.6	127.8	142.9	173
2019-11-26 00:00	143.0	146.9	139.7	143.6	99
2019-11-27 00:00	143.7	152.8	136.9	149.9	143
2019-11-28 00:00	150.0	151.8	145.3	146.9	100
2019-11-29 00:00	146.9	154.7	146.4	150.2	103
2019-12-01 00:00	146.0	149.1	145.7	147.9	12
2019-12-02 00:00	146.8	148.5	142.8	145.8	76
2019-12-03 00:00	144.7	147.0	141.9	143.2	65
2019-12-04 00:00	143.2	149.3	139.4	142.4	100
2019-12-05 00:00	142.5	145.9	139.9	144.0	81
2019-12-06 00:00	144.0	146.7	142.2	144.9	54
2019-12-08 00:00	147.1	148.5	146.5	146.5	6
2019-12-09 00:00	146.5	148.4	142.6	144.2	69
2019-12-10 00:00	143.1	145.0	139.9	141.4	57
2019-12-11 00:00	141.4	143.3	137.9	139.1	55
2019-12-12 00:00	139.1	142.7	135.4	140.6	61
2019-12-13 00:00	140.6	142.0	139.2	141.4	47
2019-12-15 00:00	138.8	139.8	138.0	138.2	6
2019-12-16 00:00	138.2	139.5	126.3	129.4	79
2019-12-17 00:00	129.3	129.5	116.7	118.8	82
2019-12-18 00:00	118.9	131.6	113.3	129.9	127
2019-12-19 00:00	130.0	131.0	121.9	124.0	84
2019-12-20 00:00	124.0	126.2	121.9	125.4	46
2019-12-22 00:00	131.5	131.5	129.8	130.7	6
2019-12-23 00:00	130.7	133.5	124.6	126.2	74
2019-12-24 00:00	126.3	128.0	125.1	126.4	62
2019-12-25 00:00	124.0	124.0	123.1	123.3	7
2019-12-26 00:00	123.4	130.5	122.6	123.9	80
2019-12-27 00:00	123.8	125.1	120.6	123.9	65
2019-12-29 00:00	133.3	134.1	131.2	132.7	6
2019-12-30 00:00	132.8	134.3	128.4	129.5	64
2019-12-31 00:00	129.4	131.7	126.1	126.7	67
2020-01-01 00:00	130.0	130.3	127.8	128.5	6
2020-01-02 00:00	128.6	128.6	124.4	125.2	62
2020-01-03 00:00	125.1	133.2	123.9	131.8	75
2020-01-05 00:00	136.3	136.3	132.5	133.7	9
2020-01-06 00:00	133.7	142.9	133.2	142.7	83
2020-01-07 00:00	142.8	143.7	137.4	141.4	100
2020-01-08 00:00	141.4	146.4	135.5	139.0	113
2020-01-09 00:00	139.1	139.9	133.8	136.2	85
2020-01-10 00:00	136.1	143.6	133.7	141.9	76
2020-01-12 00:00	143.1	145.0	142.8	144.9	7
2020-01-13 00:00	145.0	145.4	140.5	142.0	52
2020-01-14 00:00	141.9	169.1	141.9	164.3	206
2020-01-15 00:00	164.2	170.2	157.5	164.7	205
2020-01-16 00:00	164.7	165.7	157.0	162.5	158
2020-01-17 00:00	162.6	172.6	160.5	167.3	172
2020-01-19 00:00	162.8	165.8	161.9	165.2	19
2020-01-20 00:00	165.1	167.7	159.5	165.0	104
2020-01-21 00:00	164.9	168.3	163.1	167.7	89
2020-01-22 00:00	167.7	169.4	164.1	166.1	88
2020-01-23 00:00	166.0	166.2	157.2	160.9	137
2020-01-24 00:00	160.8	162.7	153.6	161.5	112
2020-01-26 00:00	164.8	166.0	164.6	165.9	12
2020-01-27 00:00	166.0	170.2	163.3	168.2	147
2020-01-28 00:00	168.3	174.8	168.3	174.4	142
2020-01-29 00:00	174.3	176.8	171.6	171.8	120
2020-01-30 00:00	171.7	185.2	168.9	182.9	155
2020-01-31 00:00	183.0	183.9	173.5	178.8	115
2020-02-02 00:00	190.5	190.7	186.4	186.6	15
2020-02-03 00:00	186.7	193.5	184.9	187.9	132
2020-02-04 00:00	188.0	189.9	182.8	186.6	130
2020-02-05 00:00	186.7	206.2	186.0	202.3	157
2020-02-06 00:00	202.3	214.6	199.6	211.3	215
2020-02-07 00:00	211.4	222.8	211.3	217.3	195
2020-02-09 00:00	223.1	227.5	223.0	227.2	14
2020-02-10 00:00	227.3	228.0	215.3	221.3	197
2020-02-11 00:00	221.4	238.1	216.3	236.3	205
2020-02-12 00:00	236.4	274.3	236.3	264.6	294
2020-02-13 00:00	264.7	276.3	254.8	266.8	330
2020-02-14 00:00	266.9	284.2	258.6	281.6	242
2020-02-16 00:00	251.2	261.9	249.1	257.6	31
2020-02-17 00:00	257.5	267.1	241.1	266.4	362
2020-02-18 00:00	266.5	284.9	257.7	281.8	309
2020-02-19 00:00	281.9	285.4	250.2	257.0	323
2020-02-20 00:00	256.9	262.7	244.2	255.9	350
2020-02-21 00:00	255.8	267.0	252.7	262.6	211
2020-02-23 00:00	269.2	275.1	268.9	273.9	17
2020-02-24 00:00	274.0	276.4	255.3	263.9	231
2020-02-25 00:00	264.0	264.7	243.1	244.9	258
2020-02-26 00:00	244.9	248.3	213.9	222.0	340
2020-02-27 00:00	222.1	236.8	208.3	226.0	365
2020-02-28 00:00	226.1	233.1	212.2	221.9	328
2020-03-01 00:00	212.6	219.5	211.7	215.8	23
2020-03-02 00:00	215.9	233.0	214.2	230.5	223
2020-03-03 00:00	230.6	231.2	218.5	222.2	194
2020-03-04 00:00	222.2	227.2	218.9	223.0	173
2020-03-05 00:00	222.9	232.8	222.9	227.1	191
2020-03-06 00:00	227.2	240.1	226.1	237.7	161
2020-03-08 00:00	208.2	210.7	194.5	197.9	43
2020-03-09 00:00	198.0	207.1	188.3	201.1	408
2020-03-10 00:00	201.0	204.7	194.0	199.0	219
2020-03-11 00:00	199.0	201.5	180.1	193.0	236
2020-03-12 00:00	193.1	194.0	100.7	107.3	586
2020-03-13 00:00	107.4	143.8	87.7	127.4	563
2020-03-15 00:00	118.4	132.1	118.4	121.8	44
2020-03-16 00:00	121.7	122.2	99.2	109.8	388
2020-03-17 00:00	109.9	119.6	108.0	114.5	255
2020-03-18 00:00	114.6	117.3	108.7	117.0	218
2020-03-19 00:00	117.1	142.0	114.2	135.2	248
2020-03-20 00:00	135.2	151.7	114.6	123.9	306
2020-03-22 00:00	122.7	127.2	119.3	120.8	40
2020-03-23 00:00	120.7	136.5	118.0	135.2	303
2020-03-24 00:00	135.2	142.6	131.5	137.4	280
2020-03-25 00:00	137.3	141.2	131.4	134.7	233
2020-03-26 00:00	134.8	138.7	132.0	137.4	155
2020-03-27 00:00	137.5	140.2	133.1	136.0	117
2020-03-29 00:00	124.0	124.9	122.6	122.9	14
2020-03-30 00:00	122.9	134.0	122.5	130.8	134
2020-03-31 00:00	130.7	133.7	128.9	131.4	111
2020-04-01 00:00	131.6	135.6	127.4	134.5	113
2020-04-02 00:00	134.6	148.5	134.0	139.9	174
2020-04-03 00:00	139.8	145.3	136.4	139.1	129
2020-04-05 00:00	140.6	142.3	140.4	141.2	12
2020-04-06 00:00	141.3	170.5	141.2	170.0	201
2020-04-07 00:00	170.1	175.0	160.7	163.0	214
2020-04-08 00:00	162.9	173.1	162.0	171.9	169
2020-04-09 00:00	171.9	172.0	163.8	168.2	125
2020-04-10 00:00	168.2	168.8	150.8	157.7	178
2020-04-12 00:00	162.6	163.2	157.0	157.3	22
2020-04-13 00:00	157.3	157.9	148.3	155.3	177
2020-04-14 00:00	155.2	160.7	154.2	157.0	147
2020-04-15 00:00	157.0	159.9	150.5	151.2	137
2020-04-16 00:00	151.2	173.7	146.8	171.0	251
2020-04-17 00:00	171.1	172.0	166.9	169.3	123
2020-04-19 00:00	180.0	182.2	178.2	178.8	27
2020-04-20 00:00	178.7	185.2	165.3	168.9	254
2020-04-21 00:00	168.8	173.4	166.9	169.5	206
2020-04-22 00:00	169.5	182.8	168.5	181.5	159
2020-04-23 00:00	181.7	192.8	177.0	184.0	213
2020-04-24 00:00	184.0	188.4	183.4	186.5	154
2020-04-26 00:00	195.7	196.3	192.7	196.3	15
2020-04-27 00:00	196.3	197.8	188.2	195.2	175
2020-04-28 00:00	195.3	196.4	190.9	195.2	128
2020-04-29 00:00	195.3	217.8	195.2	214.1	272
2020-04-30 00:00	214.2	225.9	200.9	204.7	411
2020-05-01 00:00	204.6	215.9	204.6	208.3	250
2020-05-03 00:00	205.9	210.1	205.7	208.6	23
2020-05-04 00:00	208.5	209.4	193.6	205.3	270
2020-05-05 00:00	205.4	210.6	199.9	203.9	199
2020-05-06 00:00	204.0	209.7	196.8	197.6	189
2020-05-07 00:00	197.5	213.7	195.4	210.9	244
2020-05-08 00:00	211.0	215.4	205.7	213.0	167
2020-05-10 00:00	187.3	189.1	183.7	186.2	32
2020-05-11 00:00	186.1	192.1	174.9	184.4	291
2020-05-12 00:00	184.4	190.8	184.2	188.3	195
2020-05-13 00:00	188.4	199.7	186.9	198.3	199
2020-05-14 00:00	198.4	204.7	194.2	201.8	174
2020-05-15 00:00	201.9	202.5	190.1	191.8	148
2020-05-17 00:00	206.3	208.1	204.5	205.4	22
2020-05-18 00:00	205.5	215.4	205.5	213.3	215
2020-05-19 00:00	213.2	214.3	207.7	213.2	196
2020-05-20 00:00	213.3	214.1	204.6	208.4	178
2020-05-21 00:00	208.3	210.0	190.0	197.0	202
2020-05-22 00:00	197.0	207.8	194.6	206.7	152
2020-05-24 00:00	204.7	206.2	197.9	198.1	24
2020-05-25 00:00	198.1	204.2	196.5	202.6	159
2020-05-26 00:00	202.5	203.5	195.2	199.3	125
2020-05-27 00:00	199.4	206.9	199.2	206.9	133
2020-05-28 00:00	206.9	219.1	203.0	218.8	164
2020-05-29 00:00	218.9	223.2	216.0	218.5	137
2020-05-31 00:00	233.7	234.8	228.2	229.9	35
2020-06-01 00:00	229.8	249.9	229.2	246.9	303
2020-06-02 00:00	247.0	251.8	224.3	236.1	199
2020-06-03 00:00	236.2	243.7	232.0	243.1	200
2020-06-04 00:00	243.0	245.1	234.7	241.7	226
2020-06-05 00:00	241.6	246.4	237.7	240.0	200
2020-06-07 00:00	240.6	243.9	240.1	243.2	20
2020-06-08 00:00	243.3	246.4	239.5	245.0	161
2020-06-09 00:00	245.1	248.5	237.3	242.5	148
2020-06-10 00:00	242.6	249.0	240.7	246.5	137
2020-06-11 00:00	246.6	248.9	224.3	228.6	175
2020-06-12 00:00	228.7	237.9	226.5	236.0	124
2020-06-14 00:00	232.6	232.6	228.2	229.9	17
2020-06-15 00:00	230.0	232.2	216.6	229.5	163
2020-06-16 00:00	229.4	234.5	227.3	233.7	139
2020-06-17 00:00	233.8	235.6	226.2	232.1	135
2020-06-18 00:00	232.2	232.9	226.1	229.5	103
2020-06-19 00:00	229.4	230.3	224.9	227.7	85
2020-06-21 00:00	227.4	228.3	225.5	226.3	9
2020-06-22 00:00	226.2	245.3	225.8	241.7	123
2020-06-23 00:00	241.8	243.4	239.3	241.5	103
2020-06-24 00:00	241.6	247.6	229.3	232.8	128
2020-06-25 00:00	232.7	233.6	225.7	230.8	120
2020-06-26 00:00	230.7	231.8	225.9	228.5	102
2020-06-28 00:00	223.2	224.0	222.3	223.3	11
2020-06-29 00:00	223.4	228.4	219.4	226.3	112
2020-06-30 00:00	226.4	227.1	221.3	224.0	94
2020-07-01 00:00	224.0	231.2	222.6	229.6	97
2020-07-02 00:00	229.5	230.6	221.5	224.9	115
2020-07-03 00:00	224.8	226.7	223.9	225.2	69
2020-07-05 00:00	223.3	226.7	222.1	226.2	10
2020-07-06 00:00	226.2	240.4	225.5	240.1	71
2020-07-07 00:00	240.1	242.2	233.1	237.9	59
2020-07-08 00:00	238.0	247.4	236.4	245.6	68
2020-07-09 00:00	245.6	246.1	236.4	240.4	63
2020-07-10 00:00	240.4	240.5	234.1	237.7	46
2020-07-12 00:00	237.2	241.5	236.7	241.3	6
2020-07-13 00:00	241.4	243.6	235.7	237.8	48
2020-07-14 00:00	237.8	240.4	235.3	238.8	48
2020-07-15 00:00	238.9	239.8	234.9	236.8	48
2020-07-16 00:00	236.9	237.6	228.3	231.9	48
2020-07-17 00:00	232.0	232.9	230.0	230.8	42
2020-07-19 00:00	234.1	238.3	233.5	237.6	6
2020-07-20 00:00	237.7	238.2	232.6	234.5	48
2020-07-21 00:00	234.4	245.4	234.0	244.2	48
2020-07-22 00:00	244.2	267.8	240.3	262.7	49
2020-07-23 00:00	262.7	279.0	258.9	274.0	51
2020-07-24 00:00	273.9	285.4	266.9	284.9	42
2020-07-26 00:00	308.2	311.6	308.2	309.8	6
2020-07-27 00:00	309.8	332.3	309.7	320.8	60
2020-07-28 00:00	320.9	325.8	304.8	315.9	60
2020-07-29 00:00	316.0	323.8	311.4	316.6	51
2020-07-30 00:00	316.6	340.9	312.9	333.5	53
2020-07-31 00:00	333.6	346.5	327.5	342.4	42
2020-08-02 00:00	371.8	379.3	366.8	370.5	9
2020-08-03 00:00	370.4	396.6	365.4	384.6	54
2020-08-04 00:00	384.7	401.6	379.5	388.2	52
2020-08-05 00:00	388.1	406.2	383.0	399.6	50
2020-08-06 00:00	399.6	402.4	389.7	393.5	48
2020-08-07 00:00	393.6	396.9	363.2	373.3	46
2020-08-09 00:00	391.7	392.9	386.0	388.8	6
2020-08-10 00:00	388.8	398.5	384.6	394.3	49
2020-08-11 00:00	394.4	396.7	364.9	377.2	54
2020-08-12 00:00	377.3	387.9	364.9	385.6	48
2020-08-13 00:00	385.7	430.1	375.3	423.5	53
2020-08-14 00:00	423.6	443.0	416.9	439.6	42
2020-08-16 00:00	429.0	433.2	428.2	432.2	6
2020-08-17 00:00	432.1	445.4	418.7	429.7	52
2020-08-18 00:00	429.6	432.6	413.1	420.7	50
2020-08-19 00:00	420.7	425.2	392.2	406.0	53
2020-08-20 00:00	406.1	417.7	400.8	414.5	48
2020-08-21 00:00	414.4	417.2	393.0	396.1	41
2020-08-23 00:00	391.4	392.2	388.8	389.2	6
2020-08-24 00:00	389.2	408.8	386.1	406.4	48
2020-08-25 00:00	406.3	407.6	368.5	381.6	50
2020-08-26 00:00	381.7	391.8	376.0	384.4	48
2020-08-27 00:00	384.4	395.4	370.2	381.6	51
2020-08-28 00:00	381.6	396.3	378.2	394.6	40
2020-08-30 00:00	421.1	428.1	418.8	427.2	6
2020-08-31 00:00	427.1	437.5	416.7	432.3	48
2020-09-01 00:00	432.4	487.1	428.0	474.1	53
2020-09-02 00:00	474.1	479.7	419.9	438.5	56
2020-09-03 00:00	438.4	449.4	372.1	380.6	66
2020-09-04 00:00	380.6	399.9	358.6	390.2	48
2020-09-06 00:00	350.1	358.7	346.7	351.2	8
2020-09-07 00:00	351.3	356.9	321.8	351.9	60
2020-09-08 00:00	352.0	355.1	323.8	335.7	60
2020-09-09 00:00	335.6	357.6	329.1	349.5	49
2020-09-10 00:00	349.5	376.2	348.9	366.5	48
2020-09-11 00:00	366.4	371.1	354.3	367.9	44
2020-09-13 00:00	361.4	365.4	359.8	365.0	6
2020-09-14 00:00	365.0	383.0	354.4	375.8	48
2020-09-15 00:00	375.7	380.9	361.0	362.6	48
2020-09-16 00:00	362.5	372.2	353.5	363.7	48
2020-09-17 00:00	363.6	392.7	362.0	388.0	48
2020-09-18 00:00	388.1	391.2	374.1	380.3	44
2020-09-20 00:00	367.2	370.7	364.6	369.4	6
2020-09-21 00:00	369.5	375.4	329.5	338.6	48
2020-09-22 00:00	338.5	345.4	334.1	342.8	48
2020-09-23 00:00	342.8	343.1	312.1	319.1	48
2020-09-24 00:00	319.0	351.7	315.2	347.5	48
2020-09-25 00:00	347.4	356.4	336.3	355.3	44
2020-09-27 00:00	351.1	356.3	350.8	356.0	6
2020-09-28 00:00	356.1	366.8	350.4	352.3	48
2020-09-29 00:00	352.3	358.9	348.6	358.4	48
2020-09-30 00:00	358.4	360.0	349.8	358.1	48
2020-10-01 00:00	358.2	368.9	344.0	351.3	48
2020-10-02 00:00	351.2	352.9	333.0	340.0	44
2020-10-04 00:00	349.7	351.3	349.4	350.9	6
2020-10-05 00:00	350.8	354.9	347.3	352.3	48
2020-10-06 00:00	352.3	353.7	335.2	339.1	48
2020-10-07 00:00	339.2	341.4	331.6	340.1	48
2020-10-08 00:00	340.2	352.0	332.6	349.6	48
2020-10-09 00:00	349.6	365.0	346.0	362.4	44
2020-10-11 00:00	371.2	373.4	369.7	372.7	6
2020-10-12 00:00	372.8	393.6	364.1	385.3	48
2020-10-13 00:00	385.2	386.9	373.1	379.7	48
2020-10-14 00:00	379.8	386.1	371.9	377.4	48
2020-10-15 00:00	377.5	380.4	368.6	376.4	48
2020-10-16 00:00	376.2	378.6	360.0	364.3	44
2020-10-18 00:00	373.9	377.2	373.6	377.0	6
2020-10-19 00:00	376.9	383.1	371.4	378.0	48
2020-10-20 00:00	377.9	379.5	364.4	367.4	48
2020-10-21 00:00	367.3	400.8	366.5	389.8	48
2020-10-22 00:00	389.8	420.0	389.7	413.0	48
2020-10-23 00:00	413.0	417.8	400.3	406.7	44
2020-10-25 00:00	406.1	406.8	403.4	404.6	6
2020-10-26 00:00	404.6	409.8	381.4	391.7	48
2020-10-27 00:00	391.7	409.1	388.7	402.1	48
2020-10-28 00:00	402.0	407.8	379.2	386.9	48
2020-10-29 00:00	386.9	392.5	379.3	385.9	48
2020-10-30 00:00	385.9	390.6	372.2	382.4	44
2020-11-01 00:00	392.8	396.2	391.9	395.2	6
2020-11-02 00:00	395.3	402.9	376.8	381.8	48
2020-11-03 00:00	381.9	388.8	369.0	386.7	48
2020-11-04 00:00	386.8	407.5	375.6	401.5	48
2020-11-05 00:00	401.4	419.6	395.3	415.5	48
2020-11-06 00:00	415.5	448.2	413.9	444.7	44
2020-11-08 00:00	449.8	455.9	445.0	452.8	6
2020-11-09 00:00	452.8	457.6	432.7	443.0	48
2020-11-10 00:00	443.3	453.7	437.6	449.2	48
2020-11-11 00:00	449.2	475.0	448.3	462.1	48
2020-11-12 00:00	462.1	468.9	451.3	461.3	48
2020-11-13 00:00	461.2	473.6	456.4	470.3	44
2020-11-15 00:00	441.9	449.7	438.8	447.0	6
2020-11-16 00:00	446.9	463.0	444.3	459.2	34