2018-01-01 00:00	1.20102	1.20166	1.20007	1.20106	8578
2018-01-02 00:00	1.20105	1.20811	1.20078	1.20614	197142
2018-01-03 00:00	1.20614	1.20638	1.20011	1.20107	194941
2018-01-04 00:00	1.20108	1.20889	1.20044	1.20664	210210
2018-01-05 00:00	1.20663	1.20829	1.20205	1.20304	189696
2018-01-07 00:00	1.20265	1.20389	1.20259	1.20370	5748
2018-01-08 00:00	1.20371	1.20521	1.19560	1.19698	183380
2018-01-09 00:00	1.19698	1.19755	1.19156	1.19284	205645
2018-01-10 00:00	1.19282	1.20179	1.19231	1.19558	253339
2018-01-11 00:00	1.19557	1.20589	1.19291	1.20427	246795
2018-01-12 00:00	1.20427	1.22184	1.20401	1.21993	276486
2018-01-14 00:00	1.21933	1.22117	1.21908	1.21919	7290
2018-01-15 00:00	1.21920	1.22964	1.21876	1.22665	231031
2018-01-16 00:00	1.22666	1.22828	1.21952	1.22707	262612
2018-01-17 00:00	1.22707	1.23231	1.21650	1.21802	289585
2018-01-18 00:00	1.21804	1.22648	1.21734	1.22340	254031
2018-01-19 00:00	1.22340	1.22953	1.22145	1.22145	252177
2018-01-21 00:00	1.22702	1.22726	1.22338	1.22560	9388
2018-01-22 00:00	1.22559	1.22670	1.22138	1.22562	233056
2018-01-23 00:00	1.22564	1.23152	1.22230	1.23086	257752
2018-01-24 00:00	1.23087	1.24149	1.22920	1.23923	296238
2018-01-25 00:00	1.23921	1.25373	1.23639	1.23914	367838
2018-01-26 00:00	1.23914	1.24936	1.23861	1.24283	317664
2018-01-28 00:00	1.24232	1.24312	1.24128	1.24312	9488
2018-01-29 00:00	1.24311	1.24322	1.23367	1.23809	283891
2018-01-30 00:00	1.23810	1.24538	1.23350	1.24084	300956
2018-01-31 00:00	1.24084	1.24748	1.23868	1.24175	321285
2018-02-01 00:00	1.24168	1.25229	1.23854	1.25105	298216
2018-02-02 00:00	1.25107	1.25182	1.24092	1.24559	299591
2018-02-04 00:00	1.24320	1.24547	1.24243	1.24462	13306
2018-02-05 00:00	1.24462	1.24748	1.23626	1.23666	319395
2018-02-06 00:00	1.23667	1.24343	1.23138	1.23803	414806
2018-02-07 00:00	1.23803	1.24055	1.22459	1.22700	316517
2018-02-08 00:00	1.22699	1.22948	1.22120	1.22606	366047
2018-02-09 00:00	1.22607	1.22873	1.22054	1.22510	320640
2018-02-11 00:00	1.22483	1.22524	1.22418	1.22522	8102
2018-02-12 00:00	1.22523	1.23071	1.22350	1.23004	246646
2018-02-13 00:00	1.23009	1.23710	1.22844	1.23536	257674
2018-02-14 00:00	1.23537	1.24695	1.22758	1.24681	301242
2018-02-15 00:00	1.24682	1.25103	1.24478	1.25027	289116
2018-02-16 00:00	1.25027	1.25553	1.23931	1.24041	285736
2018-02-18 00:00	1.24015	1.24204	1.24014	1.24117	6404
2018-02-19 00:00	1.24117	1.24349	1.23690	1.24002	193464
2018-02-20 00:00	1.24001	1.24106	1.23199	1.23353	266362
2018-02-21 00:00	1.23352	1.23598	1.22734	1.22804	280818
2018-02-22 00:00	1.22805	1.23520	1.22597	1.23256	262315
2018-02-23 00:00	1.23256	1.23316	1.22798	1.22937	219909
2018-02-25 00:00	1.22928	1.22947	1.22809	1.22883	6663
2018-02-26 00:00	1.22883	1.23550	1.22776	1.23149	224925
2018-02-27 00:00	1.23149	1.23462	1.22216	1.22259	249977
2018-02-28 00:00	1.22258	1.22412	1.21878	1.21915	254842
2018-03-01 00:00	1.21915	1.22747	1.21546	1.22710	281960
2018-03-02 00:00	1.22709	1.23358	1.22514	1.23186	264927
2018-03-04 00:00	1.23248	1.23641	1.22995	1.23176	17418
2018-03-05 00:00	1.23176	1.23487	1.22688	1.23365	247123
2018-03-06 00:00	1.23365	1.24287	1.23281	1.24155	250100
2018-03-07 00:00	1.24154	1.24450	1.23847	1.24122	269818
2018-03-08 00:00	1.24122	1.24460	1.22979	1.23067	270458
2018-03-09 00:00	1.23070	1.23342	1.22730	1.23041	264420
2018-03-11 00:00	1.23094	1.23133	1.23060	1.23084	8657
2018-03-12 00:00	1.23083	1.23455	1.22903	1.23384	205132
2018-03-13 00:00	1.23383	1.24074	1.23145	1.23928	249288
2018-03-14 00:00	1.23928	1.24125	1.23471	1.23747	220996
2018-03-15 00:00	1.23746	1.23836	1.23001	1.23062	225224
2018-03-16 00:00	1.23061	1.23360	1.22602	1.22889	195995
2018-03-18 00:00	1.22817	1.22919	1.22799	1.22807	7732
2018-03-19 00:00	1.22807	1.23586	1.22579	1.23365	229515
2018-03-20 00:00	1.23365	1.23545	1.22399	1.22482	237446
2018-03-21 00:00	1.22483	1.23499	1.22467	1.23463	260909
2018-03-22 00:00	1.23464	1.23884	1.22855	1.23239	287747
2018-03-23 00:00	1.23239	1.23733	1.23166	1.23522	250783
2018-03-25 00:00	1.23470	1.23673	1.23470	1.23541	8125
2018-03-26 00:00	1.23541	1.24615	1.23517	1.24572	266406
2018-03-27 00:00	1.24570	1.24765	1.23723	1.24087	311763
2018-03-28 00:00	1.24086	1.24215	1.23001	1.23125	268472
2018-03-29 00:00	1.23124	1.23352	1.22838	1.23018	243554
2018-03-30 00:00	1.23018	1.23305	1.22898	1.23148	76582
2018-04-01 00:00	1.23199	1.23230	1.23124	1.23125	7857
2018-04-02 00:00	1.23127	1.23449	1.22820	1.22931	156716
2018-04-03 00:00	1.22931	1.23352	1.22537	1.22781	226879
2018-04-04 00:00	1.22781	1.23145	1.22570	1.22872	233267
2018-04-05 00:00	1.22873	1.22901	1.22182	1.22485	230145
2018-04-06 00:00	1.22489	1.22907	1.22151	1.22792	264563
2018-04-08 00:00	1.22824	1.22833	1.22656	1.22709	9196
2018-04-10 00:00	1.23206	1.23776	1.23027	1.23627	265915
2018-04-11 00:00	1.23627	1.23964	1.23470	1.23719	301252
2018-04-12 00:00	1.23719	1.23797	1.22993	1.23295	245803
2018-04-13 00:00	1.23293	1.23458	1.23070	1.23282	206961
2018-04-15 00:00	1.23278	1.23366	1.23231	1.23316	6424
2018-04-16 00:00	1.23316	1.23945	1.23242	1.23837	214912
2018-04-17 00:00	1.23837	1.24136	1.23362	1.23724	219241
2018-04-18 00:00	1.23724	1.23971	1.23418	1.23785	233807
2018-04-19 00:00	1.23786	1.24001	1.23290	1.23430	237994
2018-04-20 00:00	1.23430	1.23529	1.22499	1.22846	206001
2018-04-22 00:00	1.22699	1.22880	1.22699	1.22737	10518
2018-04-23 00:00	1.22738	1.22894	1.21977	1.22092	244270
2018-04-24 00:00	1.22094	1.22448	1.21817	1.22372	225407
2018-04-25 00:00	1.22372	1.22372	1.21599	1.21706	230383
2018-04-26 00:00	1.21707	1.22099	1.20962	1.21081	255337
2018-04-27 00:00	1.21081	1.21327	1.20556	1.21291	209453
2018-04-29 00:00	1.21224	1.21290	1.21188	1.21226	8340
2018-04-30 00:00	1.21226	1.21386	1.20643	1.20804	230574
2018-05-01 00:00	1.20815	1.20828	1.19814	1.19910	208497
2018-05-02 00:00	1.19912	1.20316	1.19378	1.19504	272105
2018-05-03 00:00	1.19504	1.20087	1.19479	1.19886	262262
2018-05-04 00:00	1.19886	1.19954	1.19107	1.19550	207816
2018-05-06 00:00	1.19557	1.19640	1.19545	1.19545	6517
2018-05-07 00:00	1.19544	1.19779	1.18975	1.19331	200539
2018-05-08 00:00	1.19331	1.19387	1.18380	1.18671	238099
2018-05-09 00:00	1.18673	1.18969	1.18227	1.18467	239579
2018-05-10 00:00	1.18465	1.19463	1.18440	1.19137	264418
2018-05-11 00:00	1.19137	1.19678	1.18911	1.19395	216413
2018-05-13 00:00	1.19385	1.19555	1.19379	1.19524	9092
2018-05-14 00:00	1.19524	1.19959	1.19231	1.19309	247331
2018-05-15 00:00	1.19310	1.19384	1.18168	1.18203	259230
2018-05-16 00:00	1.18205	1.18541	1.17635	1.18146	278499
2018-05-17 00:00	1.18146	1.18373	1.17765	1.17900	297014
2018-05-18 00:00	1.17900	1.18221	1.17498	1.17689	228027
2018-05-20 00:00	1.17684	1.17756	1.17603	1.17651	10191
2018-05-21 00:00	1.17651	1.17973	1.17165	1.17899	229938
2018-05-22 00:00	1.17899	1.18296	1.17567	1.17878	255281
2018-05-23 00:00	1.17880	1.17889	1.16758	1.17091	311301
2018-05-24 00:00	1.17092	1.17501	1.16906	1.17219	284727
2018-05-25 00:00	1.17220	1.17335	1.16455	1.16478	257292
2018-05-27 00:00	1.16862	1.16920	1.16758	1.16884	14547
2018-05-28 00:00	1.16886	1.17283	1.16073	1.16261	208823
2018-05-29 00:00	1.16264	1.16394	1.15099	1.15375	333588
2018-05-30 00:00	1.15375	1.16759	1.15186	1.16646	317812
2018-05-31 00:00	1.16646	1.17243	1.16410	1.16927	288576
2018-06-01 00:00	1.16922	1.17178	1.16170	1.16584	260821
2018-06-03 00:00	1.16561	1.16689	1.16561	1.16672	6532
2018-06-04 00:00	1.16670	1.17444	1.16670	1.17000	244044
2018-06-05 00:00	1.17000	1.17324	1.16525	1.17261	255736
2018-06-06 00:00	1.17263	1.17956	1.17139	1.17813	245145
2018-06-07 00:00	1.17812	1.18398	1.17810	1.17931	247119
2018-06-08 00:00	1.17931	1.18103	1.17271	1.17666	236194
2018-06-10 00:00	1.17736	1.17857	1.17710	1.17845	6647
2018-06-11 00:00	1.17845	1.18205	1.17715	1.17725	207876
2018-06-12 00:00	1.17726	1.18088	1.17334	1.17475	236712
2018-06-13 00:00	1.17475	1.18047	1.17254	1.18032	240732
2018-06-14 00:00	1.18030	1.18516	1.15607	1.15633	288777
2018-06-15 00:00	1.15629	1.16269	1.15432	1.16059	249108
2018-06-17 00:00	1.15874	1.16020	1.15860	1.15930	8991
2018-06-18 00:00	1.15930	1.16410	1.15653	1.16298	215891
2018-06-19 00:00	1.16297	1.16445	1.15307	1.15881	273938
2018-06-20 00:00	1.15882	1.15999	1.15365	1.15773	246510
2018-06-21 00:00	1.15774	1.16334	1.15082	1.16043	289171
2018-06-22 00:00	1.16043	1.16749	1.16005	1.16561	251498
2018-06-24 00:00	1.16622	1.16728	1.16577	1.16600	13867
2018-06-25 00:00	1.16603	1.17130	1.16286	1.17009	262547
2018-06-26 00:00	1.17009	1.17203	1.16348	1.16493	284542
2018-06-27 00:00	1.16493	1.16720	1.15407	1.15629	334871
2018-06-28 00:00	1.15628	1.16005	1.15271	1.15634	288566
2018-06-29 00:00	1.15634	1.16902	1.15632	1.16827	286262
2018-07-01 00:00	1.16747	1.16900	1.16616	1.16786	16542
2018-07-02 00:00	1.16778	1.16789	1.15911	1.16415	242756
2018-07-03 00:00	1.16413	1.16731	1.16204	1.16589	248261
2018-07-04 00:00	1.16587	1.16817	1.16305	1.16601	194702
2018-07-05 00:00	1.16602	1.17201	1.16500	1.16918	265509
2018-07-06 00:00	1.16919	1.17676	1.16800	1.17444	231724
2018-07-08 00:00	1.17392	1.17541	1.17387	1.17517	12507
2018-07-09 00:00	1.17514	1.17906	1.17326	1.17560	238503
2018-07-10 00:00	1.17560	1.17624	1.16901	1.17279	240897
2018-07-11 00:00	1.17279	1.17580	1.16653	1.16749	280830
2018-07-12 00:00	1.16749	1.16955	1.16497	1.16638	245258
2018-07-13 00:00	1.16637	1.16868	1.16129	1.16843	229298
2018-07-15 00:00	1.16896	1.16912	1.16770	1.16783	8984
2018-07-16 00:00	1.16783	1.17253	1.16756	1.17090	234088
2018-07-17 00:00	1.17090	1.17446	1.16484	1.16530	266360
2018-07-18 00:00	1.16536	1.16648	1.16019	1.16449	258035
2018-07-19 00:00	1.16449	1.16785	1.15748	1.16544	313036
2018-07-20 00:00	1.16547	1.17387	1.16262	1.17196	306305
2018-07-22 00:00	1.17252	1.17453	1.17233	1.17403	13401
2018-07-23 00:00	1.17404	1.17497	1.16836	1.16934	247676
2018-07-24 00:00	1.16934	1.17168	1.16545	1.16845	247152
2018-07-25 00:00	1.16846	1.17387	1.16640	1.17379	260996
2018-07-26 00:00	1.17379	1.17436	1.16379	1.16437	254434
2018-07-27 00:00	1.16436	1.16642	1.16203	1.16559	215416
2018-07-29 00:00	1.16561	1.16604	1.16525	1.16591	7258
2018-07-30 00:00	1.16591	1.17186	1.16479	1.17071	194150
2018-07-31 00:00	1.17071	1.17458	1.16838	1.16891	229829
2018-08-01 00:00	1.16890	1.16994	1.16572	1.16631	229042
2018-08-02 00:00	1.16632	1.16675	1.15816	1.15850	229170
2018-08-05 00:00	1.15663	1.15705	1.15601	1.15615	9090
2018-08-06 00:00	1.15615	1.15702	1.15300	1.15579	205609
2018-08-07 00:00	1.15580	1.16082	1.15515	1.16029	208330
2018-08-08 00:00	1.16029	1.16281	1.15732	1.16092	205568
2018-08-09 00:00	1.16092	1.16192	1.15162	1.15240	227605
2018-08-10 00:00	1.15239	1.15363	1.13881	1.14090	287038
2018-08-12 00:00	1.13710	1.14115	1.13708	1.13946	14123
2018-08-13 00:00	1.13948	1.14328	1.13649	1.14004	266620
2018-08-14 00:00	1.14004	1.14294	1.13302	1.13466	256379
2018-08-15 00:00	1.13466	1.13548	1.13009	1.13416	246693
2018-08-16 00:00	1.13416	1.14091	1.13357	1.13718	244659
2018-08-17 00:00	1.13719	1.14448	1.13663	1.14379	205904
2018-08-19 00:00	1.14371	1.14399	1.14353	1.14378	6486
2018-08-20 00:00	1.14379	1.14931	1.13942	1.14918	221938
2018-08-21 00:00	1.14918	1.16011	1.14854	1.15759	262906
2018-08-22 00:00	1.15761	1.16229	1.15531	1.15857	228387
2018-08-23 00:00	1.15857	1.15906	1.15298	1.15419	228100
2018-08-24 00:00	1.15419	1.16397	1.15381	1.16205	225871
2018-08-26 00:00	1.16141	1.16534	1.16140	1.16451	8817
2018-08-27 00:00	1.16450	1.16935	1.15943	1.16840	204877
2018-08-28 00:00	1.16842	1.17334	1.16625	1.16932	237180
2018-08-29 00:00	1.16932	1.17106	1.16520	1.17093	235439
2018-08-30 00:00	1.17094	1.17181	1.16417	1.16654	240071
2018-08-31 00:00	1.16654	1.16901	1.15845	1.16018	234348
2018-09-02 00:00	1.15961	1.16037	1.15926	1.15980	7131
2018-09-03 00:00	1.15979	1.16278	1.15889	1.16138	163906
2018-09-04 00:00	1.16139	1.16141	1.15301	1.15871	219094
2018-09-05 00:00	1.15872	1.16400	1.15425	1.16344	260129
2018-09-06 00:00	1.16346	1.16592	1.16055	1.16198	233903
2018-09-07 00:00	1.16200	1.16495	1.15506	1.15520	231919
2018-09-09 00:00	1.15483	1.15608	1.15474	1.15607	6048
2018-09-10 00:00	1.15605	1.16161	1.15260	1.15935	195402
2018-09-11 00:00	1.15935	1.16441	1.15654	1.15955	211077
2018-09-12 00:00	1.15954	1.16496	1.15699	1.16253	231828
2018-09-13 00:00	1.16253	1.17009	1.16091	1.16911	222200
2018-09-14 00:00	1.16912	1.17215	1.16206	1.16227	205086
2018-09-16 00:00	1.16223	1.16322	1.16219	1.16234	6215
2018-09-17 00:00	1.16234	1.16981	1.16180	1.16685	187749
2018-09-18 00:00	1.16686	1.17243	1.16521	1.16775	224998
2018-09-19 00:00	1.16777	1.17149	1.16500	1.16740	228795
2018-09-20 00:00	1.16738	1.17845	1.16719	1.17755	241592
2018-09-21 00:00	1.17756	1.18027	1.17327	1.17473	199893
2018-09-23 00:00	1.17432	1.17522	1.17378	1.17485	7617
2018-09-24 00:00	1.17483	1.18153	1.17241	1.17523	203664
2018-09-25 00:00	1.17525	1.17925	1.17310	1.17628	210535
2018-09-26 00:00	1.17629	1.17976	1.17259	1.17469	215612
2018-09-27 00:00	1.17469	1.17571	1.16331	1.16360	269085
2018-09-28 00:00	1.16360	1.16511	1.15698	1.16019	223575
2018-09-30 00:00	1.16171	1.16173	1.16028	1.16052	6517
2018-10-01 00:00	1.16052	1.16246	1.15635	1.15769	203560
2018-10-02 00:00	1.15770	1.15802	1.15052	1.15503	242343
2018-10-03 00:00	1.15503	1.15936	1.14645	1.14764	263707
2018-10-04 00:00	1.14765	1.15426	1.14633	1.15173	230822
2018-10-05 00:00	1.15173	1.15495	1.14838	1.15174	225535
2018-10-07 00:00	1.15210	1.15275	1.15197	1.15238	7580
2018-10-08 00:00	1.15238	1.15296	1.14599	1.14941	187007
2018-10-09 00:00	1.14941	1.15087	1.14321	1.15046	256517
2018-10-10 00:00	1.15046	1.15452	1.14798	1.15330	238171
2018-10-11 00:00	1.15330	1.15994	1.15311	1.15900	290556
2018-10-12 00:00	1.15899	1.16104	1.15343	1.15571	228350
2018-10-14 00:00	1.15372	1.15534	1.15369	1.15504	9899
2018-10-15 00:00	1.15505	1.16061	1.15430	1.15828	213657
2018-10-16 00:00	1.15828	1.16212	1.15660	1.15762	216739
2018-10-17 00:00	1.15763	1.15803	1.14953	1.15011	242891
2018-10-18 00:00	1.15012	1.15272	1.14492	1.14539	249730
2018-10-19 00:00	1.14539	1.15345	1.14331	1.15142	240379
2018-10-21 00:00	1.15149	1.15179	1.15084	1.15105	8604
2018-10-22 00:00	1.15106	1.15501	1.14557	1.14646	223839
2018-10-23 00:00	1.14646	1.14934	1.14392	1.14706	261427
2018-10-24 00:00	1.14706	1.14766	1.13789	1.13988	259351
2018-10-25 00:00	1.13987	1.14326	1.13561	1.13753	246916
2018-10-26 00:00	1.13753	1.14209	1.13355	1.14021	258001
2018-10-28 00:00	1.13921	1.14038	1.13921	1.13980	7212
2018-10-29 00:00	1.13980	1.14163	1.13606	1.13755	244324
2018-10-30 00:00	1.13756	1.13877	1.13404	1.13453	216750
2018-10-31 00:00	1.13452	1.13601	1.13020	1.13161	238871
2018-11-01 00:00	1.13146	1.14241	1.13126	1.14027	256709
2018-11-02 00:00	1.14028	1.14557	1.13722	1.13860	231813
2018-11-04 00:00	1.13863	1.13993	1.13862	1.13976	10996
2018-11-05 00:00	1.13975	1.14239	1.13530	1.14083	214829
2018-11-06 00:00	1.14083	1.14417	1.13913	1.14410	227457
2018-11-07 00:00	1.14410	1.14995	1.13947	1.14325	299472
2018-11-08 00:00	1.14325	1.14465	1.13515	1.13679	253811
2018-11-09 00:00	1.13678	1.13689	1.13161	1.13342	240485
2018-11-11 00:00	1.13182	1.13285	1.13137	1.13237	11793
2018-11-12 00:00	1.13239	1.13305	1.12156	1.12235	236138
2018-11-13 00:00	1.12235	1.13212	1.12218	1.13109	343138
2018-11-14 00:00	1.13111	1.13475	1.12632	1.13121	291523
2018-11-15 00:00	1.13121	1.13622	1.12705	1.13243	291815
2018-11-16 00:00	1.13244	1.14202	1.13216	1.14185	245944
2018-11-18 00:00	1.14133	1.14211	1.14061	1.14136	10796
2018-11-19 00:00	1.14135	1.14644	1.13938	1.14540	204697
2018-11-20 00:00	1.14540	1.14723	1.13587	1.13721	239097
2018-11-21 00:00	1.13720	1.14245	1.13656	1.13884	234290
2018-11-22 00:00	1.13885	1.14340	1.13853	1.14026	170559
2018-11-23 00:00	1.14027	1.14209	1.13275	1.13355	336336
2018-11-25 00:00	1.13401	1.13407	1.13305	1.13374	9720
2018-11-26 00:00	1.13374	1.13837	1.13250	1.13331	228039
2018-11-27 00:00	1.13331	1.13436	1.12775	1.12969	245542
2018-11-28 00:00	1.12970	1.13875	1.12671	1.13674	266373
2018-11-29 00:00	1.13674	1.14016	1.13486	1.13924	264748
2018-11-30 00:00	1.13924	1.14003	1.13054	1.13187	252418
2018-12-02 00:00	1.13499	1.13502	1.13282	1.13421	11397
2018-12-03 00:00	1.13422	1.13796	1.13192	1.13541	243993
2018-12-04 00:00	1.13541	1.14187	1.13185	1.13424	284060
2018-12-05 00:00	1.13425	1.13612	1.13107	1.13487	197090
2018-12-06 00:00	1.13487	1.14123	1.13209	1.13758	280057
2018-12-07 00:00	1.13758	1.14235	1.13603	1.13758	242711
2018-12-09 00:00	1.13909	1.14067	1.13906	1.13995	9641
2018-12-10 00:00	1.13996	1.14426	1.13504	1.13558	256924
2018-12-11 00:00	1.13559	1.14002	1.13062	1.13216	261580
2018-12-12 00:00	1.13215	1.13872	1.13148	1.13725	264788
2018-12-13 00:00	1.13725	1.13932	1.13310	1.13630	251053
2018-12-14 00:00	1.13630	1.13649	1.12699	1.13045	255941
2018-12-16 00:00	1.13008	1.13083	1.12967	1.13041	12073
2018-12-17 00:00	1.13043	1.13577	1.13027	1.13493	213620
2018-12-18 00:00	1.13495	1.14022	1.13366	1.13758	250239
2018-12-19 00:00	1.13756	1.14392	1.13643	1.13865	396077
2018-12-20 00:00	1.13865	1.14859	1.13771	1.14565	521392
2018-12-21 00:00	1.14566	1.14739	1.13559	1.13684	457896
2018-12-23 00:00	1.13692	1.13738	1.13604	1.13723	9259
2018-12-24 00:00	1.13723	1.14384	1.13705	1.13995	364493
2018-12-25 00:00	1.13998	1.14198	1.13892	1.14131	19164
2018-12-26 00:00	1.14132	1.14163	1.13428	1.13601	261296
2018-12-27 00:00	1.13602	1.14540	1.13580	1.14304	556924
2018-12-28 00:00	1.14306	1.14727	1.14299	1.14414	444846
2018-12-30 00:00	1.14331	1.14406	1.14331	1.14389	9854
2018-12-31 00:00	1.14389	1.14674	1.14213	1.14627	306222
2019-01-01 00:00	1.14598	1.14676	1.14566	1.14612	11824
2019-01-02 00:00	1.14612	1.14967	1.13092	1.13121	455432
2019-01-03 00:00	1.13122	1.14110	1.13099	1.13899	494506
2019-01-04 00:00	1.13901	1.14189	1.13456	1.13943	403759
2019-01-06 00:00	1.13955	1.14129	1.13954	1.14102	12462
2019-01-07 00:00	1.14102	1.14826	1.14046	1.14789	362817
2019-01-08 00:00	1.14790	1.14844	1.14222	1.14572	373025
2019-01-09 00:00	1.14573	1.15578	1.14389	1.15541	464486
2019-01-10 00:00	1.15541	1.15697	1.14844	1.15081	501627
2019-01-11 00:00	1.15082	1.15403	1.14580	1.14656	369044
2019-01-13 00:00	1.14589	1.14685	1.14583	1.14597	8472
2019-01-14 00:00	1.14598	1.14820	1.14506	1.14726	347348
2019-01-15 00:00	1.14727	1.14896	1.13819	1.14141	427904
2019-01-16 00:00	1.14140	1.14248	1.13777	1.13994	373040
2019-01-17 00:00	1.13994	1.14059	1.13700	1.13920	380926
2019-01-18 00:00	1.13920	1.14103	1.13532	1.13614	383224
2019-01-20 00:00	1.13603	1.13680	1.13602	1.13650	7086
2019-01-21 00:00	1.13651	1.13910	1.13567	1.13688	237398
2019-01-22 00:00	1.13687	1.13739	1.13361	1.13633	365946
2019-01-23 00:00	1.13634	1.13942	1.13505	1.13861	378525
2019-01-25 00:00	1.13127	1.14176	1.13049	1.14032	421714
2019-01-27 00:00	1.14005	1.14134	1.14004	1.14127	7594
2019-01-28 00:00	1.14127	1.14436	1.13900	1.14294	354885
2019-01-29 00:00	1.14295	1.14501	1.14111	1.14348	424908
2019-01-30 00:00	1.14348	1.15016	1.14062	1.14853	431868
2019-01-31 00:00	1.14852	1.15141	1.14356	1.14474	477026
2019-02-01 00:00	1.14482	1.14884	1.14343	1.14547	398202
2019-02-03 00:00	1.14503	1.14581	1.14503	1.14543	6498
2019-02-04 00:00	1.14543	1.14603	1.14244	1.14349	367156
2019-02-05 00:00	1.14348	1.14404	1.14011	1.14087	331756
2019-02-06 00:00	1.14087	1.14091	1.13608	1.13656	350182
2019-02-07 00:00	1.13655	1.13675	1.13244	1.13382	375741
2019-02-08 00:00	1.13382	1.13508	1.13207	1.13207	330720
2019-02-10 00:00	1.13186	1.13248	1.13148	1.13237	8478
2019-02-11 00:00	1.13239	1.13298	1.12672	1.12785	378817
2019-02-12 00:00	1.12785	1.13396	1.12577	1.13336	404115
2019-02-13 00:00	1.13336	1.13414	1.12490	1.12646	380529
2019-02-14 00:00	1.12646	1.13098	1.12498	1.12947	416704
2019-02-15 00:00	1.12946	1.13061	1.12340	1.12925	428512
2019-02-17 00:00	1.12906	1.12959	1.12889	1.12948	8067
2019-02-18 00:00	1.12948	1.13338	1.12937	1.13114	264438
2019-02-19 00:00	1.13115	1.13574	1.12755	1.13399	408635
2019-02-20 00:00	1.13399	1.13711	1.13249	1.13461	393149
2019-02-21 00:00	1.13461	1.13663	1.13202	1.13398	444397
2019-02-22 00:00	1.13399	1.13556	1.13161	1.13319	385486
2019-02-24 00:00	1.13340	1.13421	1.13281	1.13420	10793
2019-02-25 00:00	1.13421	1.13675	1.13367	1.13647	368445
2019-02-26 00:00	1.13647	1.14027	1.13450	1.13930	417615
2019-02-27 00:00	1.13931	1.14036	1.13622	1.13795	422989
2019-02-28 00:00	1.13796	1.14197	1.13595	1.13729	457484
2019-03-01 00:00	1.13731	1.14085	1.13533	1.13633	405545
2019-03-03 00:00	1.13811	1.13826	1.13722	1.13749	10696
2019-03-04 00:00	1.13749	1.13750	1.13090	1.13362	406409
2019-03-05 00:00	1.13363	1.13384	1.12895	1.13060	394709
2019-03-06 00:00	1.13059	1.13245	1.12855	1.13129	322856
2019-03-07 00:00	1.13130	1.13202	1.11764	1.11980	390842
2019-03-08 00:00	1.11980	1.12461	1.11852	1.12311	374347
2019-03-10 00:00	1.12316	1.12374	1.12304	1.12315	7760
2019-03-11 00:00	1.12315	1.12738	1.12217	1.12591	323934
2019-03-12 00:00	1.12590	1.13049	1.12492	1.12865	320876
2019-03-13 00:00	1.12864	1.13385	1.12773	1.13303	305049
2019-03-14 00:00	1.13304	1.13361	1.12940	1.13064	328509
2019-03-15 00:00	1.13066	1.13443	1.13000	1.13240	289453
2019-03-17 00:00	1.13201	1.13277	1.13189	1.13192	6326
2019-03-18 00:00	1.13193	1.13589	1.13192	1.13360	256618
2019-03-19 00:00	1.13360	1.13615	1.13336	1.13542	272302
2019-03-20 00:00	1.13543	1.14480	1.13354	1.14284	367702
2019-03-21 00:00	1.14282	1.14373	1.13425	1.13737	355416
2019-03-22 00:00	1.13737	1.13905	1.12732	1.13004	402371
2019-03-24 00:00	1.12892	1.13011	1.12883	1.12955	8395
2019-03-25 00:00	1.12956	1.13314	1.12889	1.13151	341806
2019-03-26 00:00	1.13152	1.13259	1.12632	1.12738	336536
2019-03-27 00:00	1.12737	1.12855	1.12421	1.12521	422553
2019-03-28 00:00	1.12518	1.12612	1.12135	1.12298	426460
2019-03-29 00:00	1.12297	1.12466	1.12098	1.12179	424274
2019-03-31 00:00	1.12254	1.12312	1.12199	1.12232	10671
2019-04-01 00:00	1.12231	1.12498	1.11984	1.12049	414217
2019-04-02 00:00	1.12049	1.12160	1.11836	1.12032	437694
2019-04-03 00:00	1.12032	1.12547	1.12019	1.12446	464945
2019-04-04 00:00	1.12447	1.12475	1.12059	1.12222	382604
2019-04-05 00:00	1.12222	1.12472	1.12099	1.12142	331663
2019-04-07 00:00	1.12138	1.12213	1.12118	1.12181	7696
2019-04-08 00:00	1.12181	1.12744	1.12148	1.12555	386554
2019-04-09 00:00	1.12557	1.12842	1.12554	1.12655	384041
2019-04-10 00:00	1.12654	1.12876	1.12294	1.12758	433110
2019-04-11 00:00	1.12759	1.12873	1.12498	1.12601	382606
2019-04-12 00:00	1.12602	1.13239	1.12572	1.12976	401670
2019-04-14 00:00	1.13035	1.13072	1.12991	1.13028	10421
2019-04-15 00:00	1.13029	1.13209	1.12975	1.13043	376600
2019-04-16 00:00	1.13044	1.13139	1.12788	1.12845	478236
2019-04-17 00:00	1.12845	1.13237	1.12813	1.12965	394235
2019-04-18 00:00	1.12964	1.13039	1.12261	1.12349	411986
2019-04-19 00:00	1.12349	1.12476	1.12323	1.12408	106173
2019-04-21 00:00	1.12408	1.12452	1.12373	1.12440	6039
2019-04-22 00:00	1.12440	1.12620	1.12357	1.12584	184848
2019-04-23 00:00	1.12585	1.12612	1.11921	1.12237	366800
2019-04-24 00:00	1.12239	1.12241	1.11406	1.11533	396102
2019-04-25 00:00	1.11534	1.11623	1.11178	1.11353	346841
2019-04-26 00:00	1.11353	1.11739	1.11111	1.11429	341314
2019-04-28 00:00	1.11441	1.11516	1.11441	1.11494	8091
2019-04-29 00:00	1.11494	1.11869	1.11450	1.11848	285598
2019-04-30 00:00	1.11847	1.12290	1.11757	1.12157	320012
2019-05-01 00:00	1.12157	1.12647	1.11870	1.12024	243794
2019-05-03 00:00	1.11728	1.12047	1.11350	1.12007	332896
2019-05-05 00:00	1.11799	1.12003	1.11672	1.11846	20420
2019-05-06 00:00	1.11846	1.12092	1.11790	1.12010	307480
2019-05-07 00:00	1.12011	1.12178	1.11666	1.11895	342116
2019-05-08 00:00	1.11893	1.12136	1.11827	1.11977	370023
2019-05-09 00:00	1.11977	1.12509	1.11734	1.12184	410144
2019-05-10 00:00	1.12185	1.12536	1.12177	1.12329	366672
2019-05-12 00:00	1.12320	1.12408	1.12299	1.12357	10569
2019-05-13 00:00	1.12358	1.12635	1.12191	1.12320	330198
2019-05-14 00:00	1.12320	1.12439	1.12011	1.12032	312735
2019-05-15 00:00	1.12031	1.12245	1.11779	1.12068	344244
2019-05-16 00:00	1.12069	1.12238	1.11662	1.11731	330365
2019-05-17 00:00	1.11730	1.11841	1.11551	1.11563	348245
2019-05-19 00:00	1.11598	1.11666	1.11598	1.11646	9338
2019-05-20 00:00	1.11646	1.11748	1.11506	1.11673	305005
2019-05-21 00:00	1.11673	1.11880	1.11419	1.11643	332998
2019-05-22 00:00	1.11643	1.11802	1.11485	1.11552	286020
2019-05-23 00:00	1.11553	1.11875	1.11070	1.11841	368213
2019-05-24 00:00	1.11841	1.12121	1.11771	1.12043	308643
2019-05-26 00:00	1.12068	1.12068	1.12068	1.12068	3
2019-05-27 00:00	1.12067	1.12151	1.11869	1.11934	192210
2019-05-28 00:00	1.11933	1.11983	1.11592	1.11681	306195
2019-05-29 00:00	1.11682	1.11724	1.11243	1.11366	354136
2019-05-30 00:00	1.11365	1.11433	1.11160	1.11295	300560
2019-05-31 00:00	1.11295	1.11797	1.11251	1.11679	412690
2019-06-02 00:00	1.11607	1.11741	1.11607	1.11736	11259
2019-06-03 00:00	1.11736	1.12619	1.11601	1.12457	373771
2019-06-04 00:00	1.12458	1.12774	1.12267	1.12536	410686
2019-06-05 00:00	1.12535	1.13065	1.12200	1.12286	399171
2019-06-06 00:00	1.12286	1.13090	1.12008	1.12755	363158
2019-06-07 00:00	1.12756	1.13477	1.12512	1.13334	347009
2019-06-09 00:00	1.13220	1.13308	1.13143	1.13190	10595
2019-06-10 00:00	1.13190	1.13243	1.12902	1.13179	319887
2019-06-11 00:00	1.13179	1.13374	1.13013	1.13295	358237
2019-06-12 00:00	1.13295	1.13434	1.12824	1.12924	374899
2019-06-13 00:00	1.12924	1.13037	1.12683	1.12795	353184
2019-06-14 00:00	1.12794	1.12891	1.12024	1.12050	344528
2019-06-16 00:00	1.12089	1.12172	1.12088	1.12155	9785
2019-06-17 00:00	1.12155	1.12470	1.12037	1.12242	244338
2019-06-18 00:00	1.12244	1.12428	1.11813	1.11978	389088
2019-06-19 00:00	1.11978	1.12542	1.11871	1.12357	323584
2019-06-20 00:00	1.12357	1.13173	1.12351	1.12943	428188
2019-06-21 00:00	1.12943	1.13777	1.12830	1.13679	407205
2019-06-23 00:00	1.13695	1.13852	1.13662	1.13850	12484
2019-06-24 00:00	1.13850	1.14039	1.13725	1.13991	295614
2019-06-25 00:00	1.13993	1.14119	1.13442	1.13681	392509
2019-06-26 00:00	1.13680	1.13913	1.13474	1.13735	341504
2019-06-27 00:00	1.13734	1.13814	1.13477	1.13711	305258
2019-06-28 00:00	1.13711	1.13933	1.13506	1.13681	276355
2019-06-30 00:00	1.13595	1.13710	1.13581	1.13602	11940
2019-07-01 00:00	1.13601	1.13640	1.12801	1.12868	303821
2019-07-02 00:00	1.12868	1.13215	1.12751	1.12904	265705
2019-07-03 00:00	1.12904	1.13123	1.12686	1.12873	261461
2019-07-04 00:00	1.12873	1.12951	1.12731	1.12853	139732
2019-07-05 00:00	1.12853	1.12860	1.12073	1.12235	258057
2019-07-07 00:00	1.12215	1.12291	1.12215	1.12267	8230
2019-07-08 00:00	1.12267	1.12344	1.12069	1.12151	213393
2019-07-09 00:00	1.12150	1.12187	1.11933	1.12043	215621
2019-07-10 00:00	1.12043	1.12643	1.12018	1.12583	278494
2019-07-11 00:00	1.12585	1.12857	1.12451	1.12498	283376
2019-07-12 00:00	1.12498	1.12748	1.12381	1.12698	253360
2019-07-14 00:00	1.12666	1.12744	1.12626	1.12710	7059
2019-07-15 00:00	1.12711	1.12838	1.12532	1.12597	213583
2019-07-16 00:00	1.12598	1.12634	1.12018	1.12116	259576
2019-07-17 00:00	1.12117	1.12335	1.11997	1.12273	224763
2019-07-18 00:00	1.12273	1.12820	1.12051	1.12610	316729
2019-07-19 00:00	1.12608	1.12683	1.12033	1.12192	282447
2019-07-21 00:00	1.12150	1.12197	1.12140	1.12175	9741
2019-07-22 00:00	1.12175	1.12253	1.12037	1.12042	227141
2019-07-23 00:00	1.12042	1.12080	1.11457	1.11508	268183
2019-07-24 00:00	1.11508	1.11558	1.11269	1.11419	271754
2019-07-25 00:00	1.11420	1.11877	1.11013	1.11448	359881
2019-07-26 00:00	1.11447	1.11509	1.11120	1.11247	260347
2019-07-28 00:00	1.11246	1.11325	1.11223	1.11295	5742
2019-07-29 00:00	1.11295	1.11509	1.11128	1.11423	232853
2019-07-30 00:00	1.11424	1.11610	1.11321	1.11568	277033
2019-07-31 00:00	1.11568	1.11620	1.10600	1.10710	355155
2019-08-01 00:00	1.10715	1.10958	1.10268	1.10788	467632
2019-08-02 00:00	1.10789	1.11164	1.10696	1.11057	464098
2019-08-04 00:00	1.11042	1.11138	1.11033	1.11075	12836
2019-08-05 00:00	1.11079	1.12453	1.11064	1.12418	476038
2019-08-06 00:00	1.12418	1.12497	1.11675	1.12054	417947
2019-08-07 00:00	1.12053	1.12417	1.11791	1.12039	451358
2019-08-08 00:00	1.12038	1.12323	1.11769	1.11861	340922
2019-08-09 00:00	1.11861	1.12229	1.11833	1.11969	284953
2019-08-11 00:00	1.11978	1.12080	1.11967	1.12073	7076
2019-08-12 00:00	1.12074	1.12306	1.11619	1.12162	319327
2019-08-13 00:00	1.12162	1.12285	1.11698	1.11764	377050
2019-08-14 00:00	1.11764	1.11908	1.11305	1.11428	345276
2019-08-15 00:00	1.11428	1.11583	1.10913	1.11103	416603
2019-08-16 00:00	1.11105	1.11113	1.10662	1.10899	239910
2019-08-18 00:00	1.10925	1.11010	1.10895	1.10919	7224
2019-08-19 00:00	1.10918	1.11137	1.10760	1.10814	198718
2019-08-20 00:00	1.10816	1.11066	1.10655	1.10972	202918
2019-08-21 00:00	1.10970	1.11070	1.10804	1.10901	170943
2019-08-22 00:00	1.10903	1.11130	1.10635	1.10836	215739
2019-08-23 00:00	1.10835	1.11532	1.10516	1.11360	234783
2019-08-25 00:00	1.11507	1.11639	1.11393	1.11433	15735
2019-08-26 00:00	1.11433	1.11529	1.10942	1.11013	276132
2019-08-27 00:00	1.11012	1.11159	1.10855	1.10893	211955
2019-08-28 00:00	1.10894	1.10978	1.10733	1.10855	211330
2019-08-29 00:00	1.10856	1.10930	1.10419	1.10589	208777
2019-08-30 00:00	1.10589	1.10599	1.09632	1.09905	165280
2019-09-01 00:00	1.09893	1.09962	1.09831	1.09904	3345
2019-09-02 00:00	1.09903	1.09931	1.09580	1.09641	46418
2019-09-03 00:00	1.09641	1.09786	1.09260	1.09725	134829
2019-09-04 00:00	1.09725	1.10383	1.09715	1.10347	161292
2019-09-05 00:00	1.10346	1.10847	1.10166	1.10340	173379
2019-09-06 00:00	1.10340	1.10572	1.10201	1.10250	155142
2019-09-08 00:00	1.10260	1.10275	1.10195	1.10201	3742
2019-09-09 00:00	1.10202	1.10680	1.10153	1.10469	134509
2019-09-10 00:00	1.10469	1.10595	1.10305	1.10501	131831
2019-09-11 00:00	1.10501	1.10555	1.09851	1.10135	127685
2019-09-12 00:00	1.10134	1.10871	1.09268	1.10561	201754
2019-09-13 00:00	1.10560	1.11094	1.10560	1.10707	159532
2019-09-15 00:00	1.10732	1.10863	1.10695	1.10831	5491
2019-09-16 00:00	1.10831	1.10843	1.09932	1.10031	142912
2019-09-17 00:00	1.10030	1.10755	1.09901	1.10736	170451
2019-09-18 00:00	1.10737	1.10746	1.10136	1.10291	157380
2019-09-19 00:00	1.10291	1.10735	1.10229	1.10446	198744
2019-09-20 00:00	1.10444	1.10676	1.09961	1.10169	173528
2019-09-22 00:00	1.10136	1.10197	1.10106	1.10185	4664
2019-09-23 00:00	1.10185	1.10253	1.09661	1.09939	178416
2019-09-24 00:00	1.09938	1.10240	1.09837	1.10135	183276
2019-09-25 00:00	1.10134	1.10168	1.09374	1.09511	196610
2019-09-26 00:00	1.09511	1.09672	1.09087	1.09222	191181
2019-09-27 00:00	1.09223	1.09586	1.09046	1.09367	176760
2019-09-29 00:00	1.09419	1.09461	1.09391	1.09422	3957
2019-09-30 00:00	1.09421	1.09478	1.08847	1.08991	175502
2019-10-01 00:00	1.08992	1.09428	1.08790	1.09339	214511
2019-10-02 00:00	1.09340	1.09636	1.09040	1.09605	200602
2019-10-03 00:00	1.09604	1.09992	1.09408	1.09744	219930
2019-10-04 00:00	1.09745	1.09990	1.09570	1.09760	184200
2019-10-06 00:00	1.09803	1.09838	1.09728	1.09832	4588
2019-10-07 00:00	1.09832	1.10004	1.09619	1.09715	167550
2019-10-08 00:00	1.09716	1.09958	1.09409	1.09597	217162
2019-10-09 00:00	1.09597	1.09900	1.09548	1.09842	185452
2019-10-10 00:00	1.09841	1.10337	1.09797	1.10106	230083
2019-10-11 00:00	1.10105	1.10626	1.10007	1.10329	245435
2019-10-13 00:00	1.10316	1.10385	1.10250	1.10282	6679
2019-10-14 00:00	1.10281	1.10426	1.10128	1.10259	155446
2019-10-15 00:00	1.10258	1.10459	1.09912	1.10344	223315
2019-10-16 00:00	1.10344	1.10855	1.10223	1.10737	232692
2019-10-17 00:00	1.10738	1.11398	1.10650	1.11244	223616
2019-10-18 00:00	1.11245	1.11719	1.11145	1.11703	140626
2019-10-20 00:00	1.11607	1.11634	1.11494	1.11558	6312
2019-10-21 00:00	1.11559	1.11793	1.11386	1.11515	124239
2019-10-22 00:00	1.11517	1.11568	1.11176	1.11289	125255
2019-10-23 00:00	1.11288	1.11405	1.11061	1.11322	112984
2019-10-24 00:00	1.11322	1.11627	1.10930	1.11034	149020
2019-10-25 00:00	1.11035	1.11229	1.10729	1.10790	100752
2019-10-27 00:00	1.10800	1.10840	1.10774	1.10839	3106
2019-10-28 00:00	1.10839	1.11065	1.10760	1.10982	106339
2019-10-29 00:00	1.10982	1.11183	1.10735	1.11120	122576
2019-10-30 00:00	1.11119	1.11554	1.10801	1.11521	137743
2019-10-31 00:00	1.11521	1.11755	1.11314	1.11564	149048
2019-11-01 00:00	1.11559	1.11718	1.11281	1.11641	126854
2019-11-03 00:00	1.11684	1.11696	1.11639	1.11661	1648
2019-11-04 00:00	1.11660	1.11753	1.11218	1.11279	109788
2019-11-05 00:00	1.11279	1.11401	1.10635	1.10738	152023
2019-11-06 00:00	1.10739	1.10928	1.10651	1.10700	124114
2019-11-07 00:00	1.10699	1.10914	1.10360	1.10523	155085
2019-11-08 00:00	1.10524	1.10554	1.10167	1.10176	116889
2019-11-10 00:00	1.10230	1.10231	1.10191	1.10218	1364
2019-11-11 00:00	1.10217	1.10430	1.10163	1.10347	86702
2019-11-12 00:00	1.10347	1.10385	1.10025	1.10120	120038
2019-11-13 00:00	1.10120	1.10203	1.09953	1.10096	121189
2019-11-14 00:00	1.10096	1.10274	1.09890	1.10197	116541
2019-11-15 00:00	1.10198	1.10569	1.10145	1.10494	109547
2019-11-17 00:00	1.10489	1.10545	1.10487	1.10539	3893
2019-11-18 00:00	1.10540	1.10899	1.10533	1.10722	112905
2019-11-19 00:00	1.10721	1.10839	1.10626	1.10779	109982
2019-11-20 00:00	1.10781	1.10813	1.10530	1.10779	129500
2019-11-21 00:00	1.10779	1.10969	1.10522	1.10656	126594
2019-11-22 00:00	1.10657	1.10872	1.10143	1.10179	176388
2019-11-24 00:00	1.10170	1.10225	1.10162	1.10225	3679
2019-11-25 00:00	1.10225	1.10321	1.10035	1.10104	115085
2019-11-26 00:00	1.10105	1.10256	1.10071	1.10220	111065
2019-11-27 00:00	1.10220	1.10222	1.09922	1.10048	117367
2019-11-28 00:00	1.10049	1.10179	1.10003	1.10113	74291
2019-11-29 00:00	1.10113	1.10282	1.09811	1.10150	101428
2019-12-01 00:00	1.10229	1.10269	1.10170	1.10182	2964
2019-12-02 00:00	1.10182	1.10907	1.10029	1.10761	132805
2019-12-03 00:00	1.10760	1.10934	1.10660	1.10818	129712
2019-12-04 00:00	1.10819	1.11161	1.10666	1.10827	151498
2019-12-05 00:00	1.10824	1.11080	1.10793	1.11038	123805
2019-12-06 00:00	1.11039	1.11097	1.10398	1.10543	120864
2019-12-08 00:00	1.10580	1.10604	1.10562	1.10582	1991
2019-12-09 00:00	1.10581	1.10779	1.10533	1.10643	109033
2019-12-10 00:00	1.10642	1.10977	1.10628	1.10923	129526
2019-12-11 00:00	1.10923	1.11448	1.10701	1.11325	144934
2019-12-12 00:00	1.11326	1.11995	1.11029	1.11833	192601
2019-12-13 00:00	1.11833	1.11860	1.11120	1.11174	211782
2019-12-15 00:00	1.11280	1.11309	1.11225	1.11242	4382
2019-12-16 00:00	1.11241	1.11581	1.11229	1.11355	151076
2019-12-17 00:00	1.11355	1.11746	1.11293	1.11514	151625
2019-12-18 00:00	1.11512	1.11512	1.11105	1.11154	146606
2019-12-19 00:00	1.11154	1.11442	1.11072	1.11231	157723
2019-12-20 00:00	1.11231	1.11236	1.10662	1.10769	130723
2019-12-22 00:00	1.10810	1.10813	1.10766	1.10802	2563
2019-12-23 00:00	1.10801	1.10958	1.10699	1.10917	108280
2019-12-24 00:00	1.10918	1.10938	1.10690	1.10873	80977
2019-12-25 00:00	1.10873	1.10953	1.10730	1.10944	4932
2019-12-26 00:00	1.10944	1.11088	1.10821	1.11012	52510
2019-12-27 00:00	1.11013	1.11883	1.10987	1.11713	124592
2019-12-29 00:00	1.11736	1.11839	1.11718	1.11813	3219
2019-12-30 00:00	1.11812	1.12207	1.11806	1.12013	130775
2019-12-31 00:00	1.12013	1.12391	1.11987	1.12072	107775
2020-01-01 00:00	1.12120	1.12218	1.12106	1.12188	2631
2020-01-02 00:00	1.12188	1.12245	1.11635	1.11708	487247
2020-01-03 00:00	1.11707	1.11798	1.11249	1.11548	177422
2020-01-05 00:00	1.11656	1.11677	1.11589	1.11604	4401
2020-01-06 00:00	1.11603	1.12055	1.11571	1.11954	139986
2020-01-07 00:00	1.11953	1.11970	1.11335	1.11540	155625
2020-01-08 00:00	1.11539	1.11682	1.11016	1.11129	195248
2020-01-09 00:00	1.11130	1.11204	1.10924	1.11093	142847
2020-01-10 00:00	1.11092	1.11291	1.10850	1.11165	126777
2020-01-12 00:00	1.11141	1.11209	1.11128	1.11161	1899
2020-01-13 00:00	1.11161	1.11469	1.11125	1.11344	121444
2020-01-14 00:00	1.11344	1.11444	1.11045	1.11275	137190
2020-01-15 00:00	1.11276	1.11634	1.11185	1.11524	149735
2020-01-16 00:00	1.11524	1.11727	1.11279	1.11368	132792
2020-01-17 00:00	1.11368	1.11425	1.10862	1.10890	123860
2020-01-19 00:00	1.10910	1.10948	1.10889	1.10946	3280
2020-01-20 00:00	1.10946	1.11023	1.10766	1.10962	97617
2020-01-21 00:00	1.10963	1.11179	1.10809	1.10851	133297
2020-01-22 00:00	1.10851	1.10984	1.10700	1.10957	134184
2020-01-23 00:00	1.10956	1.11087	1.10362	1.10554	170435
2020-01-24 00:00	1.10554	1.10617	1.10195	1.10224	123754
2020-01-26 00:00	1.10318	1.10343	1.10244	1.10245	10940
2020-01-27 00:00	1.10245	1.10375	1.10096	1.10193	126592
2020-01-28 00:00	1.10193	1.10252	1.09978	1.10220	122880
2020-01-29 00:00	1.10220	1.10276	1.09923	1.10138	122836
2020-01-30 00:00	1.10138	1.10393	1.10069	1.10285	143395
2020-01-31 00:00	1.10285	1.10954	1.10168	1.10944	141189
2020-02-02 00:00	1.10939	1.10939	1.10813	1.10890	4191
2020-02-03 00:00	1.10890	1.10890	1.10356	1.10623	134301
2020-02-04 00:00	1.10623	1.10641	1.10328	1.10446	113722
2020-02-05 00:00	1.10449	1.10479	1.09937	1.10003	122284
2020-02-06 00:00	1.10003	1.10138	1.09644	1.09806	102188
2020-02-07 00:00	1.09809	1.09849	1.09419	1.09438	130379
2020-02-09 00:00	1.09439	1.09507	1.09419	1.09491	3796
2020-02-10 00:00	1.09491	1.09574	1.09076	1.09101	103269
2020-02-11 00:00	1.09103	1.09248	1.08913	1.09189	96233
2020-02-12 00:00	1.09187	1.09255	1.08654	1.08756	2979097
2020-02-13 00:00	1.08755	1.08887	1.08340	1.08413	336731
2020-02-14 00:00	1.08415	1.08611	1.08271	1.08299	118361
2020-02-16 00:00	1.08406	1.08416	1.08355	1.08411	3470
2020-02-17 00:00	1.08411	1.08509	1.08291	1.08366	74839
2020-02-18 00:00	1.08365	1.08372	1.07854	1.07949	131588
2020-02-19 00:00	1.07949	1.08115	1.07822	1.08096	105176
2020-02-20 00:00	1.08095	1.08211	1.07778	1.07875	154026
2020-02-21 00:00	1.07875	1.08635	1.07871	1.08456	187654
2020-02-23 00:00	1.08145	1.08419	1.08132	1.08384	7695
2020-02-24 00:00	1.08385	1.08720	1.08050	1.08485	174358
2020-02-25 00:00	1.08485	1.08902	1.08300	1.08797	183233
2020-02-26 00:00	1.08796	1.09086	1.08549	1.08864	188227
2020-02-27 00:00	1.08865	1.10064	1.08848	1.09963	216936
2020-02-28 00:00	1.09964	1.10530	1.09509	1.10251	247663
2020-03-01 00:00	1.10423	1.10739	1.10393	1.10515	7533
2020-03-02 00:00	1.10516	1.11845	1.10362	1.11443	247038
2020-03-03 00:00	1.11443	1.12134	1.10953	1.11765	214831
2020-03-04 00:00	1.11765	1.11875	1.10955	1.11380	163862
2020-03-05 00:00	1.11382	1.12447	1.11195	1.12224	194629
2020-03-06 00:00	1.12224	1.13546	1.12112	1.12804	236547
2020-03-08 00:00	1.13473	1.13963	1.13350	1.13876	17978
2020-03-09 00:00	1.13876	1.14954	1.13559	1.13989	291484
2020-03-10 00:00	1.13989	1.14251	1.12749	1.13136	263081
2020-03-11 00:00	1.13136	1.13667	1.12501	1.12611	198271
2020-03-12 00:00	1.12612	1.13336	1.10550	1.11823	262653
2020-03-13 00:00	1.11822	1.12213	1.10550	1.10992	229628
2020-03-15 00:00	1.10705	1.11996	1.10705	1.11560	30728
2020-03-16 00:00	1.11560	1.12366	1.10849	1.11633	278546
2020-03-17 00:00	1.11632	1.11891	1.09550	1.10160	277098
2020-03-18 00:00	1.10161	1.10451	1.08016	1.09442	323485
2020-03-19 00:00	1.09442	1.09490	1.06542	1.06544	299830
2020-03-20 00:00	1.06543	1.08309	1.06375	1.06929	470361
2020-03-22 00:00	1.07011	1.07044	1.06357	1.06886	36038
2020-03-23 00:00	1.06886	1.08279	1.06577	1.07635	443006
2020-03-24 00:00	1.07633	1.08879	1.07457	1.07977	343207
2020-03-25 00:00	1.07978	1.08938	1.07599	1.08884	296534
2020-03-26 00:00	1.08882	1.10589	1.08742	1.10475	281332
2020-03-27 00:00	1.10475	1.11473	1.09533	1.11379	250789
2020-03-29 00:00	1.11172	1.11440	1.11049	1.11361	8315
2020-03-30 00:00	1.11361	1.11383	1.10100	1.10290	193351
2020-03-31 00:00	1.10289	1.10427	1.09265	1.10259	319590
2020-04-01 00:00	1.10260	1.10361	1.09026	1.09513	272227
2020-04-02 00:00	1.09514	1.09644	1.08206	1.08460	293229
2020-04-03 00:00	1.08459	1.08553	1.07727	1.07955	264084
2020-04-05 00:00	1.08082	1.08214	1.08026	1.08053	23176
2020-04-06 00:00	1.08053	1.08354	1.07683	1.07988	274569
2020-04-07 00:00	1.07988	1.09263	1.07904	1.08935	281130
2020-04-08 00:00	1.08934	1.08969	1.08299	1.08599	231755
2020-04-09 00:00	1.08598	1.09516	1.08409	1.09226	263070
2020-04-10 00:00	1.09226	1.09524	1.09192	1.09326	143888
2020-04-12 00:00	1.09482	1.09482	1.09304	1.09315	7195
2020-04-13 00:00	1.09314	1.09678	1.08926	1.09198	164640
2020-04-14 00:00	1.09197	1.09907	1.09149	1.09834	226866
2020-04-15 00:00	1.09832	1.09872	1.08564	1.09037	241946
2020-04-16 00:00	1.09036	1.09072	1.08166	1.08584	281483
2020-04-17 00:00	1.08588	1.08926	1.08119	1.08711	249750
2020-04-19 00:00	1.08748	1.08777	1.08634	1.08635	7591
2020-04-20 00:00	1.08635	1.08967	1.08411	1.08637	209670
2020-04-21 00:00	1.08636	1.08802	1.08165	1.08563	265128
2020-04-22 00:00	1.08563	1.08852	1.08032	1.08062	216291
2020-04-23 00:00	1.08062	1.08466	1.07560	1.07743	280009
2020-04-24 00:00	1.07743	1.08294	1.07271	1.08196	228547
2020-04-26 00:00	1.08211	1.08228	1.08146	1.08209	5396
2020-04-27 00:00	1.08208	1.08602	1.08112	1.08245	208274
2020-04-28 00:00	1.08244	1.08884	1.08097	1.08324	211884
2020-04-29 00:00	1.08324	1.08856	1.08308	1.08772	215395
2020-04-30 00:00	1.08770	1.09726	1.08330	1.09448	291710
2020-05-01 00:00	1.09447	1.10187	1.09344	1.09777	184970
2020-05-03 00:00	1.09676	1.09736	1.09529	1.09608	10653
2020-05-04 00:00	1.09608	1.09609	1.08956	1.09030	214135
2020-05-05 00:00	1.09031	1.09258	1.08258	1.08384	236421
2020-05-06 00:00	1.08385	1.08438	1.07819	1.07980	241136
2020-05-07 00:00	1.07980	1.08408	1.07665	1.08361	233075
2020-05-08 00:00	1.08360	1.08756	1.08151	1.08371	163419
2020-05-10 00:00	1.08265	1.08395	1.08239	1.08377	8717
2020-05-11 00:00	1.08377	1.08504	1.08005	1.08093	212812
2020-05-12 00:00	1.08093	1.08851	1.07843	1.08454	207058
2020-05-13 00:00	1.08455	1.08965	1.08116	1.08210	229006
2020-05-14 00:00	1.08210	1.08239	1.07748	1.08060	214011
2020-05-15 00:00	1.08061	1.08509	1.07888	1.08183	198828
2020-05-17 00:00	1.08088	1.08231	1.08067	1.08186	6918
2020-05-18 00:00	1.08186	1.09270	1.07999	1.09139	204154
2020-05-19 00:00	1.09138	1.09759	1.09021	1.09260	247844
2020-05-20 00:00	1.09262	1.09989	1.09262	1.09796	211275
2020-05-21 00:00	1.09794	1.10083	1.09371	1.09490	175881
2020-05-22 00:00	1.09491	1.09535	1.08852	1.08980	156635
2020-05-24 00:00	1.08956	1.09083	1.08951	1.09079	4085
2020-05-25 00:00	1.09080	1.09144	1.08706	1.09016	98796
2020-05-26 00:00	1.09015	1.09957	1.08969	1.09784	207554
2020-05-27 00:00	1.09785	1.10307	1.09340	1.10166	319495
2020-05-28 00:00	1.10165	1.10934	1.09916	1.10779	231206
2020-05-29 00:00	1.10778	1.11451	1.10698	1.11036	373020
2020-05-31 00:00	1.11129	1.11195	1.11023	1.11156	9222
2020-06-01 00:00	1.11155	1.11540	1.11004	1.11251	240621
2020-06-02 00:00	1.11252	1.11959	1.11151	1.11851	276689
2020-06-03 00:00	1.11850	1.12577	1.11795	1.12349	242099
2020-06-04 00:00	1.12350	1.13623	1.11947	1.13354	275765
2020-06-05 00:00	1.13357	1.13836	1.12784	1.12911	263548
2020-06-07 00:00	1.12934	1.13198	1.12930	1.13160	6425
2020-06-08 00:00	1.13160	1.13185	1.12682	1.13040	199315
2020-06-09 00:00	1.13040	1.13638	1.12409	1.13320	237767
2020-06-10 00:00	1.13320	1.14224	1.13219	1.13667	252825
2020-06-11 00:00	1.13668	1.14036	1.12870	1.12879	306084
2020-06-12 00:00	1.12881	1.13405	1.12125	1.12550	296442
2020-06-14 00:00	1.12329	1.12582	1.12262	1.12515	17512
2020-06-15 00:00	1.12516	1.13380	1.12267	1.13375	281651
2020-06-16 00:00	1.13376	1.13532	1.12278	1.12648	237647
2020-06-17 00:00	1.12649	1.12939	1.12068	1.12419	248307
2020-06-18 00:00	1.12419	1.12613	1.11854	1.12076	234918
2020-06-19 00:00	1.12075	1.12542	1.11680	1.11759	232217
2020-06-21 00:00	1.11835	1.11874	1.11684	1.11766	6136
2020-06-22 00:00	1.11766	1.12809	1.11737	1.12776	184249
2020-06-23 00:00	1.12775	1.13486	1.12330	1.13124	233941
2020-06-24 00:00	1.13124	1.13257	1.12481	1.12499	231643
2020-06-25 00:00	1.12500	1.12597	1.11903	1.12179	240794
2020-06-26 00:00	1.12179	1.12393	1.11951	1.12170	162429
2020-06-28 00:00	1.12149	1.12280	1.12149	1.12219	5283
2020-06-29 00:00	1.12219	1.12879	1.12193	1.12467	181086
2020-06-30 00:00	1.12466	1.12619	1.11910	1.12335	194390
2020-07-01 00:00	1.12336	1.12751	1.11848	1.12511	189149
2020-07-02 00:00	1.12511	1.13026	1.12233	1.12372	183478
2020-07-03 00:00	1.12373	1.12518	1.12192	1.12464	140506
2020-07-05 00:00	1.12433	1.12494	1.12411	1.12466	2530
2020-07-06 00:00	1.12467	1.13454	1.12467	1.13123	145701
2020-07-07 00:00	1.13123	1.13325	1.12588	1.12744	162692
2020-07-08 00:00	1.12745	1.13518	1.12623	1.13372	163848
2020-07-09 00:00	1.13372	1.13706	1.12801	1.12879	195462
2020-07-10 00:00	1.12881	1.13247	1.12547	1.12990	178152
2020-07-12 00:00	1.13039	1.13173	1.13026	1.13085	5808
2020-07-13 00:00	1.13086	1.13748	1.13008	1.13447	248161
2020-07-14 00:00	1.13447	1.14123	1.13251	1.14099	354215
2020-07-16 00:00	1.14168	1.14417	1.13704	1.13878	293650
2020-07-17 00:00	1.13877	1.14436	1.13774	1.14269	168995
2020-07-19 00:00	1.14084	1.14456	1.14084	1.14421	7686
2020-07-20 00:00	1.14421	1.14677	1.14023	1.14557	284685
2020-07-21 00:00	1.14559	1.15423	1.14228	1.15350	385754
2020-07-22 00:00	1.15350	1.16013	1.15068	1.15646	468593
2020-07-23 00:00	1.15647	1.16268	1.15403	1.15952	357357
2020-07-24 00:00	1.15953	1.16580	1.15812	1.16546	407292
2020-07-26 00:00	1.16430	1.16555	1.16413	1.16495	16073
2020-07-27 00:00	1.16496	1.17813	1.16494	1.17682	338708
2020-07-28 00:00	1.17681	1.17736	1.16987	1.17185	336540
2020-07-29 00:00	1.17185	1.18061	1.17139	1.17806	341913
2020-07-30 00:00	1.17809	1.18762	1.17308	1.18719	354848
2020-07-31 00:00	1.18718	1.19087	1.17617	1.17753	553540
2020-08-02 00:00	1.17725	1.17966	1.17717	1.17810	7704
2020-08-03 00:00	1.17809	1.17887	1.16959	1.17603	312768
2020-08-04 00:00	1.17603	1.18148	1.17211	1.18136	449655
2020-08-05 00:00	1.18135	1.19048	1.17992	1.18720	1039928
2020-08-06 00:00	1.18721	1.19160	1.18179	1.18752	1280282
2020-08-07 00:00	1.18753	1.18818	1.17551	1.17862	430363
2020-08-09 00:00	1.17886	1.17896	1.17732	1.17810	7017
2020-08-10 00:00	1.17810	1.18006	1.17357	1.17360	299076
2020-08-11 00:00	1.17360	1.18080	1.17219	1.17347	587901
2020-08-12 00:00	1.17348	1.18170	1.17110	1.17939	617140
2020-08-13 00:00	1.17939	1.18641	1.17934	1.18155	453065
2020-08-14 00:00	1.18153	1.18503	1.17817	1.18414	329638
2020-08-16 00:00	1.18389	1.18528	1.18324	1.18518	3812
2020-08-17 00:00	1.18518	1.18809	1.18286	1.18745	302913
2020-08-18 00:00	1.18745	1.19656	1.18742	1.19464	326671
2020-08-19 00:00	1.19463	1.19526	1.18302	1.18437	530325
2020-08-20 00:00	1.18440	1.18711	1.18019	1.18695	426158
2020-08-21 00:00	1.18694	1.18828	1.17541	1.17949	382696
2020-08-23 00:00	1.17911	1.18065	1.17911	1.17981	6344
2020-08-24 00:00	1.17981	1.18495	1.17841	1.17934	214796
2020-08-25 00:00	1.17934	1.18435	1.17841	1.18339	421874
2020-08-26 00:00	1.18340	1.18406	1.17721	1.18400	274334
2020-08-27 00:00	1.18403	1.19018	1.17623	1.18205	467463
2020-08-28 00:00	1.18205	1.19197	1.18109	1.19018	567105
2020-08-30 00:00	1.18998	1.19202	1.18996	1.19171	8337
2020-08-31 00:00	1.19170	1.19660	1.18840	1.19367	995810
2020-09-01 00:00	1.19368	1.20113	1.19013	1.19226	376211
2020-09-02 00:00	1.19224	1.19239	1.18221	1.18457	739073
2020-09-03 00:00	1.18458	1.18646	1.17889	1.18412	892495
2020-09-04 00:00	1.18413	1.18654	1.17809	1.18371	952444
2020-09-06 00:00	1.18432	1.18469	1.18319	1.18342	15550
2020-09-07 00:00	1.18342	1.18486	1.18116	1.18188	471442
2020-09-08 00:00	1.18187	1.18273	1.17570	1.17667	908457
2020-09-09 00:00	1.17667	1.18339	1.17527	1.18037	842889
2020-09-10 00:00	1.18035	1.19175	1.18004	1.18234	1083345
2020-09-11 00:00	1.18237	1.18741	1.18237	1.18453	905065
2020-09-13 00:00	1.18348	1.18473	1.18347	1.18404	20612
2020-09-14 00:00	1.18404	1.18880	1.18319	1.18671	900798
2020-09-15 00:00	1.18670	1.19005	1.18395	1.18419	893131
2020-09-16 00:00	1.18420	1.18825	1.17876	1.18045	998109
2020-09-17 00:00	1.18043	1.18561	1.17373	1.18468	1401773
2020-09-18 00:00	1.18468	1.18705	1.18260	1.18385	1078631
2020-09-20 00:00	1.18369	1.18498	1.18369	1.18456	29090
2020-09-21 00:00	1.18455	1.18717	1.17317	1.17626	1313004
2020-09-22 00:00	1.17627	1.17715	1.16916	1.17059	1027218
2020-09-23 00:00	1.17060	1.17188	1.16513	1.16568	1089510
2020-09-24 00:00	1.16567	1.16869	1.16265	1.16735	1080761
2020-09-25 00:00	1.16735	1.16850	1.16121	1.16277	973131
2020-09-27 00:00	1.16271	1.16377	1.16206	1.16341	14367
2020-09-28 00:00	1.16341	1.16799	1.16150	1.16768	1029121
2020-09-29 00:00	1.16768	1.17457	1.16652	1.17414	978170
2020-09-30 00:00	1.17414	1.17548	1.16847	1.17232	1342334
2020-10-01 00:00	1.17234	1.17696	1.17171	1.17439	1320034
2020-10-02 00:00	1.17439	1.17445	1.16956	1.17157	1382599
2020-10-04 00:00	1.17110	1.17201	1.17053	1.17195	34538
2020-10-05 00:00	1.17195	1.17975	1.17176	1.17891	1035160
2020-10-06 00:00	1.17889	1.18077	1.17302	1.17371	1216173
2020-10-07 00:00	1.17370	1.17818	1.17249	1.17657	1176371
2020-10-08 00:00	1.17657	1.17816	1.17326	1.17668	1112872
2020-10-09 00:00	1.17667	1.18310	1.17576	1.18248	1032618
2020-10-11 00:00	1.18103	1.18226	1.18102	1.18157	28737
2020-10-12 00:00	1.18156	1.18266	1.17867	1.18129	950522
2020-10-13 00:00	1.18127	1.18139	1.17304	1.17420	1201647
2020-10-14 00:00	1.17419	1.17710	1.17199	1.17447	1142152
2020-10-15 00:00	1.17444	1.17578	1.16884	1.17064	1050049
2020-10-16 00:00	1.17065	1.17462	1.16939	1.17132	929532
2020-10-18 00:00	1.17181	1.17209	1.17112	1.17156	8784
2020-10-19 00:00	1.17154	1.17936	1.17031	1.17683	689675
2020-10-20 00:00	1.17683	1.18407	1.17598	1.18290	811258
2020-10-21 00:00	1.18289	1.18807	1.18280	1.18516	948221
2020-10-22 00:00	1.18516	1.18668	1.18114	1.18146	932253
2020-10-23 00:00	1.18143	1.18648	1.17866	1.18572	878059
2020-10-25 00:00	1.18546	1.18605	1.18392	1.18479	21796
2020-10-26 00:00	1.18479	1.18504	1.18032	1.18091	845760
2020-10-27 00:00	1.18092	1.18387	1.17695	1.17815	814000
2020-10-28 00:00	1.17818	1.17879	1.17178	1.17482	1028904
2020-10-29 00:00	1.17482	1.17587	1.16501	1.16783	779709
2020-10-30 00:00	1.16782	1.17042	1.16400	1.16431	900547
2020-11-01 00:00	1.16498	1.16503	1.16386	1.16416	10972
2020-11-02 00:00	1.16415	1.16557	1.16221	1.16404	827464
2020-11-03 00:00	1.16405	1.17639	1.16372	1.17616	660777
2020-11-04 00:00	1.17617	1.17704	1.16026	1.17321	1295230
2020-11-05 00:00	1.17321	1.18596	1.17107	1.18167	954533
2020-11-06 00:00	1.18169	1.18908	1.17952	1.18700	499448
2020-11-08 00:00	1.18898	1.18950	1.18833	1.18924	11418
2020-11-09 00:00	1.18924	1.19199	1.17952	1.18240	695857
2020-11-10 00:00	1.18240	1.18432	1.17799	1.18184	627031
2020-11-11 00:00	1.18183	1.18327	1.17454	1.17792	422653
2020-11-12 00:00	1.17792	1.18231	1.17585	1.18038	454106
2020-11-13 00:00	1.18039	1.18374	1.17989	1.18310	378812
2020-11-15 00:00	1.18411	1.18488	1.18288	1.18448	9467
2020-11-16 00:00	1.18447	1.18689	1.18141	1.18592	388903
2020-11-17 00:00	1.18593	1.18937	1.18425	1.18636	335345
2020-11-18 00:00	1.18637	1.18908	1.18448	1.18451	358183
2020-11-19 00:00	1.18452	1.18825	1.18161	1.18653	416514
2020-11-20 00:00	1.18655	1.18908	1.18498	1.18544	386960
2020-11-22 00:00	1.18538	1.18659	1.18528	1.18654	7553
2020-11-23 00:00	1.18655	1.19060	1.17997	1.18422	375068
2020-11-24 00:00	1.18422	1.18978	1.18384	1.18974	450088
2020-11-25 00:00	1.18976	1.19297	1.18818	1.19162	434676
2020-11-26 00:00	1.19164	1.19409	1.18852	1.19109	310771
2020-11-27 00:00	1.19110	1.19641	1.19094	1.19620	294695
2020-11-29 00:00	1.19614	1.19738	1.19610	1.19721	5690
2020-11-30 00:00	1.19722	1.20032	1.19236	1.19374	428158
2020-12-01 00:00	1.19372	1.20765	1.19353	1.20706	329953
2020-12-02 00:00	1.20707	1.21183	1.20399	1.21138	355708
2020-12-03 00:00	1.21137	1.21746	1.21010	1.21449	370344
2020-12-04 00:00	1.21449	1.21773	1.21101	1.21202	419215
2020-12-06 00:00	1.21308	1.21324	1.21195	1.21200	7103
2020-12-07 00:00	1.21199	1.21662	1.20784	1.21092	402011
2020-12-08 00:00	1.21091	1.21339	1.20953	1.21094	342812
2020-12-09 00:00	1.21095	1.21475	1.20587	1.20784	239324
2020-12-10 00:00	1.20784	1.21588	1.20784	1.21433	236023
2020-12-11 00:00	1.21434	1.21629	1.21053	1.21086	192921
2020-12-13 00:00	1.21367	1.21435	1.21324	1.21331	5048
2020-12-14 00:00	1.21331	1.21767	1.21155	1.21486	160650
2020-12-15 00:00	1.21485	1.21689	1.21210	1.21543	143327
2020-12-16 00:00	1.21543	1.22121	1.21250	1.21961	173035
2020-12-17 00:00	1.21961	1.22726	1.21898	1.22614	169622
2020-12-18 00:00	1.22613	1.22687	1.22255	1.22559	159209
2020-12-20 00:00	1.22210	1.22348	1.22113	1.22118	5812
2020-12-21 00:00	1.22118	1.22529	1.21296	1.22346	232245
2020-12-22 00:00	1.22347	1.22570	1.21520	1.21872	203062
2020-12-23 00:00	1.21871	1.22210	1.21538	1.21939	186486
2020-12-24 00:00	1.21940	1.22156	1.21773	1.21820	150079
2020-12-25 00:00	1.21816	1.22031	1.21709	1.21922	3972
2020-12-27 00:00	1.21860	1.22072	1.21811	1.22038	6150
2020-12-28 00:00	1.22039	1.22502	1.21811	1.22196	137281
2020-12-29 00:00	1.22196	1.22750	1.22193	1.22519	152122
2020-12-30 00:00	1.22520	1.23101	1.22511	1.22984	157643
2020-12-31 00:00	1.22986	1.23092	1.22091	1.22141	162462
2021-01-03 00:00	1.22396	1.22527	1.22296	1.22500	6993
2021-01-04 00:00	1.22499	1.23096	1.22385	1.22525	244590
2021-01-05 00:00	1.22525	1.23056	1.22470	1.22984	193568
2021-01-06 00:00	1.22985	1.23494	1.22655	1.23382	269841
2021-01-07 00:00	1.23384	1.23443	1.22450	1.22691	195081
2021-01-08 00:00	1.22690	1.22845	1.21929	1.22174	235959
2021-01-10 00:00	1.22175	1.22284	1.21821	1.21870	15994
2021-01-11 00:00	1.21869	1.21998	1.21321	1.21605	185522
2021-01-12 00:00	1.21605	1.22097	1.21371	1.22085	157612
2021-01-13 00:00	1.22087	1.22227	1.21399	1.21619	172756
2021-01-14 00:00	1.21618	1.21784	1.21110	1.21506	194304
2021-01-15 00:00	1.21505	1.21624	1.20747	1.20748	164726
2021-01-17 00:00	1.20838	1.20865	1.20660	1.20662	5844
2021-01-18 00:00	1.20661	1.20867	1.20535	1.20776	119427
2021-01-19 00:00	1.20775	1.21448	1.20772	1.21391	178243
2021-01-20 00:00	1.21392	1.21581	1.20767	1.21144	168194
2021-01-21 00:00	1.21145	1.21730	1.21093	1.21654	164677
2021-01-22 00:00	1.21654	1.21894	1.21515	1.21667	139063
2021-01-24 00:00	1.21688	1.21716	1.21622	1.21668	4785
2021-01-25 00:00	1.21670	1.21832	1.21158	1.21426	162055
2021-01-26 00:00	1.21427	1.21758	1.21076	1.21632	146248
2021-01-27 00:00	1.21632	1.21696	1.20585	1.21027	202704
2021-01-28 00:00	1.21028	1.21424	1.20807	1.21209	198573
2021-01-29 00:00	1.21209	1.21560	1.20944	1.21298	191335
2021-01-31 00:00	1.21297	1.21326	1.21204	1.21227	6874
2021-02-01 00:00	1.21225	1.21363	1.20560	1.20676	165579
2021-02-02 00:00	1.20676	1.20877	1.20115	1.20365	147918
2021-02-03 00:00	1.20365	1.20500	1.20040	1.20412	119403
2021-02-04 00:00	1.20413	1.20427	1.19574	1.19662	123762
2021-02-05 00:00	1.19659	1.20498	1.19522	1.20481	120896
2021-02-07 00:00	1.20375	1.20550	1.20356	1.20483	15706
2021-02-08 00:00	1.20484	1.20660	1.20196	1.20522	104210
2021-02-09 00:00	1.20522	1.21218	1.20491	1.21161	133520
2021-02-10 00:00	1.21162	1.21440	1.21088	1.21190	130007
2021-02-11 00:00	1.21189	1.21494	1.21134	1.21304	88213
2021-02-12 00:00	1.21306	1.21332	1.20815	1.21177	81711
2021-02-14 00:00	1.21244	1.21251	1.21191	1.21204	3242
2021-02-15 00:00	1.21206	1.21451	1.21167	1.21320	67366
2021-02-16 00:00	1.21319	1.21693	1.20859	1.20880	122517
2021-02-17 00:00	1.20879	1.20982	1.20232	1.20455	127767
2021-02-18 00:00	1.20454	1.20958	1.20355	1.20917	118507
2021-02-19 00:00	1.20917	1.21444	1.20823	1.21167	118592
2021-02-21 00:00	1.21151	1.21292	1.21141	1.21247	5497
2021-02-22 00:00	1.21246	1.21693	1.20911	1.21638	133420
2021-02-23 00:00	1.21637	1.21801	1.21353	1.21506	123325
2021-02-24 00:00	1.21506	1.21745	1.21092	1.21693	161194
2021-02-25 00:00	1.21696	1.22433	1.21559	1.21577	235417
2021-02-26 00:00	1.21579	1.21826	1.20621	1.20704	305266
2021-02-28 00:00	1.20702	1.20919	1.20699	1.20903	8259
2021-03-01 00:00	1.20905	1.21011	1.20276	1.20484	153286
2021-03-02 00:00	1.20485	1.20943	1.19916	1.20848	162640
2021-03-03 00:00	1.20850	1.21132	1.20427	1.20464	182518
2021-03-04 00:00	1.20463	1.20630	1.19605	1.19672	215954
2021-03-05 00:00	1.19671	1.19687	1.18932	1.19128	242307
2021-03-07 00:00	1.19177	1.19319	1.19168	1.19263	6670
2021-03-08 00:00	1.19262	1.19321	1.18442	1.18508	184867
2021-03-09 00:00	1.18509	1.19156	1.18355	1.18967	167729
2021-03-10 00:00	1.18967	1.19296	1.18688	1.19242	153889
2021-03-11 00:00	1.19242	1.19899	1.19156	1.19808	153567
2021-03-12 00:00	1.19809	1.19884	1.19099	1.19476	152752
2021-03-14 00:00	1.19451	1.19542	1.19433	1.19500	6580
2021-03-15 00:00	1.19501	1.19674	1.19110	1.19263	121808
2021-03-16 00:00	1.19263	1.19518	1.18819	1.19020	127996
2021-03-17 00:00	1.19018	1.19873	1.18861	1.19825	137383
2021-03-18 00:00	1.19827	1.19888	1.19061	1.19174	178354
2021-03-19 00:00	1.19175	1.19371	1.18738	1.19031	135305
2021-03-21 00:00	1.18712	1.18900	1.18708	1.18835	7681
2021-03-22 00:00	1.18837	1.19468	1.18744	1.19322	113511
2021-03-23 00:00	1.19323	1.19407	1.18360	1.18396	123356
2021-03-24 00:00	1.18399	1.18508	1.18089	1.18127	126127
2021-03-25 00:00	1.18128	1.18277	1.17617	1.17756	137238
2021-03-26 00:00	1.17756	1.18049	1.17716	1.17918	94801
2021-03-28 00:00	1.17917	1.17935	1.17855	1.17874	3741
2021-03-29 00:00	1.17874	1.17939	1.17606	1.17685	107828
2021-03-30 00:00	1.17684	1.17737	1.17112	1.17231	101754
2021-03-31 00:00	1.17230	1.17598	1.17040	1.17270	109017
2021-04-01 00:00	1.17271	1.17825	1.17125	1.17772	100344
2021-04-02 00:00	1.17772	1.17866	1.17490	1.17603	70449
2021-04-04 00:00	1.17544	1.17678	1.17532	1.17676	5393
2021-04-05 00:00	1.17674	1.18194	1.17379	1.18169	60579
2021-04-06 00:00	1.18168	1.18776	1.17951	1.18737	92604
2021-04-07 00:00	1.18737	1.19147	1.18608	1.18723	94216
2021-04-08 00:00	1.18724	1.19274	1.18609	1.19153	88310
2021-04-09 00:00	1.19151	1.19201	1.18669	1.18977	83839
2021-04-11 00:00	1.18903	1.19038	1.18901	1.18958	3367
2021-04-12 00:00	1.18957	1.19190	1.18710	1.19115	79062
2021-04-13 00:00	1.19117	1.19557	1.18776	1.19538	99195
2021-04-14 00:00	1.19541	1.19872	1.19509	1.19832	94063
2021-04-15 00:00	1.19830	1.19932	1.19560	1.19692	88843
2021-04-16 00:00	1.19692	1.19946	1.19503	1.19805	76096
2021-04-18 00:00	1.19722	1.19771	1.19679	1.19689	3334
2021-04-19 00:00	1.19688	1.20480	1.19424	1.20424	97832
2021-04-20 00:00	1.20424	1.20797	1.20224	1.20324	97180
2021-04-21 00:00	1.20323	1.20436	1.19985	1.20372	85570
2021-04-22 00:00	1.20372	1.20694	1.19936	1.20143	106787
2021-04-23 00:00	1.20144	1.20999	1.20127	1.20938	80340
2021-04-25 00:00	1.20913	1.20981	1.20888	1.20892	3834
2021-04-26 00:00	1.20893	1.21167	1.20608	1.20793	80015
2021-04-27 00:00	1.20794	1.20927	1.20567	1.20892	81994
2021-04-28 00:00	1.20890	1.21353	1.20560	1.21348	104881
2021-04-29 00:00	1.21350	1.21498	1.21021	1.21245	99082
2021-04-30 00:00	1.21243	1.21265	1.20165	1.20169	97912
2021-05-02 00:00	1.20309	1.20328	1.20245	1.20271	2669
2021-05-03 00:00	1.20272	1.20760	1.20130	1.20588	81086
2021-05-04 00:00	1.20590	1.20598	1.19989	1.20144	108211
2021-05-05 00:00	1.20145	1.20265	1.19859	1.20074	83333
2021-05-06 00:00	1.20076	1.20716	1.19929	1.20651	94634
2021-05-07 00:00	1.20651	1.21713	1.20527	1.21615	128353
2021-05-09 00:00	1.21601	1.21769	1.21600	1.21704	5874
2021-05-10 00:00	1.21704	1.21782	1.21271	1.21405	99036
2021-05-11 00:00	1.21406	1.21815	1.21230	1.21440	104647
2021-05-12 00:00	1.21441	1.21520	1.20655	1.20777	164458
2021-05-13 00:00	1.20776	1.21060	1.20514	1.20767	123840
2021-05-14 00:00	1.20768	1.21477	1.20708	1.21420	97541
2021-05-16 00:00	1.21450	1.21511	1.21368	1.21498	2803
2021-05-17 00:00	1.21497	1.21687	1.21259	1.21563	81158
2021-05-18 00:00	1.21561	1.22339	1.21534	1.22223	95068
2021-05-19 00:00	1.22225	1.22451	1.21598	1.21704	122052
2021-05-20 00:00	1.21704	1.22300	1.21689	1.22249	91322
2021-05-21 00:00	1.22250	1.22396	1.21607	1.21778	95445
2021-05-23 00:00	1.21778	1.21843	1.21722	1.21805	4778
2021-05-24 00:00	1.21805	1.22298	1.21749	1.22140	79882
2021-05-25 00:00	1.22140	1.22664	1.22113	1.22468	96706
2021-05-26 00:00	1.22468	1.22629	1.21820	1.21920	91009
2021-05-27 00:00	1.21920	1.22149	1.21751	1.21927	86094
2021-05-28 00:00	1.21927	1.22048	1.21325	1.21905	95930
2021-05-30 00:00	1.21990	1.21998	1.21890	1.21892	2698
2021-05-31 00:00	1.21893	1.22343	1.21832	1.22325	58587
2021-06-01 00:00	1.22325	1.22542	1.22110	1.22174	81752
2021-06-02 00:00	1.22172	1.22265	1.21640	1.22094	77805
2021-06-04 00:00	1.21299	1.21856	1.21039	1.21644	91527
2021-06-06 00:00	1.21601	1.21676	1.21596	1.21666	2343
2021-06-07 00:00	1.21665	1.22017	1.21448	1.21905	56786
2021-06-08 00:00	1.21905	1.21941	1.21642	1.21724	76155
2021-06-09 00:00	1.21725	1.22179	1.21714	1.21784	53539
2021-06-10 00:00	1.21782	1.21945	1.21433	1.21725	114783
2021-06-11 00:00	1.21726	1.21929	1.20925	1.21072	76232
2021-06-13 00:00	1.21045	1.21121	1.21027	1.21095	3100
2021-06-14 00:00	1.21096	1.21305	1.20942	1.21218	57006
2021-06-15 00:00	1.21218	1.21473	1.21013	1.21245	69763
2021-06-16 00:00	1.21246	1.21347	1.19865	1.19950	120465
2021-06-17 00:00	1.19949	1.20062	1.18916	1.19130	137587
2021-06-18 00:00	1.19129	1.19249	1.18472	1.18592	137535
2021-06-20 00:00	1.18542	1.18754	1.18542	1.18705	6665
2021-06-21 00:00	1.18703	1.19213	1.18476	1.19119	111976
2021-06-22 00:00	1.19119	1.19526	1.18808	1.19364	90408
2021-06-23 00:00	1.19364	1.19700	1.19113	1.19296	89389
2021-06-24 00:00	1.19297	1.19562	1.19176	1.19278	81793
2021-06-25 00:00	1.19278	1.19751	1.19261	1.19347	73327
2021-06-27 00:00	1.19296	1.19419	1.19296	1.19414	2973
2021-06-28 00:00	1.19415	1.19444	1.19022	1.19286	83003
2021-06-29 00:00	1.19287	1.19295	1.18775	1.19002	87518
2021-06-30 00:00	1.19003	1.19090	1.18450	1.18558	98228
2021-07-01 00:00	1.18559	1.18842	1.18373	1.18457	97912
2021-07-02 00:00	1.18455	1.18741	1.18070	1.18622	93309
2021-07-04 00:00	1.18598	1.18685	1.18555	1.18556	4995
2021-07-05 00:00	1.18556	1.18804	1.18513	1.18624	59952
2021-07-06 00:00	1.18623	1.18951	1.18068	1.18221	98080
2021-07-07 00:00	1.18222	1.18364	1.17815	1.17929	98323
2021-07-08 00:00	1.17928	1.18678	1.17834	1.18463	137236
2021-07-09 00:00	1.18463	1.18810	1.18249	1.18710	95244
2021-07-11 00:00	1.18751	1.18768	1.18650	1.18722	4249
2021-07-12 00:00	1.18722	1.18802	1.18360	1.18627	75999
2021-07-13 00:00	1.18627	1.18751	1.17721	1.17748	92564
2021-07-14 00:00	1.17747	1.18387	1.17717	1.18329	80269
2021-07-15 00:00	1.18329	1.18506	1.17962	1.18112	79835
2021-07-16 00:00	1.18114	1.18221	1.17921	1.18047	71395
2021-07-18 00:00	1.18054	1.18138	1.18033	1.18125	2513
2021-07-19 00:00	1.18125	1.18244	1.17636	1.17917	103862
2021-07-20 00:00	1.17917	1.18024	1.17555	1.17813	104231
2021-07-21 00:00	1.17811	1.18046	1.17518	1.17922	78220
2021-07-22 00:00	1.17925	1.18304	1.17572	1.17722	115936
2021-07-23 00:00	1.17722	1.17865	1.17544	1.17683	66111
2021-07-25 00:00	1.17681	1.17743	1.17671	1.17728	1814
2021-07-26 00:00	1.17729	1.18172	1.17632	1.18047	74774
2021-07-27 00:00	1.18046	1.18409	1.17698	1.18203	70121
2021-07-28 00:00	1.18205	1.18494	1.17721	1.18454	95641
2021-07-29 00:00	1.18453	1.18942	1.18406	1.18903	65085
2021-07-30 00:00	1.18902	1.19085	1.18515	1.18667	78398
2021-08-01 00:00	1.18641	1.18694	1.18621	1.18661	1653
2021-08-02 00:00	1.18662	1.18968	1.18587	1.18740	65769
2021-08-03 00:00	1.18738	1.18932	1.18535	1.18694	60687
2021-08-04 00:00	1.18693	1.18996	1.18326	1.18371	59264
2021-08-05 00:00	1.18373	1.18572	1.18280	1.18332	52837
2021-08-06 00:00	1.18332	1.18333	1.17543	1.17596	55144
2021-08-08 00:00	1.17580	1.17610	1.17422	1.17474	6183
2021-08-09 00:00	1.17477	1.17689	1.17344	1.17360	48540
2021-08-10 00:00	1.17359	1.17427	1.17095	1.17195	75425
2021-08-11 00:00	1.17195	1.17541	1.17059	1.17417	61063
2021-08-12 00:00	1.17415	1.17481	1.17236	1.17356	45718
2021-08-13 00:00	1.17357	1.18045	1.17302	1.17933	42835
2021-08-15 00:00	1.17934	1.18007	1.17915	1.17940	2805
2021-08-16 00:00	1.17939	1.18006	1.17672	1.17776	43716
2021-08-17 00:00	1.17776	1.17846	1.17017	1.17091	59347
2021-08-18 00:00	1.17092	1.17427	1.16936	1.17026	59242
2021-08-19 00:00	1.17027	1.17041	1.16656	1.16763	63232
2021-08-20 00:00	1.16762	1.17044	1.16638	1.16951	50369
2021-08-22 00:00	1.16935	1.17008	1.16925	1.16968	3924
2021-08-23 00:00	1.16969	1.17501	1.16950	1.17441	55639
2021-08-24 00:00	1.17439	1.17650	1.17272	1.17526	47189
2021-08-25 00:00	1.17527	1.17745	1.17260	1.17717	59283
2021-08-26 00:00	1.17716	1.17789	1.17458	1.17533	64912
2021-08-27 00:00	1.17534	1.18022	1.17348	1.17910	90971
2021-08-29 00:00	1.17937	1.18003	1.17898	1.17983	1432
2021-08-30 00:00	1.17982	1.18097	1.17827	1.17965	54564
2021-08-31 00:00	1.17961	1.18450	1.17952	1.18098	66321
2021-09-01 00:00	1.18098	1.18571	1.17935	1.18407	63149