2018-01-01 00:00:00	1.35065	1.3521	1.34945	1.35096	6563
2018-01-02 00:00:00	1.35095	1.36001	1.35075	1.35939	165418
2018-01-03 00:00:00	1.35938	1.36124	1.34948	1.35107	166334
2018-01-04 00:00:00	1.35106	1.35595	1.35052	1.35513	158123
2018-01-05 00:00:00	1.35513	1.35823	1.35231	1.3564	153134
2018-01-07 00:00:00	1.35556	1.35787	1.35553	1.35755	5531
2018-01-08 00:00:00	1.35755	1.35853	1.35229	1.35696	126262
2018-01-09 00:00:00	1.35697	1.35822	1.35063	1.35299	144629
2018-01-10 00:00:00	1.35298	1.35618	1.34816	1.35115	174886
2018-01-11 00:00:00	1.35115	1.35546	1.34579	1.35407	179149
2018-01-12 00:00:00	1.35408	1.3744	1.35376	1.37277	193276
2018-01-14 00:00:00	1.37279	1.37425	1.37253	1.37311	5312
2018-01-15 00:00:00	1.37317	1.38193	1.37294	1.37935	171264
2018-01-16 00:00:00	1.37936	1.38052	1.37417	1.37969	189740
2018-01-17 00:00:00	1.37969	1.3942	1.37566	1.38246	214331
2018-01-18 00:00:00	1.38246	1.3913	1.38044	1.38923	213342
2018-01-19 00:00:00	1.38924	1.39449	1.38383	1.38479	201871
2018-01-21 00:00:00	1.38879	1.38947	1.38741	1.38903	7512
2018-01-22 00:00:00	1.38903	1.39905	1.38569	1.39835	190161
2018-01-23 00:00:00	1.39835	1.40273	1.39158	1.40115	206772
2018-01-24 00:00:00	1.40117	1.42627	1.40005	1.42197	253515
2018-01-25 00:00:00	1.42197	1.43451	1.40827	1.4149	321630
2018-01-26 00:00:00	1.4149	1.42854	1.41364	1.41562	277615
2018-01-28 00:00:00	1.41347	1.41522	1.41289	1.41501	7051
2018-01-29 00:00:00	1.41501	1.41579	1.4025	1.40722	250302
2018-01-30 00:00:00	1.40722	1.41665	1.39798	1.41548	262083
2018-01-31 00:00:00	1.41548	1.42325	1.41216	1.41987	272868
2018-02-01 00:00:00	1.41987	1.42781	1.41594	1.42656	255628
2018-02-02 00:00:00	1.42656	1.42777	1.41013	1.41213	257654
2018-02-04 00:00:00	1.41001	1.41128	1.4082	1.411	9720
2018-02-05 00:00:00	1.41101	1.41501	1.39421	1.39435	269025
2018-02-06 00:00:00	1.39437	1.39992	1.38363	1.39572	319683
2018-02-07 00:00:00	1.39572	1.39937	1.38482	1.38787	252420
2018-02-08 00:00:00	1.38787	1.40671	1.38454	1.39354	331146
2018-02-09 00:00:00	1.39356	1.39871	1.37642	1.38239	291714
2018-02-11 00:00:00	1.38081	1.38272	1.38041	1.38234	7196
2018-02-12 00:00:00	1.38234	1.38758	1.37958	1.38484	216881
2018-02-13 00:00:00	1.38484	1.39239	1.38323	1.38836	225957
2018-02-14 00:00:00	1.38836	1.40164	1.37996	1.40144	263243
2018-02-15 00:00:00	1.40146	1.41088	1.39989	1.41042	253320
2018-02-16 00:00:00	1.41042	1.41444	1.39964	1.40298	227722
2018-02-18 00:00:00	1.40108	1.40378	1.40101	1.40313	6207
2018-02-19 00:00:00	1.40313	1.40488	1.39584	1.39919	181986
2018-02-20 00:00:00	1.39918	1.40242	1.39311	1.39989	218244
2018-02-21 00:00:00	1.39986	1.40082	1.39039	1.39101	250671
2018-02-22 00:00:00	1.391	1.39885	1.38565	1.39506	234916
2018-02-23 00:00:00	1.39507	1.40049	1.39044	1.39656	183440
2018-02-25 00:00:00	1.39844	1.39856	1.39634	1.3968	4972
2018-02-26 00:00:00	1.3968	1.40696	1.3928	1.39637	145878
2018-02-27 00:00:00	1.39637	1.39962	1.38574	1.39042	175718
2018-02-28 00:00:00	1.39042	1.39158	1.37488	1.37545	184949
2018-03-01 00:00:00	1.37543	1.37846	1.37115	1.37749	209574
2018-03-02 00:00:00	1.37749	1.38166	1.37554	1.3798	188235
2018-03-04 00:00:00	1.37886	1.38133	1.37775	1.37948	11879
2018-03-05 00:00:00	1.37948	1.38769	1.37664	1.38487	178159
2018-03-06 00:00:00	1.38489	1.39291	1.38163	1.38987	182872
2018-03-07 00:00:00	1.38985	1.39118	1.38459	1.39042	174115
2018-03-08 00:00:00	1.39041	1.39098	1.37807	1.38031	179302
2018-03-09 00:00:00	1.38031	1.38886	1.37878	1.38447	162797
2018-03-11 00:00:00	1.385	1.38576	1.38417	1.38552	5010
2018-03-12 00:00:00	1.38552	1.39174	1.3841	1.39045	127097
2018-03-13 00:00:00	1.39047	1.39938	1.38745	1.39709	153509
2018-03-14 00:00:00	1.3971	1.39955	1.39255	1.39691	146880
2018-03-15 00:00:00	1.39689	1.39884	1.39213	1.39368	183828
2018-03-16 00:00:00	1.39364	1.39807	1.38891	1.39432	128703
2018-03-18 00:00:00	1.39353	1.39485	1.39346	1.39427	4820
2018-03-19 00:00:00	1.39427	1.40881	1.39128	1.40242	170561
2018-03-20 00:00:00	1.40241	1.40664	1.39826	1.40036	142181
2018-03-21 00:00:00	1.40035	1.41504	1.40014	1.41425	176218
2018-03-22 00:00:00	1.41425	1.42175	1.40756	1.4112	189961
2018-03-23 00:00:00	1.41121	1.41717	1.40849	1.41305	150246
2018-03-25 00:00:00	1.41326	1.41564	1.41296	1.41476	4238
2018-03-26 00:00:00	1.41476	1.42442	1.41448	1.42374	125237
2018-03-27 00:00:00	1.42372	1.4244	1.40659	1.41761	148557
2018-03-28 00:00:00	1.41761	1.42001	1.40703	1.40824	147574
2018-03-29 00:00:00	1.40824	1.40959	1.40106	1.40237	149083
2018-03-30 00:00:00	1.40233	1.40594	1.40121	1.40185	93529
2018-04-01 00:00:00	1.40224	1.40379	1.40193	1.40355	6372
2018-04-02 00:00:00	1.40355	1.40775	1.40259	1.40464	97579
2018-04-03 00:00:00	1.40464	1.40883	1.40208	1.40688	132535
2018-04-04 00:00:00	1.40688	1.40962	1.40146	1.40874	142401
2018-04-05 00:00:00	1.40874	1.40968	1.39652	1.4006	150720
2018-04-06 00:00:00	1.4006	1.41055	1.39827	1.40814	138030
2018-04-08 00:00:00	1.4085	1.40916	1.40818	1.409	4046
2018-04-09 00:00:00	1.409	1.41644	1.40782	1.4133	122657
2018-04-10 00:00:00	1.41327	1.41878	1.41199	1.41812	129146
2018-04-11 00:00:00	1.41811	1.4223	1.41608	1.41872	120133
2018-04-12 00:00:00	1.41871	1.42464	1.41451	1.42389	128366
2018-04-13 00:00:00	1.42389	1.42961	1.42205	1.42372	100937
2018-04-15 00:00:00	1.42397	1.42476	1.42291	1.42454	5163
2018-04-16 00:00:00	1.42453	1.43438	1.42366	1.434	98613
2018-04-17 00:00:00	1.434	1.43763	1.42826	1.42964	122657
2018-04-18 00:00:00	1.42963	1.43142	1.41728	1.42018	122991
2018-04-19 00:00:00	1.42017	1.42454	1.40684	1.40838	140168
2018-04-20 00:00:00	1.40838	1.40873	1.39965	1.40002	126667
2018-04-22 00:00:00	1.3999	1.40073	1.39915	1.40014	6452
2018-04-23 00:00:00	1.40017	1.40307	1.39261	1.39371	112153
2018-04-24 00:00:00	1.39372	1.39965	1.39177	1.39937	110168
2018-04-25 00:00:00	1.39937	1.39937	1.3921	1.39354	102793
2018-04-26 00:00:00	1.39357	1.3998	1.38947	1.39175	136163
2018-04-27 00:00:00	1.39175	1.39342	1.3747	1.37785	124958
2018-04-29 00:00:00	1.37711	1.37779	1.37684	1.37688	5468
2018-04-30 00:00:00	1.37688	1.37922	1.37125	1.37717	112766
2018-05-01 00:00:00	1.37719	1.37725	1.3588	1.36082	122415
2018-05-02 00:00:00	1.36082	1.36656	1.35546	1.35717	169223
2018-05-03 00:00:00	1.35717	1.36293	1.35377	1.35713	165916
2018-05-04 00:00:00	1.35713	1.35856	1.34861	1.35253	127312
2018-05-06 00:00:00	1.35327	1.3539	1.35298	1.35311	3215
2018-05-07 00:00:00	1.35312	1.35751	1.35151	1.35679	110355
2018-05-08 00:00:00	1.35678	1.35926	1.34843	1.35527	153168
2018-05-09 00:00:00	1.35527	1.36068	1.3499	1.35429	141799
2018-05-10 00:00:00	1.35427	1.36174	1.34598	1.35213	179691
2018-05-11 00:00:00	1.35212	1.35957	1.35017	1.35407	121987
2018-05-13 00:00:00	1.35393	1.35517	1.35373	1.35497	3537
2018-05-14 00:00:00	1.35496	1.36079	1.35425	1.35606	105610
2018-05-15 00:00:00	1.35609	1.35718	1.34511	1.34994	157470
2018-05-16 00:00:00	1.34993	1.35515	1.34554	1.35468	158899
2018-05-17 00:00:00	1.35468	1.35688	1.34741	1.35102	694647
2018-05-18 00:00:00	1.35103	1.3528	1.34548	1.34679	118735
2018-05-20 00:00:00	1.3459	1.34825	1.34589	1.34758	3902
2018-05-21 00:00:00	1.34758	1.34758	1.33907	1.34309	125626
2018-05-22 00:00:00	1.34306	1.34911	1.34123	1.34405	136384
2018-05-23 00:00:00	1.34407	1.34422	1.3305	1.33695	187721
2018-05-24 00:00:00	1.33695	1.34216	1.33497	1.33823	174564
2018-05-25 00:00:00	1.33823	1.33837	1.32928	1.32946	155380
2018-05-27 00:00:00	1.33138	1.33201	1.33023	1.33077	7358
2018-05-28 00:00:00	1.33077	1.33408	1.32961	1.33118	124390
2018-05-29 00:00:00	1.3312	1.3325	1.32044	1.32535	192504
2018-05-30 00:00:00	1.32535	1.33069	1.32418	1.32838	171458
2018-05-31 00:00:00	1.32838	1.33478	1.32771	1.32884	182201
2018-06-01 00:00:00	1.32888	1.33617	1.32538	1.33449	149204
2018-06-03 00:00:00	1.3331	1.33542	1.33306	1.33528	4499
2018-06-04 00:00:00	1.33528	1.33985	1.32947	1.33155	111790
2018-06-05 00:00:00	1.33155	1.34155	1.33019	1.34061	150008
2018-06-06 00:00:00	1.34062	1.34429	1.33968	1.34195	133691
2018-06-07 00:00:00	1.34195	1.34722	1.33714	1.34154	156048
2018-06-08 00:00:00	1.3416	1.3439	1.33544	1.34081	131746
2018-06-10 00:00:00	1.34058	1.3414	1.34047	1.3413	2986
2018-06-11 00:00:00	1.3413	1.34413	1.33444	1.33711	109703
2018-06-12 00:00:00	1.33711	1.34243	1.33418	1.33734	141890
2018-06-13 00:00:00	1.33734	1.3389	1.33079	1.33811	139891
2018-06-14 00:00:00	1.33811	1.34463	1.32532	1.32543	174698
2018-06-15 00:00:00	1.32541	1.32978	1.3211	1.32763	145667
2018-06-17 00:00:00	1.32557	1.3279	1.32557	1.32755	11435
2018-06-18 00:00:00	1.32756	1.32757	1.32257	1.32577	121928
2018-06-19 00:00:00	1.32579	1.32726	1.31507	1.31728	163640
2018-06-20 00:00:00	1.31728	1.3217	1.31458	1.31718	152583
2018-06-21 00:00:00	1.31718	1.32698	1.31018	1.32446	210048
2018-06-22 00:00:00	1.32445	1.33146	1.32444	1.32593	157780
2018-06-24 00:00:00	1.3249	1.32711	1.32332	1.32611	8487
2018-06-25 00:00:00	1.32615	1.32904	1.32212	1.32771	153810
2018-06-26 00:00:00	1.32774	1.32918	1.31922	1.32201	183302
2018-06-27 00:00:00	1.322	1.32336	1.31063	1.31193	233674
2018-06-28 00:00:00	1.31191	1.31199	1.30495	1.30745	198522
2018-06-29 00:00:00	1.30743	1.32136	1.30686	1.32053	196865
2018-07-01 00:00:00	1.31825	1.32082	1.31825	1.32075	8891
2018-07-02 00:00:00	1.32073	1.32073	1.3095	1.31419	161935
2018-07-03 00:00:00	1.31417	1.32064	1.31145	1.31938	176440
2018-07-04 00:00:00	1.31937	1.32495	1.31705	1.32275	153934
2018-07-05 00:00:00	1.32275	1.32748	1.32036	1.32217	165263
2018-07-06 00:00:00	1.32215	1.32898	1.32031	1.32844	143014
2018-07-08 00:00:00	1.33179	1.33186	1.32855	1.32946	11746
2018-07-09 00:00:00	1.32947	1.33625	1.31889	1.32536	183482
2018-07-10 00:00:00	1.32535	1.33008	1.3223	1.3258	163871
2018-07-11 00:00:00	1.3258	1.32852	1.31994	1.32059	187962
2018-07-12 00:00:00	1.32059	1.32448	1.31695	1.31783	159591
2018-07-13 00:00:00	1.31785	1.32383	1.31025	1.32323	149163
2018-07-15 00:00:00	1.32272	1.32318	1.3224	1.32267	3230
2018-07-16 00:00:00	1.32266	1.32928	1.32167	1.32362	145648
2018-07-17 00:00:00	1.3236	1.32687	1.30689	1.31047	173363
2018-07-18 00:00:00	1.31049	1.31169	1.301	1.30772	172142
2018-07-19 00:00:00	1.30772	1.30831	1.29574	1.30227	184009
2018-07-20 00:00:00	1.30225	1.31401	1.29948	1.31287	171405
2018-07-22 00:00:00	1.31229	1.31478	1.31183	1.31456	6269
2018-07-23 00:00:00	1.31453	1.3158	1.30821	1.31031	139634
2018-07-24 00:00:00	1.31029	1.31591	1.30714	1.3149	152814
2018-07-25 00:00:00	1.31488	1.32013	1.31328	1.31988	160543
2018-07-26 00:00:00	1.31989	1.32132	1.31017	1.31083	153699
2018-07-27 00:00:00	1.31083	1.3131	1.30822	1.30967	120311
2018-07-29 00:00:00	1.30989	1.31192	1.30988	1.31098	10907
2018-07-30 00:00:00	1.31098	1.31521	1.3097	1.31355	106447
2018-07-31 00:00:00	1.31355	1.31726	1.30894	1.31183	149683
2018-08-01 00:00:00	1.31182	1.3144	1.30951	1.31242	126821
2018-08-02 00:00:00	1.31242	1.3126	1.30112	1.30158	142844
2018-08-03 00:00:00	1.30161	1.30429	1.29753	1.30011	129930
2018-08-05 00:00:00	1.29948	1.30074	1.29948	1.30014	3618
2018-08-06 00:00:00	1.30017	1.30049	1.29198	1.29433	99429
2018-08-07 00:00:00	1.29431	1.29736	1.29237	1.29452	108582
2018-08-08 00:00:00	1.29452	1.29597	1.28535	1.28771	126203
2018-08-09 00:00:00	1.28772	1.29117	1.28182	1.28283	138679
2018-08-10 00:00:00	1.28283	1.28366	1.27228	1.27663	202539
2018-08-12 00:00:00	1.27421	1.27794	1.27421	1.27595	8181
2018-08-13 00:00:00	1.27596	1.27913	1.27299	1.27588	154229
2018-08-14 00:00:00	1.27586	1.28271	1.27046	1.27175	151710
2018-08-15 00:00:00	1.27175	1.27352	1.26617	1.26923	144932
2018-08-16 00:00:00	1.26924	1.27539	1.26858	1.2712	145519
2018-08-17 00:00:00	1.27122	1.27524	1.26978	1.27466	128157
2018-08-19 00:00:00	1.2742	1.27504	1.27395	1.2746	3771
2018-08-20 00:00:00	1.2746	1.28044	1.27293	1.28039	107973
2018-08-21 00:00:00	1.28039	1.29242	1.27986	1.29049	150703
2018-08-22 00:00:00	1.29051	1.29362	1.28685	1.29052	132723
2018-08-23 00:00:00	1.29052	1.29093	1.28026	1.28091	124296
2018-08-24 00:00:00	1.2809	1.2881	1.27992	1.28452	123470
2018-08-26 00:00:00	1.28365	1.28648	1.28348	1.28578	6613
2018-08-27 00:00:00	1.28578	1.29009	1.28287	1.2897	115943
2018-08-28 00:00:00	1.2897	1.29317	1.28615	1.2869	123413
2018-08-29 00:00:00	1.2869	1.30361	1.28451	1.30352	162725
2018-08-30 00:00:00	1.30354	1.30433	1.29849	1.30109	143058
2018-08-31 00:00:00	1.30109	1.30287	1.29449	1.29546	135378
2018-09-02 00:00:00	1.29095	1.29309	1.29095	1.29213	5713
2018-09-03 00:00:00	1.29212	1.29336	1.28547	1.28679	126186
2018-09-05 00:00:00	1.28577	1.29822	1.27851	1.2914	158884
2018-09-06 00:00:00	1.29139	1.29622	1.2896	1.29244	141846
2018-09-07 00:00:00	1.29244	1.30278	1.29081	1.29137	147053
2018-09-09 00:00:00	1.29179	1.29292	1.29155	1.29287	3689
2018-09-10 00:00:00	1.29287	1.30514	1.28967	1.30267	128584
2018-09-11 00:00:00	1.30267	1.30869	1.29641	1.30157	141120
2018-09-12 00:00:00	1.30154	1.30821	1.29791	1.30439	146597
2018-09-13 00:00:00	1.30439	1.31233	1.30261	1.31103	142447
2018-09-14 00:00:00	1.311	1.31435	1.30565	1.30664	130233
2018-09-16 00:00:00	1.30683	1.30761	1.30672	1.30707	3010
2018-09-17 00:00:00	1.30707	1.31646	1.30698	1.31451	144899
2018-09-18 00:00:00	1.31451	1.31753	1.31185	1.31662	146886
2018-09-19 00:00:00	1.31662	1.32146	1.30974	1.314	167940
2018-09-20 00:00:00	1.314	1.3298	1.31388	1.32698	157864
2018-09-21 00:00:00	1.32698	1.32765	1.30558	1.30764	167850
2018-09-23 00:00:00	1.30775	1.30841	1.30708	1.30792	4673
2018-09-24 00:00:00	1.30791	1.31667	1.30628	1.31157	133622
2018-09-25 00:00:00	1.31157	1.31933	1.30947	1.31793	138059
2018-09-26 00:00:00	1.31793	1.32171	1.31381	1.31698	149908
2018-09-27 00:00:00	1.31698	1.31779	1.3072	1.30758	142998
2018-09-28 00:00:00	1.30758	1.30899	1.30002	1.30278	123495
2018-09-30 00:00:00	1.30371	1.30389	1.30245	1.30377	3079
2018-10-01 00:00:00	1.30377	1.31153	1.30119	1.30428	141198
2018-10-02 00:00:00	1.30428	1.30482	1.29409	1.29788	154024
2018-10-04 00:00:00	1.29398	1.30411	1.2922	1.30221	168093
2018-10-05 00:00:00	1.30221	1.31226	1.30032	1.31136	151361
2018-10-07 00:00:00	1.3123	1.31288	1.30898	1.31257	11354
2018-10-08 00:00:00	1.31257	1.31326	1.30279	1.3092	142202
2018-10-09 00:00:00	1.30921	1.31578	1.30328	1.31565	171182
2018-10-10 00:00:00	1.31564	1.32158	1.31361	1.32043	166771
2018-10-11 00:00:00	1.32043	1.32468	1.31816	1.32331	216605
2018-10-12 00:00:00	1.32331	1.32575	1.31458	1.31516	176987
2018-10-14 00:00:00	1.30854	1.31099	1.30811	1.31027	10288
2018-10-15 00:00:00	1.31026	1.31815	1.31013	1.31538	163672
2018-10-16 00:00:00	1.31538	1.32362	1.31407	1.31873	153229
2018-10-17 00:00:00	1.31873	1.31923	1.30911	1.31013	148761
2018-10-18 00:00:00	1.31013	1.31311	1.30137	1.30178	147944
2018-10-19 00:00:00	1.3018	1.31037	1.30109	1.30666	137169
2018-10-21 00:00:00	1.30703	1.30749	1.30512	1.30661	5793
2018-10-22 00:00:00	1.30661	1.30899	1.29532	1.29648	146825
2018-10-23 00:00:00	1.29649	1.30439	1.29368	1.29794	163359
2018-10-24 00:00:00	1.29793	1.29904	1.28668	1.28836	174976
2018-10-25 00:00:00	1.28838	1.29192	1.27968	1.28203	163394
2018-10-26 00:00:00	1.28203	1.28411	1.27772	1.2826	183542
2018-10-28 00:00:00	1.28212	1.28347	1.28212	1.28304	3464
2018-10-29 00:00:00	1.28304	1.28528	1.27908	1.28015	147551
2018-10-30 00:00:00	1.28016	1.28123	1.26905	1.27069	138479
2018-10-31 00:00:00	1.27069	1.28303	1.27005	1.27678	146289
2018-11-01 00:00:00	1.27669	1.30349	1.27642	1.30026	172013
2018-11-02 00:00:00	1.30024	1.30406	1.29513	1.29617	150709
2018-11-04 00:00:00	1.3021	1.30215	1.29988	1.30052	6820
2018-11-05 00:00:00	1.30053	1.30675	1.29641	1.30572	135941
2018-11-06 00:00:00	1.30573	1.31139	1.30208	1.31133	143850
2018-11-07 00:00:00	1.31129	1.31744	1.30731	1.31266	190027
2018-11-08 00:00:00	1.31264	1.31496	1.30447	1.30655	157842
2018-11-09 00:00:00	1.30653	1.30681	1.2958	1.29729	146785
2018-11-11 00:00:00	1.2913	1.29386	1.29105	1.29377	8691
2018-11-12 00:00:00	1.29378	1.29465	1.28271	1.28541	170154
2018-11-13 00:00:00	1.28542	1.30469	1.28515	1.3014	200996
2018-11-14 00:00:00	1.30141	1.30718	1.28798	1.29836	215836
2018-11-15 00:00:00	1.29836	1.30298	1.27232	1.27652	238901
2018-11-16 00:00:00	1.27653	1.28773	1.27643	1.28261	183987
2018-11-18 00:00:00	1.28443	1.28443	1.28234	1.28333	6297
2018-11-19 00:00:00	1.28332	1.28835	1.27939	1.28557	158402
2018-11-20 00:00:00	1.28557	1.28826	1.27741	1.27869	164334
2018-11-21 00:00:00	1.27871	1.28193	1.27638	1.2776	145260
2018-11-22 00:00:00	1.27758	1.2927	1.27716	1.28759	125376
2018-11-23 00:00:00	1.28757	1.28821	1.27981	1.28006	129968
2018-11-25 00:00:00	1.28215	1.28297	1.28096	1.28121	4431
2018-11-26 00:00:00	1.28122	1.28637	1.27955	1.28125	141158
2018-11-27 00:00:00	1.28126	1.28194	1.27249	1.27422	192232
2018-11-28 00:00:00	1.27423	1.28467	1.2732	1.28219	171908
2018-11-29 00:00:00	1.28219	1.28494	1.27551	1.27847	164816
2018-11-30 00:00:00	1.27844	1.28092	1.2735	1.27478	159504
2018-12-02 00:00:00	1.27644	1.27644	1.27326	1.27515	7848
2018-12-03 00:00:00	1.27515	1.28242	1.26985	1.27246	148980
2018-12-04 00:00:00	1.27246	1.28394	1.26582	1.27187	185472
2018-12-05 00:00:00	1.27185	1.2798	1.26717	1.27244	155831
2018-12-06 00:00:00	1.27243	1.28118	1.26992	1.27795	188435
2018-12-07 00:00:00	1.27792	1.279	1.271	1.27296	145339
2018-12-09 00:00:00	1.27048	1.27261	1.27033	1.27187	9123
2018-12-10 00:00:00	1.27186	1.27598	1.25065	1.25595	182745
2018-12-11 00:00:00	1.25595	1.26382	1.24796	1.24918	184309
2018-12-12 00:00:00	1.24918	1.26712	1.24766	1.26241	199353
2018-12-13 00:00:00	1.26241	1.26861	1.26097	1.26531	149535
2018-12-14 00:00:00	1.26531	1.26535	1.2529	1.25813	154672
2018-12-16 00:00:00	1.26008	1.26013	1.25629	1.25838	11243
2018-12-17 00:00:00	1.25837	1.2647	1.25734	1.26139	166050
2018-12-18 00:00:00	1.26146	1.27053	1.26099	1.2654	171702
2018-12-19 00:00:00	1.2654	1.26787	1.26064	1.26257	257261
2018-12-20 00:00:00	1.26256	1.27073	1.26129	1.26677	301692
2018-12-21 00:00:00	1.26676	1.26977	1.26173	1.26247	297363
2018-12-23 00:00:00	1.26452	1.26507	1.26383	1.26496	6662
2018-12-24 00:00:00	1.26491	1.27382	1.26344	1.26862	220583
2018-12-25 00:00:00	1.26861	1.27077	1.26465	1.26865	14280
2018-12-26 00:00:00	1.26865	1.27186	1.26287	1.26473	139033
2018-12-27 00:00:00	1.26473	1.26745	1.26157	1.26445	319870
2018-12-28 00:00:00	1.26445	1.2708	1.26348	1.26943	187863
2018-12-30 00:00:00	1.26918	1.27026	1.26875	1.26894	6307
2018-12-31 00:00:00	1.26892	1.28145	1.26799	1.27552	162871
2019-01-01 00:00:00	1.27459	1.27544	1.27227	1.27528	4667
2019-01-02 00:00:00	1.27528	1.27729	1.2425	1.25149	243220
2019-01-03 00:00:00	1.25151	1.26472	1.25143	1.26268	269555
2019-01-04 00:00:00	1.26268	1.27443	1.26157	1.2717	248210
2019-01-06 00:00:00	1.27187	1.27399	1.27113	1.27318	6443
2019-01-07 00:00:00	1.27319	1.2789	1.27202	1.27849	188008
2019-01-08 00:00:00	1.27849	1.2797	1.27066	1.27383	208112
2019-01-09 00:00:00	1.27383	1.28033	1.27157	1.27982	275202
2019-01-10 00:00:00	1.27984	1.28008	1.27278	1.27526	237042
2019-01-11 00:00:00	1.27526	1.28655	1.27096	1.28347	239370
2019-01-13 00:00:00	1.28516	1.28641	1.28476	1.28476	6185
2019-01-14 00:00:00	1.28476	1.29304	1.28187	1.28742	232679
2019-01-15 00:00:00	1.28742	1.29156	1.26688	1.28707	276472
2019-01-16 00:00:00	1.28708	1.28971	1.28247	1.28868	224253
2019-01-17 00:00:00	1.28868	1.30006	1.28319	1.29827	219323
2019-01-18 00:00:00	1.29828	1.2993	1.28567	1.28696	198657
2019-01-20 00:00:00	1.28724	1.28782	1.28474	1.28511	4340
2019-01-21 00:00:00	1.28511	1.29105	1.28301	1.28901	166388
2019-01-22 00:00:00	1.28901	1.29751	1.28549	1.29553	212448
2019-01-23 00:00:00	1.29553	1.30817	1.2942	1.30816	234413
2019-01-24 00:00:00	1.30815	1.31281	1.3012	1.31194	234687
2019-01-25 00:00:00	1.31194	1.32172	1.30616	1.31984	255707
2019-01-27 00:00:00	1.31837	1.32109	1.31836	1.32073	6706
2019-01-28 00:00:00	1.32074	1.32088	1.31367	1.31598	205883
2019-01-29 00:00:00	1.31598	1.31995	1.30559	1.30794	276640
2019-01-30 00:00:00	1.30794	1.31451	1.30539	1.31156	250102
2019-01-31 00:00:00	1.31156	1.31599	1.30972	1.31083	234946
2019-02-01 00:00:00	1.31081	1.31147	1.3043	1.30739	204773
2019-02-03 00:00:00	1.30618	1.30811	1.30571	1.30763	12016
2019-02-04 00:00:00	1.30763	1.31034	1.30262	1.30265	212468
2019-02-05 00:00:00	1.30265	1.30516	1.29245	1.29566	195886
2019-02-06 00:00:00	1.29568	1.29791	1.2925	1.29333	199555
2019-02-07 00:00:00	1.29333	1.29961	1.2854	1.29483	209451
2019-02-08 00:00:00	1.29483	1.29759	1.29211	1.29441	169064
2019-02-10 00:00:00	1.29277	1.29372	1.29248	1.29364	4387
2019-02-11 00:00:00	1.2936	1.29386	1.28447	1.28631	217295
2019-02-12 00:00:00	1.28632	1.29092	1.28325	1.28905	198791
2019-02-13 00:00:00	1.28902	1.29584	1.28426	1.28542	220998
2019-02-14 00:00:00	1.28542	1.28774	1.27727	1.27974	221498
2019-02-15 00:00:00	1.27973	1.28977	1.27844	1.28865	204581
2019-02-17 00:00:00	1.29028	1.29066	1.28996	1.29037	5933
2019-02-18 00:00:00	1.29037	1.29385	1.28913	1.29226	219995
2019-02-19 00:00:00	1.29224	1.30728	1.28959	1.30589	215587
2019-02-20 00:00:00	1.30591	1.31088	1.30117	1.30439	233649
2019-02-21 00:00:00	1.30437	1.3095	1.30246	1.30401	246227
2019-02-22 00:00:00	1.304	1.30799	1.2968	1.30494	205529
2019-02-24 00:00:00	1.30713	1.30761	1.30488	1.3064	10012
2019-02-25 00:00:00	1.3064	1.31485	1.30507	1.31268	228997
2019-02-26 00:00:00	1.31266	1.32878	1.31221	1.32581	303773
2019-02-27 00:00:00	1.32586	1.33499	1.3233	1.33172	287331
2019-02-28 00:00:00	1.33173	1.33192	1.32531	1.32639	252264
2019-03-01 00:00:00	1.32639	1.32864	1.31716	1.31983	233865
2019-03-03 00:00:00	1.32446	1.32469	1.32291	1.32375	10342
2019-03-04 00:00:00	1.32375	1.32541	1.31663	1.31779	218973
2019-03-05 00:00:00	1.31776	1.31985	1.30975	1.31553	223770
2019-03-06 00:00:00	1.31551	1.31833	1.31237	1.31802	197107
2019-03-07 00:00:00	1.31802	1.31847	1.30679	1.309	237044
2019-03-08 00:00:00	1.30899	1.31083	1.29896	1.30111	220641
2019-03-10 00:00:00	1.29646	1.29938	1.29608	1.29842	7524
2019-03-11 00:00:00	1.29843	1.32889	1.29604	1.32453	276472
2019-03-12 00:00:00	1.32453	1.32458	1.30046	1.30638	261180
2019-03-13 00:00:00	1.30636	1.33808	1.30627	1.32863	262550
2019-03-14 00:00:00	1.32862	1.3331	1.32071	1.3257	281498
2019-03-15 00:00:00	1.3257	1.33	1.32023	1.32884	231073
2019-03-17 00:00:00	1.3295	1.32999	1.32892	1.32956	4451
2019-03-18 00:00:00	1.32956	1.32998	1.31841	1.32642	210233
2019-03-19 00:00:00	1.32642	1.33105	1.32406	1.32688	204115
2019-03-20 00:00:00	1.32688	1.32689	1.31459	1.32042	279533
2019-03-21 00:00:00	1.32041	1.32269	1.30039	1.31293	261155
2019-03-22 00:00:00	1.31293	1.32236	1.30806	1.32058	242267
2019-03-24 00:00:00	1.32127	1.32173	1.31767	1.32053	4929
2019-03-25 00:00:00	1.32053	1.32456	1.31596	1.32119	235208
2019-03-26 00:00:00	1.32119	1.32613	1.3157	1.32091	220025
2019-03-27 00:00:00	1.32091	1.32687	1.3142	1.31514	284573
2019-03-28 00:00:00	1.31513	1.31982	1.3034	1.30535	265714
2019-03-29 00:00:00	1.30533	1.31353	1.29776	1.30294	228202
2019-03-31 00:00:00	1.30368	1.30428	1.30054	1.30214	5627
2019-04-01 00:00:00	1.30206	1.31496	1.30093	1.30669	235275
2019-04-02 00:00:00	1.3067	1.31492	1.30131	1.31262	262675
2019-04-03 00:00:00	1.31262	1.31956	1.31207	1.31755	225104
2019-04-04 00:00:00	1.31755	1.31907	1.30596	1.30728	227575
2019-04-05 00:00:00	1.30728	1.31216	1.29866	1.30338	184289
2019-04-07 00:00:00	1.30337	1.30398	1.30197	1.30378	7327
2019-04-08 00:00:00	1.30376	1.30739	1.3033	1.30603	194902
2019-04-09 00:00:00	1.30605	1.3121	1.30302	1.30543	199975
2019-04-10 00:00:00	1.30544	1.31198	1.30474	1.30971	196520
2019-04-11 00:00:00	1.30971	1.3109	1.30501	1.30544	170855
2019-04-12 00:00:00	1.30543	1.31325	1.30502	1.30634	143888
2019-04-14 00:00:00	1.30737	1.30831	1.30691	1.30829	4414
2019-04-15 00:00:00	1.30829	1.31188	1.30786	1.3099	138081
2019-04-16 00:00:00	1.3099	1.31003	1.30389	1.30435	148770
2019-04-17 00:00:00	1.30436	1.30669	1.30283	1.30377	142160
2019-04-18 00:00:00	1.30377	1.30522	1.29784	1.29909	195801
2019-04-19 00:00:00	1.29913	1.30092	1.29783	1.29815	293757
2019-04-21 00:00:00	1.29894	1.29969	1.29845	1.29918	3976
2019-04-22 00:00:00	1.29918	1.29976	1.2975	1.29803	69009
2019-04-23 00:00:00	1.29805	1.30188	1.29277	1.29369	151676
2019-04-24 00:00:00	1.29369	1.29635	1.28875	1.29024	168359
2019-04-25 00:00:00	1.29023	1.29163	1.28654	1.28938	162854
2019-04-26 00:00:00	1.28938	1.29433	1.28744	1.29106	139614
2019-04-28 00:00:00	1.29137	1.29244	1.29106	1.29183	3883
2019-04-29 00:00:00	1.29184	1.29467	1.29046	1.29313	129532
2019-04-30 00:00:00	1.29313	1.30485	1.2926	1.30388	155167
2019-05-01 00:00:00	1.3039	1.3102	1.30336	1.30527	142506
2019-05-02 00:00:00	1.30527	1.30801	1.30178	1.30312	192462
2019-05-03 00:00:00	1.30314	1.31762	1.2988	1.31694	150592
2019-05-05 00:00:00	1.31388	1.31704	1.31375	1.31499	8646
2019-05-06 00:00:00	1.31499	1.31503	1.3081	1.30968	138477
2019-05-07 00:00:00	1.3097	1.3131	1.30392	1.30671	139944
2019-05-08 00:00:00	1.30669	1.308	1.29868	1.30076	159837
2019-05-09 00:00:00	1.30076	1.30355	1.29673	1.30084	149611
2019-05-10 00:00:00	1.30087	1.30471	1.29908	1.29997	146973
2019-05-12 00:00:00	1.29924	1.30115	1.29924	1.30075	5967
2019-05-13 00:00:00	1.30076	1.30407	1.29409	1.2963	129290
2019-05-14 00:00:00	1.29629	1.29703	1.2903	1.29059	122839
2019-05-15 00:00:00	1.2906	1.29229	1.2826	1.2846	128031
2019-05-16 00:00:00	1.28459	1.28515	1.27878	1.27961	107243
2019-05-17 00:00:00	1.27961	1.27967	1.27118	1.2715	126565
2019-05-19 00:00:00	1.27331	1.27358	1.27239	1.27299	3825
2019-05-20 00:00:00	1.273	1.27571	1.27144	1.27273	103400
2019-05-21 00:00:00	1.27273	1.28137	1.26849	1.27066	142199
2019-05-22 00:00:00	1.27066	1.27193	1.26239	1.26631	138946
2019-05-23 00:00:00	1.26629	1.26836	1.26049	1.26626	156890
2019-05-24 00:00:00	1.26626	1.27323	1.26471	1.27111	132925
2019-05-27 00:00:00	1.27224	1.27476	1.2667	1.26804	131948
2019-05-28 00:00:00	1.26803	1.2702	1.265	1.26583	138659
2019-05-29 00:00:00	1.26582	1.2671	1.26115	1.26285	140843
2019-05-30 00:00:00	1.26287	1.26401	1.25803	1.26059	115096
2019-05-31 00:00:00	1.2606	1.26443	1.2559	1.26302	143532
2019-06-02 00:00:00	1.26277	1.26389	1.26168	1.26386	4390
2019-06-03 00:00:00	1.26382	1.26738	1.26102	1.26632	149590
2019-06-04 00:00:00	1.26631	1.27142	1.26418	1.27029	154955
2019-06-05 00:00:00	1.27029	1.27436	1.26755	1.26873	157241
2019-06-06 00:00:00	1.26872	1.27419	1.26685	1.26942	163560
2019-06-07 00:00:00	1.26942	1.27627	1.26882	1.27354	145562
2019-06-09 00:00:00	1.27197	1.27357	1.27197	1.27215	5998
2019-06-10 00:00:00	1.27215	1.2727	1.26527	1.26901	132830
2019-06-11 00:00:00	1.269	1.27319	1.26699	1.27237	174086
2019-06-12 00:00:00	1.27238	1.27583	1.26811	1.26921	171845
2019-06-13 00:00:00	1.2692	1.27077	1.26618	1.26788	155070
2019-06-14 00:00:00	1.26786	1.26818	1.25796	1.25891	174539
2019-06-16 00:00:00	1.25784	1.25951	1.25746	1.25933	6130
2019-06-17 00:00:00	1.25932	1.26054	1.25304	1.25408	121839
2019-06-18 00:00:00	1.2541	1.25686	1.25058	1.25655	191904
2019-06-19 00:00:00	1.25655	1.26733	1.25423	1.26526	169582
2019-06-20 00:00:00	1.26526	1.27264	1.26515	1.27071	208191
2019-06-23 00:00:00	1.2729	1.27514	1.2729	1.27514	5454
2019-06-24 00:00:00	1.27514	1.27665	1.27077	1.27383	138593
2019-06-25 00:00:00	1.27384	1.27836	1.26715	1.269	164494
2019-06-26 00:00:00	1.26897	1.27071	1.26622	1.26947	208257
2019-06-27 00:00:00	1.26947	1.27247	1.26596	1.26732	181826
2019-06-28 00:00:00	1.26732	1.27345	1.2665	1.26916	159637
2019-06-30 00:00:00	1.26968	1.27025	1.26888	1.26927	7220
2019-07-01 00:00:00	1.2693	1.27053	1.26316	1.2644	152534
2019-07-02 00:00:00	1.26443	1.26455	1.25837	1.25972	140337
2019-07-03 00:00:00	1.25972	1.26	1.2557	1.25824	135344
2019-07-04 00:00:00	1.25824	1.25911	1.25683	1.25825	100822
2019-07-05 00:00:00	1.25824	1.25873	1.24808	1.25209	144631
2019-07-07 00:00:00	1.25251	1.25291	1.25229	1.25239	3954
2019-07-08 00:00:00	1.25238	1.25396	1.24996	1.25151	108761
2019-07-09 00:00:00	1.25144	1.25181	1.24393	1.24573	127551
2019-07-10 00:00:00	1.24572	1.25206	1.24435	1.25056	158488
2019-07-11 00:00:00	1.25056	1.25713	1.25049	1.25202	167139
2019-07-12 00:00:00	1.25206	1.25786	1.25199	1.25705	146164
2019-07-14 00:00:00	1.25515	1.25781	1.25397	1.25704	7515
2019-07-15 00:00:00	1.25705	1.25759	1.25099	1.25158	99644
2019-07-16 00:00:00	1.2516	1.25192	1.23959	1.24093	160041
2019-07-17 00:00:00	1.24093	1.24562	1.23816	1.24335	137421
2019-07-18 00:00:00	1.24335	1.25581	1.24276	1.25422	156147
2019-07-19 00:00:00	1.25423	1.25545	1.24757	1.24972	106375
2019-07-21 00:00:00	1.24746	1.25193	1.24746	1.25111	7776
2019-07-22 00:00:00	1.2511	1.2513	1.24551	1.24717	99281
2019-07-23 00:00:00	1.2472	1.24815	1.24174	1.2437	123620
2019-07-24 00:00:00	1.24368	1.2522	1.24263	1.24848	122058
2019-07-25 00:00:00	1.24847	1.25174	1.24365	1.24525	168370
2019-07-26 00:00:00	1.24524	1.24591	1.23757	1.23805	119701
2019-07-28 00:00:00	1.23737	1.23828	1.23737	1.23746	2536
2019-07-29 00:00:00	1.23749	1.23809	1.2212	1.22161	143070
2019-07-30 00:00:00	1.22161	1.22212	1.21185	1.21569	176541
2019-07-31 00:00:00	1.21571	1.22491	1.21334	1.2152	223515
2019-08-01 00:00:00	1.21527	1.21713	1.20791	1.21231	249564
2019-08-02 00:00:00	1.21231	1.21692	1.20898	1.21572	239676
2019-08-04 00:00:00	1.21579	1.21579	1.2127	1.21496	8677
2019-08-05 00:00:00	1.21493	1.21882	1.21013	1.2156	222756
2019-08-06 00:00:00	1.21557	1.22093	1.21365	1.21698	212984
2019-08-07 00:00:00	1.21699	1.21906	1.21207	1.21394	213519
2019-08-08 00:00:00	1.21394	1.21825	1.20949	1.2142	180462
2019-08-09 00:00:00	1.2142	1.21475	1.20214	1.20214	149148
2019-08-11 00:00:00	1.20448	1.20501	1.20148	1.20191	18062
2019-08-12 00:00:00	1.20191	1.21063	1.20167	1.20767	206814
2019-08-13 00:00:00	1.20768	1.20975	1.20416	1.20622	224523
2019-08-14 00:00:00	1.20623	1.21006	1.20444	1.20594	209190
2019-08-15 00:00:00	1.20593	1.21503	1.20502	1.20902	235403
2019-08-16 00:00:00	1.20904	1.21753	1.2081	1.21425	170553
2019-08-18 00:00:00	1.21533	1.21608	1.21422	1.21581	4275
2019-08-19 00:00:00	1.21583	1.21725	1.21044	1.21275	149972
2019-08-20 00:00:00	1.21276	1.21796	1.20639	1.21613	168033
2019-08-21 00:00:00	1.21614	1.21748	1.2112	1.21314	150607
2019-08-22 00:00:00	1.21312	1.2273	1.21081	1.22509	189156
2019-08-23 00:00:00	1.22504	1.22935	1.21941	1.22824	199874
2019-08-25 00:00:00	1.22649	1.22856	1.22593	1.22602	15217
2019-08-26 00:00:00	1.22605	1.22846	1.22075	1.22214	223564
2019-08-27 00:00:00	1.22213	1.23097	1.22085	1.22802	181313
2019-08-28 00:00:00	1.22803	1.22874	1.21556	1.22174	210617
2019-08-29 00:00:00	1.22173	1.22321	1.21719	1.21831	179828
2019-08-30 00:00:00	1.21834	1.22255	1.21389	1.21613	175195
2019-09-01 00:00:00	1.21472	1.21637	1.21381	1.21578	5512
2019-09-02 00:00:00	1.21579	1.21743	1.20355	1.20642	166558
2019-09-03 00:00:00	1.20642	1.21052	1.19581	1.20901	219895
2019-09-04 00:00:00	1.20901	1.22592	1.20842	1.22454	199580
2019-09-05 00:00:00	1.22454	1.23537	1.22097	1.23241	202766
2019-09-06 00:00:00	1.23242	1.23431	1.22791	1.228	174592
2019-09-08 00:00:00	1.22703	1.22883	1.22679	1.22838	5408
2019-09-09 00:00:00	1.22836	1.23853	1.2233	1.23451	167278
2019-09-10 00:00:00	1.23449	1.23792	1.23066	1.23571	149463
2019-09-11 00:00:00	1.23569	1.23706	1.23121	1.2334	148178
2019-09-12 00:00:00	1.23337	1.23663	1.2283	1.23282	193387
2019-09-13 00:00:00	1.23288	1.25056	1.23267	1.24974	166349
2019-09-15 00:00:00	1.2483	1.25037	1.24741	1.24957	4989
2019-09-16 00:00:00	1.24954	1.24973	1.23988	1.24249	141273
2019-09-17 00:00:00	1.24248	1.25271	1.23921	1.2501	147839
2019-09-18 00:00:00	1.25009	1.2512	1.24388	1.24686	152173
2019-09-19 00:00:00	1.24688	1.256	1.24379	1.25225	171262
2019-09-20 00:00:00	1.25225	1.25821	1.24592	1.24751	203837
2019-09-22 00:00:00	1.24657	1.24738	1.24645	1.24694	4960
2019-09-23 00:00:00	1.24695	1.24903	1.24126	1.24327	170799
2019-09-24 00:00:00	1.24326	1.25028	1.24139	1.24848	168399
2019-09-25 00:00:00	1.24848	1.2487	1.23438	1.23581	183326
2019-09-26 00:00:00	1.23582	1.23801	1.23023	1.2328	166620
2019-09-27 00:00:00	1.2328	1.23362	1.22707	1.22851	150300
2019-09-29 00:00:00	1.22901	1.22993	1.22821	1.22919	3805
2019-09-30 00:00:00	1.22917	1.23458	1.22754	1.22887	152077
2019-10-01 00:00:00	1.22889	1.23389	1.22044	1.2291	191739
2019-10-02 00:00:00	1.22912	1.23241	1.22266	1.2304	199660
2019-10-03 00:00:00	1.23039	1.24127	1.22653	1.23408	188547
2019-10-04 00:00:00	1.23406	1.23567	1.22758	1.23291	142628
2019-10-06 00:00:00	1.23068	1.23358	1.23047	1.23342	6496
2019-10-07 00:00:00	1.23342	1.23364	1.22835	1.22868	139703
2019-10-08 00:00:00	1.22872	1.23021	1.21949	1.22194	186933
2019-10-09 00:00:00	1.22193	1.22913	1.21975	1.22113	161872
2019-10-10 00:00:00	1.22113	1.24687	1.22082	1.24298	209797
2019-10-11 00:00:00	1.24298	1.2707	1.24069	1.26408	231094
2019-10-13 00:00:00	1.26242	1.26449	1.26138	1.26164	8363
2019-10-14 00:00:00	1.26166	1.26496	1.25156	1.26082	177957
2019-10-15 00:00:00	1.26079	1.2799	1.26024	1.27592	221702
2019-10-16 00:00:00	1.27592	1.28772	1.26556	1.28187	224511
2019-10-17 00:00:00	1.28188	1.29892	1.2749	1.28641	220492
2019-10-18 00:00:00	1.28642	1.29849	1.28391	1.29802	170597
2019-10-20 00:00:00	1.29498	1.29505	1.28742	1.29026	20845
2019-10-21 00:00:00	1.29022	1.3012	1.28876	1.29709	180435
2019-10-22 00:00:00	1.29709	1.29999	1.28616	1.28829	226865
2019-10-23 00:00:00	1.28829	1.29214	1.28407	1.29203	184616
2019-10-24 00:00:00	1.29201	1.295	1.2788	1.28382	183851
2019-10-25 00:00:00	1.28382	1.28627	1.2804	1.28234	124530
2019-10-27 00:00:00	1.28111	1.28338	1.28107	1.28274	6742
2019-10-28 00:00:00	1.28272	1.28761	1.28106	1.28557	133156
2019-10-29 00:00:00	1.28555	1.29047	1.28062	1.28644	164446
2019-10-30 00:00:00	1.28644	1.29073	1.28448	1.2901	157091
2019-10-31 00:00:00	1.2901	1.29756	1.29009	1.29385	179080
2019-11-01 00:00:00	1.29383	1.29723	1.29269	1.29368	140409
2019-11-03 00:00:00	1.29268	1.29403	1.29268	1.29364	3905
2019-11-04 00:00:00	1.29364	1.29424	1.28758	1.28886	120018
2019-11-05 00:00:00	1.28883	1.29172	1.28587	1.28798	144445
2019-11-06 00:00:00	1.28797	1.2897	1.28437	1.28551	112968
2019-11-07 00:00:00	1.28551	1.28777	1.27938	1.28194	155075
2019-11-08 00:00:00	1.28193	1.28226	1.27684	1.27714	113431
2019-11-10 00:00:00	1.27978	1.27978	1.27883	1.27944	3532
2019-11-11 00:00:00	1.27943	1.28981	1.27853	1.28533	115947
2019-11-12 00:00:00	1.28533	1.28735	1.28151	1.28502	121014
2019-11-13 00:00:00	1.28501	1.28588	1.28216	1.2853	122551
2019-11-14 00:00:00	1.2853	1.28882	1.28245	1.28815	113687
2019-11-15 00:00:00	1.28813	1.29189	1.28671	1.28998	99141
2019-11-17 00:00:00	1.29239	1.2924	1.29093	1.2919	8982
2019-11-18 00:00:00	1.2919	1.29854	1.29156	1.29488	113312
2019-11-19 00:00:00	1.29484	1.29697	1.29101	1.2928	110570
2019-11-20 00:00:00	1.29279	1.29287	1.28872	1.29252	110653
2019-11-21 00:00:00	1.29252	1.29699	1.28929	1.29188	129987
2019-11-22 00:00:00	1.29187	1.29284	1.28232	1.28283	123978
2019-11-24 00:00:00	1.28554	1.28554	1.28431	1.28508	3496
2019-11-25 00:00:00	1.28506	1.29115	1.28406	1.28959	103822
2019-11-26 00:00:00	1.28957	1.29031	1.28348	1.286	107768
2019-11-27 00:00:00	1.286	1.29501	1.28271	1.2929	119403
2019-11-28 00:00:00	1.29295	1.29506	1.28991	1.29114	111859
2019-11-29 00:00:00	1.29111	1.29419	1.28787	1.29132	104758
2019-12-01 00:00:00	1.29093	1.29167	1.29092	1.29116	4051
2019-12-02 00:00:00	1.29115	1.29487	1.28959	1.29393	108274
2019-12-03 00:00:00	1.29392	1.30115	1.29302	1.29965	124012
2019-12-04 00:00:00	1.29966	1.31204	1.29822	1.31086	140285
2019-12-05 00:00:00	1.31088	1.31662	1.3105	1.31574	121409
2019-12-06 00:00:00	1.31576	1.3165	1.31003	1.31319	113009
2019-12-08 00:00:00	1.3134	1.31414	1.31327	1.31379	4255
2019-12-09 00:00:00	1.31378	1.31804	1.3133	1.31453	109518
2019-12-10 00:00:00	1.31452	1.32151	1.31067	1.31287	135326
2019-12-11 00:00:00	1.31287	1.32136	1.31114	1.31992	132617
2019-12-12 00:00:00	1.31992	1.35149	1.30503	1.34728	207765
2019-12-13 00:00:00	1.34728	1.35075	1.33053	1.33266	229316
2019-12-15 00:00:00	1.33349	1.33544	1.33348	1.33532	9464
2019-12-16 00:00:00	1.33532	1.34218	1.32351	1.3267	159396
2019-12-17 00:00:00	1.32672	1.33006	1.3099	1.31217	197633
2019-12-18 00:00:00	1.31218	1.31289	1.30594	1.30842	204302
2019-12-19 00:00:00	1.30842	1.3133	1.29897	1.30167	193403
2019-12-20 00:00:00	1.30166	1.30791	1.29783	1.29952	130645
2019-12-22 00:00:00	1.30019	1.30136	1.29856	1.30051	10901
2019-12-23 00:00:00	1.30053	1.30317	1.29045	1.29432	139784
2019-12-24 00:00:00	1.29432	1.29702	1.29085	1.29301	121950
2019-12-25 00:00:00	1.293	1.29733	1.29275	1.29694	4228
2019-12-26 00:00:00	1.29694	1.30156	1.29596	1.30008	84154
2019-12-27 00:00:00	1.30008	1.31169	1.2968	1.30758	130549
2019-12-29 00:00:00	1.30848	1.30976	1.30576	1.30897	3517
2019-12-30 00:00:00	1.30894	1.315	1.30854	1.31109	132592
2019-12-31 00:00:00	1.31107	1.3284	1.31054	1.32559	144725
2020-01-01 00:00:00	1.32463	1.32608	1.32457	1.32497	13079
2020-01-02 00:00:00	1.32497	1.32661	1.31152	1.31467	236689
2020-01-03 00:00:00	1.31466	1.316	1.30531	1.30787	172338
2020-01-05 00:00:00	1.30808	1.30855	1.30633	1.30768	6456
2020-01-06 00:00:00	1.30767	1.31785	1.30638	1.31711	146562
2020-01-07 00:00:00	1.31708	1.3212	1.30948	1.31134	173968
2020-01-08 00:00:00	1.31135	1.31694	1.30799	1.31051	200783
2020-01-09 00:00:00	1.31047	1.31233	1.30126	1.30691	188161
2020-01-10 00:00:00	1.30691	1.30968	1.30422	1.30569	144384
2020-01-12 00:00:00	1.30347	1.30441	1.30287	1.30432	3995
2020-01-13 00:00:00	1.30432	1.3045	1.29608	1.29859	148135
2020-01-14 00:00:00	1.29858	1.30329	1.29542	1.30211	148022
2020-01-15 00:00:00	1.30211	1.30582	1.2985	1.30392	138964
2020-01-16 00:00:00	1.30395	1.30828	1.30252	1.3076	138653
2020-01-17 00:00:00	1.30758	1.31184	1.3005	1.30058	146595
2020-01-19 00:00:00	1.29915	1.30071	1.29915	1.30051	4403
2020-01-20 00:00:00	1.30052	1.30132	1.29617	1.30035	95090
2020-01-21 00:00:00	1.30037	1.30831	1.29952	1.30451	137613
2020-01-22 00:00:00	1.30451	1.31525	1.30343	1.31435	165261
2020-01-23 00:00:00	1.31435	1.31508	1.30966	1.31186	134584
2020-01-24 00:00:00	1.31185	1.31739	1.30565	1.30701	147582
2020-01-26 00:00:00	1.30799	1.30799	1.30606	1.30606	8112
2020-01-27 00:00:00	1.30606	1.3105	1.30395	1.30588	117845
2020-01-28 00:00:00	1.30588	1.30649	1.29752	1.30231	115531
2020-01-29 00:00:00	1.3023	1.30273	1.29892	1.30207	97494
2020-01-30 00:00:00	1.30207	1.31099	1.29773	1.30846	149657
2020-01-31 00:00:00	1.30846	1.3209	1.30835	1.32014	144599
2020-02-02 00:00:00	1.31766	1.31837	1.31717	1.31807	6862
2020-02-03 00:00:00	1.31806	1.3182	1.29827	1.29963	159842
2020-02-04 00:00:00	1.29963	1.30464	1.2941	1.30302	165877
2020-02-05 00:00:00	1.30302	1.30697	1.2956	1.29949	165999
2020-02-06 00:00:00	1.29949	1.29986	1.29211	1.29299	129981
2020-02-07 00:00:00	1.29296	1.29589	1.28813	1.28818	150625
2020-02-09 00:00:00	1.28843	1.28916	1.28822	1.28893	5665
2020-02-10 00:00:00	1.28894	1.29459	1.28716	1.29154	131198
2020-02-11 00:00:00	1.29154	1.29679	1.28941	1.29557	130032
2020-02-12 00:00:00	1.29554	1.29914	1.29511	1.29573	1430094
2020-02-13 00:00:00	1.29574	1.30693	1.29439	1.30447	901462
2020-02-14 00:00:00	1.30445	1.30634	1.30009	1.30455	618446
2020-02-16 00:00:00	1.30324	1.30537	1.30295	1.30509	3334
2020-02-17 00:00:00	1.30509	1.3051	1.29977	1.30055	101687
2020-02-18 00:00:00	1.30055	1.30486	1.29705	1.29987	155994
2020-02-19 00:00:00	1.29987	1.30229	1.29072	1.29255	147435
2020-02-20 00:00:00	1.29255	1.29281	1.28488	1.28803	121837
2020-02-21 00:00:00	1.28803	1.29806	1.28785	1.29529	155393
2020-02-23 00:00:00	1.29449	1.29543	1.29423	1.29513	5764
2020-02-24 00:00:00	1.29513	1.2954	1.28864	1.29239	171208
2020-02-25 00:00:00	1.29238	1.30179	1.2914	1.3002	184183
2020-02-26 00:00:00	1.3002	1.30077	1.28927	1.29054	192241
2020-02-27 00:00:00	1.29055	1.29462	1.28599	1.2887	214353
2020-02-28 00:00:00	1.2887	1.29195	1.27255	1.28125	246794
2020-03-01 00:00:00	1.27879	1.28219	1.27746	1.28038	10819
2020-03-02 00:00:00	1.28039	1.28503	1.27387	1.2766	260818
2020-03-03 00:00:00	1.2766	1.28438	1.27581	1.28194	268520
2020-03-04 00:00:00	1.28195	1.28725	1.27698	1.28707	190685
2020-03-05 00:00:00	1.28707	1.29683	1.28603	1.29487	169012
2020-03-06 00:00:00	1.29489	1.30517	1.29488	1.30459	261308
2020-03-08 00:00:00	1.30726	1.31053	1.30691	1.3096	16289
2020-03-09 00:00:00	1.30958	1.32003	1.30342	1.30726	353355
2020-03-10 00:00:00	1.30727	1.30884	1.28654	1.29048	319252
2020-03-11 00:00:00	1.29048	1.29765	1.28035	1.28168	236896
2020-03-12 00:00:00	1.28166	1.28487	1.24899	1.25708	330172
2020-03-13 00:00:00	1.25706	1.2624	1.22597	1.22673	345672
2020-03-15 00:00:00	1.22617	1.24214	1.22617	1.23971	45224
2020-03-16 00:00:00	1.23964	1.23991	1.22015	1.22655	394032
2020-03-17 00:00:00	1.22655	1.22695	1.20009	1.21152	428173
2020-03-18 00:00:00	1.21155	1.21294	1.14497	1.1608	395457
2020-03-19 00:00:00	1.16084	1.1793	1.14095	1.14901	434045
2020-03-20 00:00:00	1.149	1.19334	1.14755	1.16301	381367
2020-03-22 00:00:00	1.16693	1.16792	1.15314	1.16176	33335
2020-03-23 00:00:00	1.16178	1.17133	1.14462	1.15948	419734
2020-03-24 00:00:00	1.15945	1.17989	1.15792	1.17884	412188
2020-03-25 00:00:00	1.17884	1.1973	1.16383	1.18466	391441
2020-03-26 00:00:00	1.18466	1.22292	1.18182	1.21914	395457
2020-03-27 00:00:00	1.21924	1.24851	1.21436	1.24448	390278
2020-03-29 00:00:00	1.24283	1.24542	1.23914	1.24495	12552
2020-03-30 00:00:00	1.24496	1.24656	1.23166	1.23673	266504
2020-03-31 00:00:00	1.23673	1.24725	1.22419	1.24047	647613
2020-04-01 00:00:00	1.24047	1.2438	1.23297	1.23797	569220
2020-04-02 00:00:00	1.23797	1.24751	1.23482	1.23904	544072
2020-04-03 00:00:00	1.23904	1.23949	1.22051	1.2264	452843
2020-04-05 00:00:00	1.22296	1.22641	1.22102	1.22164	27718
2020-04-06 00:00:00	1.22164	1.23269	1.21645	1.22303	420476
2020-04-07 00:00:00	1.22303	1.23839	1.22177	1.2336	440440
2020-04-08 00:00:00	1.23359	1.24192	1.22876	1.23902	295206
2020-04-09 00:00:00	1.23902	1.24829	1.23602	1.24524	371836
2020-04-10 00:00:00	1.24524	1.24862	1.24419	1.24449	287804
2020-04-12 00:00:00	1.24506	1.24718	1.24455	1.24593	14059
2020-04-13 00:00:00	1.24583	1.25364	1.24527	1.25195	231396
2020-04-14 00:00:00	1.25193	1.2647	1.25088	1.26241	236196
2020-04-15 00:00:00	1.26242	1.26242	1.24365	1.25178	231300
2020-04-16 00:00:00	1.25177	1.25243	1.24075	1.24867	278374
2020-04-17 00:00:00	1.24864	1.25219	1.24065	1.24939	273502
2020-04-19 00:00:00	1.24935	1.24996	1.24843	1.24843	3991
2020-04-20 00:00:00	1.24844	1.24918	1.24162	1.24396	204311
2020-04-21 00:00:00	1.24395	1.24415	1.22469	1.23006	245071
2020-04-23 00:00:00	1.23216	1.24146	1.23076	1.23513	225371
2020-04-24 00:00:00	1.2351	1.23769	1.22978	1.23654	196417
2020-04-26 00:00:00	1.23627	1.23686	1.23626	1.23667	3438
2020-04-27 00:00:00	1.23667	1.24543	1.23593	1.24207	156232
2020-04-28 00:00:00	1.24204	1.2518	1.24034	1.24341	158108
2020-04-29 00:00:00	1.24342	1.24851	1.23886	1.24696	162544
2020-04-30 00:00:00	1.24696	1.26429	1.24284	1.25805	219832
2020-05-01 00:00:00	1.25805	1.25812	1.24828	1.24869	165507
2020-05-03 00:00:00	1.24851	1.24868	1.24488	1.24548	9482
2020-05-04 00:00:00	1.24548	1.24756	1.2405	1.24445	160608
2020-05-05 00:00:00	1.24446	1.24835	1.242	1.24432	174683
2020-05-06 00:00:00	1.24435	1.24498	1.2322	1.23236	228279
2020-05-07 00:00:00	1.23237	1.24181	1.22657	1.23732	193527
2020-05-08 00:00:00	1.23732	1.24667	1.23559	1.24033	122287
2020-05-10 00:00:00	1.23965	1.24169	1.2387	1.24163	6011
2020-05-11 00:00:00	1.24163	1.24372	1.22828	1.23311	194070
2020-05-12 00:00:00	1.23309	1.23778	1.22508	1.2251	201257
2020-05-13 00:00:00	1.22512	1.23396	1.22096	1.22379	225944
2020-05-14 00:00:00	1.22379	1.22408	1.21653	1.22331	213037
2020-05-15 00:00:00	1.2233	1.22385	1.20998	1.21003	202183
2020-05-17 00:00:00	1.20824	1.20981	1.20745	1.20844	16794
2020-05-18 00:00:00	1.20844	1.22271	1.20838	1.21994	191408
2020-05-19 00:00:00	1.21994	1.22961	1.21834	1.22551	195975
2020-05-20 00:00:00	1.22554	1.22874	1.2221	1.22359	173047
2020-05-21 00:00:00	1.22363	1.22494	1.21853	1.22217	169948
2020-05-22 00:00:00	1.22218	1.22334	1.21613	1.21665	152931
2020-05-24 00:00:00	1.21734	1.21876	1.2164	1.21854	5760
2020-05-25 00:00:00	1.21853	1.22032	1.21635	1.22015	168717
2020-05-26 00:00:00	1.22015	1.23628	1.21968	1.23313	199867
2020-05-27 00:00:00	1.23314	1.23538	1.22043	1.22625	266209
2020-05-28 00:00:00	1.22627	1.23443	1.22335	1.23182	227028
2020-05-29 00:00:00	1.23178	1.23939	1.22903	1.23454	287394
2020-05-31 00:00:00	1.23236	1.23538	1.23235	1.23448	9555
2020-06-01 00:00:00	1.23455	1.25065	1.2343	1.24856	208236
2020-06-02 00:00:00	1.24856	1.25831	1.24782	1.25801	232904
2020-06-03 00:00:00	1.25801	1.26149	1.25532	1.25734	323367
2020-06-04 00:00:00	1.25735	1.2633	1.25004	1.26054	364171
2020-06-05 00:00:00	1.26054	1.27309	1.25825	1.26656	343242
2020-06-07 00:00:00	1.26767	1.27294	1.2664	1.27184	8408
2020-06-08 00:00:00	1.27183	1.27403	1.26276	1.2734	238271
2020-06-09 00:00:00	1.2734	1.27554	1.2618	1.2709	302934
2020-06-10 00:00:00	1.27089	1.28127	1.27059	1.2711	416402
2020-06-11 00:00:00	1.27113	1.27502	1.25696	1.25724	470221
2020-06-12 00:00:00	1.25723	1.2653	1.24734	1.25396	452957
2020-06-14 00:00:00	1.25112	1.25204	1.24855	1.25083	29051
2020-06-15 00:00:00	1.25083	1.26379	1.2454	1.26373	423845
2020-06-16 00:00:00	1.26376	1.26871	1.25523	1.25816	467075
2020-06-17 00:00:00	1.25817	1.25885	1.25105	1.25495	364171
2020-06-18 00:00:00	1.25496	1.25625	1.24013	1.2424	352584
2020-06-19 00:00:00	1.24241	1.24556	1.23424	1.23476	277796
2020-06-21 00:00:00	1.23419	1.2359	1.23377	1.23454	11839
2020-06-22 00:00:00	1.23452	1.25071	1.2335	1.24999	273289
2020-06-23 00:00:00	1.24999	1.25317	1.24317	1.25241	312202
2020-06-24 00:00:00	1.25244	1.25425	1.24108	1.24118	344148
2020-06-25 00:00:00	1.2412	1.24639	1.23886	1.24239	283575
2020-06-26 00:00:00	1.24242	1.24365	1.23142	1.23343	205752
2020-06-28 00:00:00	1.23442	1.23482	1.23253	1.23401	6167
2020-06-29 00:00:00	1.23401	1.23892	1.22514	1.23104	207814
2020-06-30 00:00:00	1.23105	1.24015	1.22573	1.23874	241907
2020-07-01 00:00:00	1.23874	1.24902	1.23592	1.24637	233343
2020-07-02 00:00:00	1.24636	1.25298	1.2456	1.24656	215594
2020-07-03 00:00:00	1.24655	1.24879	1.24377	1.24798	193461
2020-07-05 00:00:00	1.2464	1.24775	1.24536	1.24736	3895
2020-07-06 00:00:00	1.24736	1.25201	1.24732	1.24944	188220
2020-07-07 00:00:00	1.24943	1.25921	1.24622	1.25404	216968
2020-07-08 00:00:00	1.25406	1.2623	1.25084	1.26125	214323
2020-07-09 00:00:00	1.26124	1.26691	1.2598	1.26049	227342
2020-07-10 00:00:00	1.26049	1.26638	1.25666	1.26202	202418
2020-07-12 00:00:00	1.26126	1.26373	1.2612	1.26259	5560
2020-07-13 00:00:00	1.26257	1.2666	1.255	1.25514	193295
2020-07-14 00:00:00	1.25513	1.25743	1.24797	1.25684	369061
2020-07-15 00:00:00	1.25686	1.26493	1.25633	1.25903	230700
2020-07-16 00:00:00	1.25902	1.26248	1.25196	1.2558	271139
2020-07-17 00:00:00	1.25583	1.25742	1.25115	1.25654	135835
2020-07-19 00:00:00	1.25449	1.25719	1.2533	1.25702	4241
2020-07-20 00:00:00	1.257	1.26652	1.25178	1.26607	179886
2020-07-21 00:00:00	1.26607	1.27679	1.26499	1.27317	205436
2020-07-22 00:00:00	1.27322	1.27435	1.26436	1.27266	255729
2020-07-23 00:00:00	1.27268	1.27598	1.26726	1.27294	247465
2020-07-24 00:00:00	1.27294	1.28033	1.27168	1.27926	222172
2020-07-26 00:00:00	1.27903	1.28013	1.2774	1.2794	8333
2020-07-27 00:00:00	1.27938	1.29028	1.27933	1.28878	255257
2020-07-28 00:00:00	1.28878	1.29525	1.28379	1.29238	233629
2020-07-29 00:00:00	1.29238	1.30133	1.29116	1.29786	248685
2020-07-30 00:00:00	1.29786	1.31199	1.29441	1.3115	285909
2020-07-31 00:00:00	1.3115	1.31699	1.30701	1.30836	322374
2020-08-02 00:00:00	1.30755	1.31043	1.30662	1.30987	13368
2020-08-03 00:00:00	1.30987	1.31124	1.30044	1.30776	297721
2020-08-04 00:00:00	1.30774	1.31078	1.29809	1.30843	215527
2020-08-05 00:00:00	1.30845	1.31612	1.30575	1.31247	238839
2020-08-06 00:00:00	1.31248	1.31855	1.31183	1.31368	325912
2020-08-07 00:00:00	1.31369	1.31472	1.30092	1.30509	266962
2020-08-09 00:00:00	1.30535	1.30654	1.30371	1.30501	6496
2020-08-10 00:00:00	1.30501	1.31031	1.30187	1.3076	253181
2020-08-11 00:00:00	1.3076	1.31316	1.30412	1.30507	271131
2020-08-12 00:00:00	1.30508	1.30674	1.3005	1.30456	271266
2020-08-13 00:00:00	1.30458	1.31246	1.30429	1.30695	229646
2020-08-14 00:00:00	1.30695	1.31423	1.30479	1.30829	197650
2020-08-16 00:00:00	1.3091	1.31062	1.30876	1.31046	4431
2020-08-17 00:00:00	1.31046	1.31216	1.30738	1.31058	182370
2020-08-18 00:00:00	1.31058	1.32542	1.31054	1.32524	259265
2020-08-19 00:00:00	1.32522	1.32671	1.3091	1.31092	276073
2020-08-20 00:00:00	1.31091	1.32245	1.30641	1.3218	286816
2020-08-21 00:00:00	1.32181	1.32549	1.30588	1.30881	346067
2020-08-23 00:00:00	1.30798	1.31011	1.30798	1.30921	5854
2020-08-24 00:00:00	1.30922	1.31489	1.30532	1.30702	221130
2020-08-25 00:00:00	1.30703	1.31703	1.30585	1.31496	236192
2020-08-26 00:00:00	1.31495	1.32195	1.31168	1.32187	218433
2020-08-27 00:00:00	1.32188	1.32844	1.31606	1.31998	379541
2020-08-28 00:00:00	1.31997	1.33562	1.31858	1.33488	315139
2020-08-30 00:00:00	1.33328	1.33578	1.33328	1.33548	7596
2020-08-31 00:00:00	1.33547	1.33952	1.33008	1.33629	710562
2020-09-01 00:00:00	1.33631	1.34821	1.3356	1.33996	396543
2020-09-02 00:00:00	1.33994	1.34004	1.32829	1.33474	327192
2020-09-03 00:00:00	1.33475	1.33477	1.32421	1.32632	329350
2020-09-04 00:00:00	1.32634	1.33187	1.31756	1.32782	341131
2020-09-06 00:00:00	1.32468	1.32657	1.32389	1.32462	10934
2020-09-07 00:00:00	1.32463	1.32573	1.31401	1.31603	205584
2020-09-08 00:00:00	1.31603	1.31654	1.29496	1.29641	337382
2020-09-09 00:00:00	1.29646	1.30231	1.28845	1.29981	324351
2020-09-10 00:00:00	1.2998	1.30347	1.27731	1.28066	438461
2020-09-11 00:00:00	1.28068	1.28654	1.27621	1.27942	274452
2020-09-13 00:00:00	1.27733	1.28117	1.27664	1.28065	5742
2020-09-14 00:00:00	1.28062	1.29191	1.27905	1.2848	208178
2020-09-15 00:00:00	1.28481	1.2926	1.28143	1.28829	230389
2020-09-16 00:00:00	1.28826	1.3007	1.28748	1.296	276512
2020-09-17 00:00:00	1.29601	1.29986	1.28645	1.29747	378461
2020-09-18 00:00:00	1.29746	1.29996	1.29139	1.29143	251000
2020-09-20 00:00:00	1.29237	1.29382	1.29088	1.2932	9778
2020-09-21 00:00:00	1.2932	1.29663	1.2775	1.28174	317233
2020-09-22 00:00:00	1.28174	1.28669	1.27105	1.27423	326176
2020-09-23 00:00:00	1.27423	1.27768	1.26748	1.27134	316707
2020-09-24 00:00:00	1.27133	1.2781	1.26903	1.27555	335427
2020-09-25 00:00:00	1.27554	1.28054	1.26871	1.27395	230644
2020-09-27 00:00:00	1.27617	1.27719	1.27536	1.2764	6071
2020-09-28 00:00:00	1.2764	1.29298	1.27508	1.28729	254140
2020-09-29 00:00:00	1.28731	1.29026	1.28222	1.28644	267981
2020-09-30 00:00:00	1.28643	1.29424	1.28052	1.29157	330170
2020-10-01 00:00:00	1.29159	1.29782	1.28191	1.28852	324715
2020-10-02 00:00:00	1.28853	1.29537	1.28365	1.29274	361684
2020-10-04 00:00:00	1.29337	1.29353	1.29128	1.29286	12470
2020-10-05 00:00:00	1.29287	1.29934	1.28994	1.29924	219245
2020-10-06 00:00:00	1.29924	1.3007	1.28662	1.28832	308518
2020-10-07 00:00:00	1.28832	1.29293	1.2845	1.29157	275565
2020-10-08 00:00:00	1.29157	1.297	1.28908	1.2939	224693
2020-10-09 00:00:00	1.29388	1.30486	1.29208	1.30433	214085
2020-10-11 00:00:00	1.30234	1.30372	1.3023	1.30301	7214
2020-10-12 00:00:00	1.30298	1.30825	1.30051	1.30641	183707
2020-10-13 00:00:00	1.30641	1.30676	1.29215	1.29342	244171
2020-10-14 00:00:00	1.29342	1.30641	1.28623	1.30113	266936
2020-10-15 00:00:00	1.30116	1.30297	1.28901	1.29031	256028
2020-10-16 00:00:00	1.29031	1.29619	1.28618	1.29082	324669
2020-10-18 00:00:00	1.28924	1.29282	1.2892	1.29254	8153
2020-10-19 00:00:00	1.29255	1.3024	1.29219	1.29471	288723
2020-10-20 00:00:00	1.29472	1.29796	1.2911	1.29556	227496
2020-10-21 00:00:00	1.29558	1.31766	1.29536	1.31288	418783
2020-10-22 00:00:00	1.31287	1.31497	1.30702	1.30774	707716
2020-10-23 00:00:00	1.30776	1.31223	1.30187	1.30391	533648
2020-10-25 00:00:00	1.30563	1.30578	1.30241	1.30527	29717
2020-10-26 00:00:00	1.30527	1.30745	1.29925	1.30151	824044
2020-10-27 00:00:00	1.30151	1.30794	1.30008	1.30302	528742
2020-10-28 00:00:00	1.30301	1.30632	1.29162	1.29887	490687
2020-10-29 00:00:00	1.29886	1.30254	1.28804	1.29307	504592
2020-10-30 00:00:00	1.29307	1.29879	1.28987	1.29472	495604
2020-11-01 00:00:00	1.29243	1.29387	1.29178	1.29254	9392
2020-11-02 00:00:00	1.29253	1.29424	1.28538	1.29215	412160
2020-11-03 00:00:00	1.29213	1.31307	1.29146	1.31189	307247
2020-11-04 00:00:00	1.31186	1.31397	1.2914	1.29653	901813
2020-11-05 00:00:00	1.29656	1.31567	1.29389	1.31378	678941
2020-11-06 00:00:00	1.31377	1.31769	1.30922	1.31477	661920
2020-11-08 00:00:00	1.31592	1.3182	1.31479	1.31793	28328
2020-11-09 00:00:00	1.31794	1.32078	1.31179	1.31684	881930
2020-11-10 00:00:00	1.31683	1.32778	1.31568	1.32607	595744
2020-11-11 00:00:00	1.32605	1.33132	1.31908	1.32232	289369
2020-11-12 00:00:00	1.32229	1.32281	1.31061	1.31204	255907
2020-11-13 00:00:00	1.31205	1.31996	1.31088	1.31983	193090
2020-11-15 00:00:00	1.3166	1.32236	1.3166	1.32189	7395
2020-11-16 00:00:00	1.32189	1.3242	1.31652	1.3221	206695
2020-11-17 00:00:00	1.32211	1.32725	1.31928	1.3256	167149
2020-11-18 00:00:00	1.3256	1.33121	1.32435	1.32512	145720
2020-11-19 00:00:00	1.32509	1.32787	1.31957	1.32468	206424
2020-11-20 00:00:00	1.3247	1.32975	1.3247	1.32817	160504
2020-11-22 00:00:00	1.32927	1.33045	1.328	1.33031	8313
2020-11-23 00:00:00	1.33028	1.33975	1.32633	1.33257	174470
2020-11-24 00:00:00	1.33256	1.33801	1.32927	1.33612	189391
2020-11-25 00:00:00	1.33612	1.33931	1.33038	1.33827	183356
2020-11-26 00:00:00	1.33829	1.33975	1.33217	1.33528	132930
2020-11-27 00:00:00	1.3353	1.33814	1.32875	1.33068	188982
2020-11-29 00:00:00	1.3331	1.33348	1.33049	1.33315	9268
2020-11-30 00:00:00	1.33317	1.33846	1.33048	1.33348	212881
2020-12-01 00:00:00	1.33351	1.3442	1.33153	1.3421	203748
2020-12-02 00:00:00	1.3422	1.34409	1.32872	1.33678	213804
2020-12-03 00:00:00	1.33681	1.34997	1.33528	1.34515	231100
2020-12-04 00:00:00	1.34515	1.35391	1.34098	1.34332	270262
2020-12-06 00:00:00	1.34092	1.34211	1.34092	1.34144	8848
2020-12-07 00:00:00	1.34143	1.34373	1.32243	1.33548	250880
2020-12-08 00:00:00	1.3355	1.33932	1.32896	1.33643	251838
2020-12-09 00:00:00	1.33642	1.34778	1.33235	1.3365	209272
2020-12-10 00:00:00	1.33652	1.33894	1.3245	1.33015	234532
2020-12-11 00:00:00	1.33016	1.33239	1.31339	1.32203	227047
2020-12-13 00:00:00	1.33603	1.33633	1.33146	1.33157	17317
2020-12-14 00:00:00	1.33156	1.34451	1.32897	1.33249	188460
2020-12-15 00:00:00	1.33248	1.34688	1.32798	1.34465	210227
2020-12-16 00:00:00	1.34466	1.35545	1.34339	1.35019	153774
2020-12-17 00:00:00	1.35018	1.36244	1.34948	1.35681	113781
2020-12-18 00:00:00	1.35691	1.3573	1.34712	1.35142	141726
2020-12-20 00:00:00	1.34004	1.34409	1.33939	1.34005	10837
2020-12-21 00:00:00	1.34016	1.34995	1.31875	1.34466	210469
2020-12-22 00:00:00	1.34465	1.34569	1.33036	1.3401	182261
2020-12-23 00:00:00	1.34009	1.35704	1.33704	1.35122	213427
2020-12-24 00:00:00	1.35123	1.36188	1.35021	1.35357	235503
2020-12-25 00:00:00	1.35357	1.3587	1.35308	1.35408	670
2020-12-27 00:00:00	1.35452	1.35719	1.35424	1.35694	6577
2020-12-28 00:00:00	1.35702	1.35753	1.3429	1.3464	136787
2020-12-29 00:00:00	1.34639	1.35224	1.34591	1.34967	170955
2020-12-30 00:00:00	1.34967	1.363	1.34927	1.36286	186913
2020-12-31 00:00:00	1.36286	1.36859	1.36037	1.3663	209151
2021-01-03 00:00:00	1.36455	1.36831	1.36454	1.36803	6805
2021-01-04 00:00:00	1.36809	1.37039	1.35412	1.35705	184645
2021-01-05 00:00:00	1.35708	1.36417	1.3554	1.36268	153554
2021-01-06 00:00:00	1.36269	1.36707	1.35384	1.36234	197234
2021-01-07 00:00:00	1.36234	1.3633	1.35325	1.35684	145139
2021-01-08 00:00:00	1.35683	1.36356	1.35378	1.35621	151506
2021-01-10 00:00:00	1.35588	1.35697	1.35095	1.35182	5853
2021-01-11 00:00:00	1.35181	1.35347	1.34503	1.35225	121180
2021-01-12 00:00:00	1.35225	1.367	1.3504	1.36664	111175
2021-01-13 00:00:00	1.36665	1.37009	1.36113	1.36471	119580
2021-01-14 00:00:00	1.36471	1.37107	1.3616	1.36822	115261
2021-01-15 00:00:00	1.3682	1.36977	1.35721	1.35769	104907
2021-01-17 00:00:00	1.35922	1.35996	1.35691	1.35702	4986
2021-01-18 00:00:00	1.35702	1.35894	1.35193	1.3582	84952
2021-01-19 00:00:00	1.35822	1.36471	1.35809	1.36437	87473
2021-01-20 00:00:00	1.36436	1.37186	1.3623	1.36662	91205
2021-01-21 00:00:00	1.36663	1.37456	1.36583	1.37283	92720
2021-01-22 00:00:00	1.37284	1.37359	1.36355	1.36784	81575
2021-01-24 00:00:00	1.36763	1.36909	1.36722	1.3685	3223
2021-01-25 00:00:00	1.36853	1.37232	1.36484	1.36765	85927
2021-01-26 00:00:00	1.36768	1.37442	1.36092	1.3741	83009
2021-01-27 00:00:00	1.37408	1.37585	1.36588	1.36705	130157
2021-01-28 00:00:00	1.36702	1.37457	1.36298	1.37244	116683
2021-01-29 00:00:00	1.37244	1.37512	1.3657	1.37023	134631
2021-01-31 00:00:00	1.37052	1.37078	1.36935	1.36971	6082
2021-02-01 00:00:00	1.3697	1.37574	1.3656	1.36751	102445
2021-02-02 00:00:00	1.36752	1.37101	1.36108	1.3659	89770
2021-02-03 00:00:00	1.3659	1.36832	1.36189	1.36493	78776
2021-02-04 00:00:00	1.36494	1.36978	1.35655	1.36719	107886
2021-02-05 00:00:00	1.3672	1.37397	1.36657	1.37291	73449
2021-02-07 00:00:00	1.37151	1.37398	1.37135	1.37372	13406
2021-02-08 00:00:00	1.37371	1.37491	1.368	1.3745	61579
2021-02-09 00:00:00	1.3745	1.38203	1.37419	1.3815	74783
2021-02-10 00:00:00	1.38153	1.38658	1.38023	1.38302	80507
2021-02-11 00:00:00	1.38302	1.38593	1.38001	1.38109	59750
2021-02-12 00:00:00	1.38107	1.38623	1.37754	1.38497	57305
2021-02-14 00:00:00	1.38482	1.38712	1.38482	1.38687	10436
2021-02-15 00:00:00	1.38685	1.39188	1.38653	1.39138	60434
2021-02-16 00:00:00	1.39135	1.39515	1.3869	1.3885	86190
2021-02-17 00:00:00	1.3885	1.39037	1.38294	1.38658	95790
2021-02-18 00:00:00	1.38657	1.39859	1.38395	1.3967	88964
2021-02-19 00:00:00	1.3967	1.40359	1.39511	1.40059	76394
2021-02-21 00:00:00	1.4011	1.40312	1.40058	1.40272	5671
2021-02-22 00:00:00	1.40273	1.40861	1.39803	1.40673	80671
2021-02-23 00:00:00	1.40673	1.41203	1.40541	1.4119	79115
2021-02-24 00:00:00	1.4119	1.42415	1.40819	1.41461	94455
2021-02-25 00:00:00	1.41459	1.4182	1.4	1.40033	144933
2021-02-26 00:00:00	1.40035	1.40214	1.38876	1.39244	168609
2021-02-28 00:00:00	1.3929	1.39792	1.39286	1.39734	11555
2021-03-01 00:00:00	1.39735	1.3999	1.39035	1.39285	101812
2021-03-02 00:00:00	1.39285	1.39768	1.38587	1.39536	101766
2021-03-03 00:00:00	1.39542	1.40061	1.39207	1.39208	125839
2021-03-04 00:00:00	1.39208	1.40171	1.38801	1.38933	150148
2021-03-05 00:00:00	1.3893	1.39062	1.37784	1.38357	152502
2021-03-07 00:00:00	1.38114	1.38654	1.38059	1.38505	14838
2021-03-08 00:00:00	1.38505	1.3859	1.37999	1.38212	118594
2021-03-09 00:00:00	1.38213	1.39253	1.38016	1.3887	107513
2021-03-10 00:00:00	1.3887	1.39378	1.38453	1.393	111772
2021-03-11 00:00:00	1.393	1.39956	1.39186	1.39874	91041
2021-03-12 00:00:00	1.39872	1.40045	1.38632	1.39129	97612
2021-03-14 00:00:00	1.39143	1.39318	1.39122	1.39294	4457
2021-03-15 00:00:00	1.39298	1.39495	1.3853	1.38981	87456
2021-03-16 00:00:00	1.38981	1.39059	1.38089	1.3902	81515
2021-03-17 00:00:00	1.3902	1.39759	1.38506	1.39749	99018
2021-03-18 00:00:00	1.3975	1.40012	1.38971	1.39227	117958
2021-03-19 00:00:00	1.39228	1.39591	1.38301	1.38662	94728
2021-03-21 00:00:00	1.3835	1.3847	1.38292	1.38333	4973
2021-03-22 00:00:00	1.38334	1.38767	1.38174	1.38587	62520
2021-03-23 00:00:00	1.38593	1.38619	1.37234	1.37311	87944
2021-03-24 00:00:00	1.37312	1.37424	1.36738	1.36883	82880
2021-03-25 00:00:00	1.36885	1.37482	1.367	1.37461	84066
2021-03-26 00:00:00	1.37469	1.38123	1.37418	1.37855	65356
2021-03-28 00:00:00	1.37904	1.37966	1.37777	1.379	2539
2021-03-29 00:00:00	1.379	1.38469	1.37551	1.37739	75309
2021-03-30 00:00:00	1.37739	1.37831	1.37058	1.37457	78966
2021-03-31 00:00:00	1.37456	1.38116	1.3716	1.37854	74918
2021-04-01 00:00:00	1.37855	1.38373	1.37457	1.38332	76308
2021-04-02 00:00:00	1.38333	1.38521	1.38095	1.38272	127871
2021-04-04 00:00:00	1.3821	1.38318	1.38169	1.38298	6071
2021-04-05 00:00:00	1.38295	1.39148	1.38126	1.39121	46783
2021-04-06 00:00:00	1.39121	1.39186	1.38017	1.38297	79074
2021-04-07 00:00:00	1.38299	1.38397	1.37241	1.37412	87392
2021-04-08 00:00:00	1.37413	1.37822	1.37185	1.3733	71295
2021-04-09 00:00:00	1.37333	1.37503	1.36696	1.37054	68315
2021-04-11 00:00:00	1.37025	1.37138	1.36962	1.37076	3395
2021-04-12 00:00:00	1.37076	1.37766	1.36689	1.37532	66552
2021-04-13 00:00:00	1.37532	1.37688	1.36941	1.37586	70924
2021-04-14 00:00:00	1.37587	1.38085	1.37493	1.37775	66013
2021-04-15 00:00:00	1.37774	1.38088	1.37612	1.37831	68495
2021-04-16 00:00:00	1.37831	1.38437	1.37159	1.38261	71578
2021-04-18 00:00:00	1.3828	1.38365	1.38169	1.38173	2905
2021-04-19 00:00:00	1.38175	1.39926	1.38094	1.39911	91570
2021-04-20 00:00:00	1.3991	1.40089	1.3926	1.39375	67890
2021-04-21 00:00:00	1.39377	1.39494	1.38853	1.39308	62873
2021-04-22 00:00:00	1.39305	1.39495	1.38234	1.38386	77972
2021-04-23 00:00:00	1.38387	1.38952	1.38352	1.38736	67571
2021-04-25 00:00:00	1.38668	1.38807	1.38642	1.38644	2846
2021-04-26 00:00:00	1.38645	1.39292	1.38645	1.38943	69645
2021-04-27 00:00:00	1.38943	1.39239	1.38582	1.39027	67265
2021-04-28 00:00:00	1.39028	1.39564	1.38607	1.39539	76035
2021-04-29 00:00:00	1.39542	1.39764	1.39317	1.395	80970
2021-04-30 00:00:00	1.39501	1.39581	1.38023	1.38077	79317
2021-05-02 00:00:00	1.38116	1.38224	1.38063	1.38183	2874
2021-05-03 00:00:00	1.38192	1.39315	1.38008	1.39028	66576
2021-05-04 00:00:00	1.39028	1.3905	1.38382	1.38869	96998
2021-05-05 00:00:00	1.38869	1.3926	1.38759	1.39083	62771
2021-05-06 00:00:00	1.39082	1.39405	1.38569	1.38953	87923
2021-05-07 00:00:00	1.38953	1.40056	1.38896	1.39811	94203
2021-05-09 00:00:00	1.40035	1.40442	1.39938	1.40402	3296
2021-05-10 00:00:00	1.404	1.41582	1.40148	1.41306	86631
2021-05-11 00:00:00	1.41307	1.41665	1.41036	1.41352	89515
2021-05-12 00:00:00	1.41351	1.41527	1.40499	1.40619	109936
2021-05-13 00:00:00	1.4062	1.40778	1.40053	1.40457	100876
2021-05-14 00:00:00	1.40457	1.41108	1.40359	1.40945	68930
2021-05-16 00:00:00	1.40956	1.41041	1.40947	1.41006	1457
2021-05-17 00:00:00	1.41004	1.41477	1.40769	1.41475	73567
2021-05-18 00:00:00	1.41475	1.422	1.41451	1.41869	71282
2021-05-19 00:00:00	1.41869	1.42004	1.40995	1.41069	99169
2021-05-20 00:00:00	1.41068	1.41938	1.41009	1.41846	91741
2021-05-21 00:00:00	1.41848	1.42336	1.41401	1.41409	76253
2021-05-23 00:00:00	1.41468	1.4157	1.41386	1.41398	6276
2021-05-24 00:00:00	1.41397	1.41714	1.4111	1.41548	67300
2021-05-25 00:00:00	1.41549	1.42107	1.41153	1.41424	87231
2021-05-26 00:00:00	1.41424	1.41758	1.41119	1.41149	74191
2021-05-27 00:00:00	1.41146	1.42188	1.40913	1.42028	97539
2021-05-28 00:00:00	1.42029	1.42053	1.4136	1.41834	93984
2021-05-31 00:00:00	1.41791	1.42284	1.41636	1.42266	61239
2021-06-01 00:00:00	1.42265	1.42491	1.41452	1.41553	96361
2021-06-02 00:00:00	1.41552	1.4183	1.41115	1.41707	85737
2021-06-03 00:00:00	1.41709	1.42026	1.40861	1.41076	122029
2021-06-04 00:00:00	1.41077	1.42002	1.40827	1.41553	94490
2021-06-06 00:00:00	1.41544	1.41707	1.41474	1.41639	3045
2021-06-07 00:00:00	1.41639	1.41906	1.4111	1.41753	82080
2021-06-08 00:00:00	1.41755	1.41843	1.41207	1.41487	78061
2021-06-09 00:00:00	1.41485	1.4189	1.41094	1.41107	67642
2021-06-10 00:00:00	1.41108	1.4178	1.4073	1.417	111385
2021-06-11 00:00:00	1.417	1.41851	1.40953	1.41056	82766
2021-06-13 00:00:00	1.40994	1.41188	1.40994	1.41173	2958
2021-06-14 00:00:00	1.41172	1.41237	1.40699	1.4109	75998
2021-06-15 00:00:00	1.4109	1.41286	1.40341	1.40804	79051
2021-06-16 00:00:00	1.40803	1.41324	1.39802	1.39886	116993
2021-06-17 00:00:00	1.39887	1.40085	1.38955	1.39374	116302
2021-06-18 00:00:00	1.39375	1.3944	1.37914	1.38003	127395
2021-06-20 00:00:00	1.38068	1.38229	1.37948	1.38158	3720
2021-06-21 00:00:00	1.38159	1.39369	1.37859	1.39238	117388
2021-06-22 00:00:00	1.39237	1.39633	1.386	1.39488	87362
2021-06-23 00:00:00	1.39486	1.40011	1.39237	1.39663	86740
2021-06-24 00:00:00	1.39664	1.39863	1.38892	1.39157	98924
2021-06-25 00:00:00	1.39158	1.39351	1.38711	1.38779	72192
2021-06-27 00:00:00	1.38794	1.38959	1.38744	1.38957	3099
2021-06-28 00:00:00	1.38958	1.39393	1.38705	1.38782	71059
2021-06-29 00:00:00	1.38782	1.38802	1.38137	1.38398	80259
2021-06-30 00:00:00	1.38397	1.38726	1.37982	1.38279	85334
2021-07-01 00:00:00	1.3828	1.38342	1.37515	1.37585	99244
2021-07-02 00:00:00	1.37584	1.38444	1.37313	1.38244	99116
2021-07-04 00:00:00	1.38189	1.38369	1.38189	1.3831	3686
2021-07-05 00:00:00	1.38309	1.38617	1.38167	1.38529	81292
2021-07-06 00:00:00	1.38529	1.38981	1.37727	1.38037	100770
2021-07-07 00:00:00	1.38038	1.38414	1.37537	1.37992	106240
2021-07-08 00:00:00	1.37996	1.38015	1.37414	1.37893	146101
2021-07-09 00:00:00	1.37899	1.39088	1.37552	1.38924	149851
2021-07-11 00:00:00	1.38911	1.39008	1.38844	1.38982	4275
2021-07-12 00:00:00	1.38982	1.39097	1.38387	1.38858	118305
2021-07-13 00:00:00	1.38859	1.39051	1.37998	1.38052	111814
2021-07-14 00:00:00	1.38052	1.38917	1.38011	1.38558	108686
2021-07-15 00:00:00	1.38559	1.38988	1.38046	1.38277	100012
2021-07-16 00:00:00	1.38278	1.38617	1.37565	1.37565	81005
2021-07-18 00:00:00	1.37677	1.37706	1.37569	1.37629	3639
2021-07-19 00:00:00	1.37631	1.37636	1.36545	1.36684	126436
2021-07-20 00:00:00	1.36685	1.36892	1.35717	1.3634	104169
2021-07-21 00:00:00	1.36339	1.37227	1.35908	1.37115	77092
2021-07-22 00:00:00	1.37114	1.37869	1.36904	1.37722	83781
2021-07-23 00:00:00	1.37722	1.37796	1.37196	1.37449	67907
2021-07-25 00:00:00	1.37503	1.37642	1.37491	1.37565	1894
2021-07-26 00:00:00	1.37567	1.38333	1.37366	1.38257	70122
2021-07-27 00:00:00	1.38256	1.38941	1.37664	1.38817	88411
2021-07-28 00:00:00	1.38816	1.39109	1.3843	1.39055	72248
2021-07-29 00:00:00	1.39055	1.39816	1.38977	1.39632	53568
2021-07-30 00:00:00	1.39632	1.39832	1.38877	1.38959	59214
2021-08-01 00:00:00	1.38963	1.39037	1.38921	1.3895	1218
2021-08-02 00:00:00	1.38952	1.39323	1.38753	1.38906	57165
2021-08-03 00:00:00	1.38905	1.39385	1.38823	1.39167	57688
2021-08-04 00:00:00	1.39166	1.39574	1.38849	1.38893	58940
2021-08-05 00:00:00	1.38892	1.39488	1.38719	1.3927	66135
2021-08-06 00:00:00	1.3927	1.39327	1.38608	1.38693	49617
2021-08-08 00:00:00	1.38702	1.38841	1.38578	1.38663	9015
2021-08-09 00:00:00	1.38662	1.38942	1.38406	1.38465	48630
2021-08-10 00:00:00	1.38465	1.38721	1.38272	1.3835	44186
2021-08-11 00:00:00	1.3835	1.38875	1.38023	1.38661	51368
2021-08-12 00:00:00	1.38659	1.38782	1.37945	1.38106	42044
2021-08-13 00:00:00	1.38106	1.38749	1.37904	1.38576	33649
2021-08-15 00:00:00	1.38553	1.38727	1.38552	1.38634	2583
2021-08-16 00:00:00	1.38631	1.38783	1.38277	1.38403	46798
2021-08-17 00:00:00	1.38404	1.38406	1.37231	1.37396	49154
2021-08-18 00:00:00	1.37395	1.37859	1.37309	1.37424	43621
2021-08-19 00:00:00	1.37431	1.37496	1.36275	1.36297	59177
2021-08-20 00:00:00	1.36298	1.3641	1.36019	1.36144	43505
2021-08-22 00:00:00	1.36156	1.36299	1.36096	1.3624	2208
2021-08-23 00:00:00	1.36241	1.37319	1.3624	1.37228	45298
2021-08-24 00:00:00	1.37225	1.37474	1.36936	1.37243	44983
2021-08-25 00:00:00	1.37244	1.37664	1.36962	1.37639	42682
2021-08-26 00:00:00	1.37638	1.37675	1.36891	1.36998	51025
2021-08-27 00:00:00	1.36997	1.37807	1.36796	1.37544	64042
2021-08-29 00:00:00	1.37553	1.37655	1.37497	1.37622	3779
2021-08-30 00:00:00	1.3762	1.37749	1.37337	1.37584	33499
2021-08-31 00:00:00	1.37583	1.38077	1.37426	1.37518	64090
2021-09-01 00:00:00	1.3752	1.3798	1.37309	1.37708	53700