2018-01-01 00:00:00	1.2542	1.2559	1.25398	1.25566	3929
2018-01-02 00:00:00	1.25566	1.25569	1.24998	1.25067	111036
2018-01-03 00:00:00	1.25065	1.25534	1.25	1.25466	118136
2018-01-04 00:00:00	1.25466	1.25549	1.2482	1.2491	128750
2018-01-05 00:00:00	1.24909	1.25133	1.23549	1.24111	124615
2018-01-07 00:00:00	1.24116	1.24116	1.23941	1.23941	3192
2018-01-08 00:00:00	1.23942	1.24492	1.2378	1.24148	102020
2018-01-09 00:00:00	1.24148	1.24776	1.23978	1.24738	114291
2018-01-10 00:00:00	1.24739	1.25831	1.24274	1.25329	147847
2018-01-11 00:00:00	1.25329	1.259	1.25149	1.25221	144274
2018-01-12 00:00:00	1.25222	1.25559	1.24568	1.24578	146302
2018-01-14 00:00:00	1.24671	1.24671	1.24364	1.24609	4143
2018-01-15 00:00:00	1.24609	1.24711	1.24023	1.24282	149562
2018-01-16 00:00:00	1.24282	1.24523	1.23968	1.24252	144663
2018-01-17 00:00:00	1.24255	1.25407	1.23638	1.24438	164339
2018-01-18 00:00:00	1.24438	1.24866	1.23998	1.24109	158510
2018-01-19 00:00:00	1.24107	1.25083	1.23996	1.24958	142093
2018-01-21 00:00:00	1.24757	1.24961	1.24751	1.24858	4299
2018-01-22 00:00:00	1.24858	1.24963	1.24348	1.24531	122281
2018-01-23 00:00:00	1.24528	1.24909	1.24117	1.24149	135879
2018-01-24 00:00:00	1.2415	1.24247	1.2316	1.23506	156800
2018-01-25 00:00:00	1.23506	1.23907	1.22821	1.23787	179580
2018-01-26 00:00:00	1.23787	1.23837	1.22928	1.23157	176339
2018-01-28 00:00:00	1.23113	1.23315	1.23113	1.23121	4253
2018-01-29 00:00:00	1.2312	1.23614	1.23104	1.23352	148333
2018-01-30 00:00:00	1.23352	1.23788	1.23095	1.2335	156447
2018-01-31 00:00:00	1.23349	1.23479	1.22497	1.23038	165523
2018-02-01 00:00:00	1.23044	1.23312	1.22556	1.2259	149254
2018-02-02 00:00:00	1.22589	1.24368	1.22573	1.24252	172085
2018-02-04 00:00:00	1.24348	1.24502	1.24301	1.2434	5553
2018-02-05 00:00:00	1.2434	1.25431	1.23972	1.25327	171175
2018-02-06 00:00:00	1.25325	1.25671	1.24899	1.25047	217579
2018-02-07 00:00:00	1.2505	1.25774	1.24966	1.25664	162016
2018-02-08 00:00:00	1.25663	1.26138	1.2546	1.25888	198413
2018-02-09 00:00:00	1.25888	1.26872	1.256	1.25786	197269
2018-02-11 00:00:00	1.25842	1.25968	1.25842	1.25878	3892
2018-02-12 00:00:00	1.25879	1.26227	1.25556	1.25802	135910
2018-02-13 00:00:00	1.25802	1.26248	1.25662	1.25886	131859
2018-02-14 00:00:00	1.25886	1.26487	1.24798	1.2482	165631
2018-02-15 00:00:00	1.2482	1.25371	1.24652	1.24821	158458
2018-02-16 00:00:00	1.2482	1.25676	1.24502	1.25485	147976
2018-02-18 00:00:00	1.25575	1.25644	1.25497	1.2557	3520
2018-02-19 00:00:00	1.2557	1.25922	1.25272	1.25675	108187
2018-02-20 00:00:00	1.25675	1.26512	1.25586	1.26482	128901
2018-02-21 00:00:00	1.26482	1.27027	1.26248	1.26991	143819
2018-02-22 00:00:00	1.2699	1.27576	1.26715	1.27141	131979
2018-02-23 00:00:00	1.27141	1.27254	1.26157	1.26307	126438
2018-02-25 00:00:00	1.26376	1.26522	1.26359	1.26478	3857
2018-02-26 00:00:00	1.26478	1.27115	1.26148	1.26848	107069
2018-02-27 00:00:00	1.26848	1.27773	1.26678	1.27713	139781
2018-02-28 00:00:00	1.27713	1.28418	1.27614	1.28345	128664
2018-03-01 00:00:00	1.28351	1.28947	1.28086	1.28308	166433
2018-03-02 00:00:00	1.28308	1.29156	1.28198	1.28819	149361
2018-03-04 00:00:00	1.28717	1.2898	1.28712	1.28875	5367
2018-03-05 00:00:00	1.28874	1.30003	1.28779	1.29806	156903
2018-03-06 00:00:00	1.29804	1.29946	1.28617	1.29482	158666
2018-03-07 00:00:00	1.29484	1.30006	1.28895	1.29046	177580
2018-03-08 00:00:00	1.29046	1.2961	1.28668	1.2896	162156
2018-03-09 00:00:00	1.2896	1.29084	1.28081	1.28095	143164
2018-03-11 00:00:00	1.28094	1.28182	1.28052	1.28124	4568
2018-03-12 00:00:00	1.28124	1.28455	1.28029	1.28425	110516
2018-03-13 00:00:00	1.28429	1.29843	1.28299	1.29563	144685
2018-03-14 00:00:00	1.29564	1.29757	1.29208	1.29549	145807
2018-03-15 00:00:00	1.29549	1.30671	1.29455	1.30527	131869
2018-03-16 00:00:00	1.3054	1.30986	1.30473	1.30973	113194
2018-03-18 00:00:00	1.30882	1.30982	1.30882	1.30931	6435
2018-03-19 00:00:00	1.30931	1.31245	1.30465	1.30819	132230
2018-03-20 00:00:00	1.30819	1.31029	1.30527	1.30741	109863
2018-03-21 00:00:00	1.30741	1.30756	1.28898	1.28968	136839
2018-03-22 00:00:00	1.28968	1.2948	1.28294	1.29298	149232
2018-03-23 00:00:00	1.29298	1.29351	1.28237	1.28945	151228
2018-03-25 00:00:00	1.28853	1.28895	1.28732	1.28805	6921
2018-03-26 00:00:00	1.28806	1.29221	1.28362	1.28363	113492
2018-03-27 00:00:00	1.28369	1.29025	1.28148	1.28795	120526
2018-03-28 00:00:00	1.28795	1.29334	1.28629	1.29171	139915
2018-03-29 00:00:00	1.29174	1.29384	1.2861	1.28874	106517
2018-03-30 00:00:00	1.28874	1.28999	1.28605	1.28937	48497
2018-04-01 00:00:00	1.28947	1.28975	1.2883	1.2893	3269
2018-04-02 00:00:00	1.2893	1.29433	1.28624	1.29215	87871
2018-04-03 00:00:00	1.29215	1.29216	1.27809	1.28069	119268
2018-04-04 00:00:00	1.28068	1.28474	1.27518	1.27542	134872
2018-04-05 00:00:00	1.27541	1.28064	1.27448	1.277	123321
2018-04-06 00:00:00	1.27698	1.27955	1.2733	1.27798	121206
2018-04-08 00:00:00	1.27656	1.27837	1.27616	1.27827	5553
2018-04-09 00:00:00	1.27829	1.28187	1.26876	1.27027	102810
2018-04-10 00:00:00	1.27027	1.27054	1.25881	1.25937	113942
2018-04-11 00:00:00	1.25937	1.26233	1.25442	1.25699	99013
2018-04-12 00:00:00	1.25701	1.26221	1.25614	1.25882	102045
2018-04-13 00:00:00	1.25881	1.26171	1.25518	1.26099	82814
2018-04-15 00:00:00	1.25955	1.26078	1.25919	1.26029	4743
2018-04-16 00:00:00	1.26034	1.26231	1.25627	1.25677	74049
2018-04-17 00:00:00	1.25677	1.2579	1.25272	1.2558	79176
2018-04-18 00:00:00	1.2558	1.2659	1.25483	1.26271	100930
2018-04-19 00:00:00	1.26278	1.26757	1.25853	1.26661	103493
2018-04-20 00:00:00	1.26667	1.27664	1.2632	1.27655	94510
2018-04-22 00:00:00	1.27503	1.27704	1.27481	1.27684	3545
2018-04-23 00:00:00	1.27683	1.28576	1.27503	1.2845	92326
2018-04-24 00:00:00	1.2845	1.28609	1.28125	1.28214	92375
2018-04-25 00:00:00	1.28215	1.28971	1.28204	1.28368	96351
2018-04-26 00:00:00	1.28367	1.28853	1.28208	1.28721	112260
2018-04-27 00:00:00	1.28721	1.28999	1.28256	1.28256	88189
2018-04-29 00:00:00	1.28336	1.2845	1.28331	1.28414	4886
2018-04-30 00:00:00	1.28416	1.28746	1.28051	1.28327	87359
2018-05-01 00:00:00	1.28326	1.29137	1.28202	1.28456	120000
2018-05-02 00:00:00	1.28456	1.28875	1.2803	1.28839	146503
2018-05-03 00:00:00	1.28839	1.29086	1.2816	1.28505	129646
2018-05-04 00:00:00	1.28505	1.29173	1.28359	1.28449	101088
2018-05-06 00:00:00	1.28461	1.28564	1.28461	1.28564	2838
2018-05-07 00:00:00	1.28564	1.28991	1.28394	1.288	89025
2018-05-08 00:00:00	1.28805	1.2997	1.28758	1.29474	133498
2018-05-09 00:00:00	1.29473	1.29745	1.28249	1.28493	108527
2018-05-10 00:00:00	1.28493	1.28496	1.27427	1.27711	124587
2018-05-11 00:00:00	1.2771	1.27995	1.2729	1.27935	90180
2018-05-13 00:00:00	1.27765	1.27945	1.27759	1.27808	3103
2018-05-14 00:00:00	1.27808	1.28133	1.275	1.2801	79236
2018-05-15 00:00:00	1.2801	1.2924	1.27918	1.28723	104661
2018-05-16 00:00:00	1.28723	1.28759	1.27774	1.27835	105262
2018-05-17 00:00:00	1.27836	1.28467	1.27494	1.28353	99207
2018-05-18 00:00:00	1.28355	1.29106	1.27908	1.28823	89117
2018-05-20 00:00:00	1.28737	1.28831	1.28701	1.28767	4691
2018-05-21 00:00:00	1.28768	1.28902	1.27755	1.2776	79535
2018-05-22 00:00:00	1.2776	1.28257	1.27423	1.28167	84552
2018-05-23 00:00:00	1.28165	1.29154	1.28119	1.28363	123447
2018-05-24 00:00:00	1.28363	1.29206	1.28361	1.28861	112286
2018-05-25 00:00:00	1.28861	1.29881	1.28814	1.29719	102600
2018-05-27 00:00:00	1.29604	1.29787	1.29599	1.29767	4411
2018-05-28 00:00:00	1.29767	1.30216	1.29722	1.29921	84717
2018-05-29 00:00:00	1.2992	1.30464	1.29687	1.30289	134077
2018-05-30 00:00:00	1.30288	1.30398	1.28357	1.28936	140960
2018-05-31 00:00:00	1.28936	1.29903	1.2818	1.29444	133954
2018-06-01 00:00:00	1.29434	1.30071	1.29311	1.29488	120201
2018-06-03 00:00:00	1.29515	1.29639	1.29504	1.2956	3126
2018-06-04 00:00:00	1.29559	1.29597	1.28997	1.29233	99128
2018-06-05 00:00:00	1.29232	1.30666	1.29139	1.29411	118071
2018-06-06 00:00:00	1.2941	1.29623	1.28572	1.29464	116579
2018-06-07 00:00:00	1.29466	1.30008	1.29353	1.29821	108342
2018-06-08 00:00:00	1.29819	1.304	1.2921	1.29248	106748
2018-06-10 00:00:00	1.30004	1.30024	1.29649	1.29682	3634
2018-06-11 00:00:00	1.29681	1.30271	1.2955	1.29867	77757
2018-06-12 00:00:00	1.29871	1.30293	1.29788	1.30144	108983
2018-06-13 00:00:00	1.30144	1.30515	1.29553	1.29745	117796
2018-06-14 00:00:00	1.29745	1.31175	1.29493	1.31161	142769
2018-06-15 00:00:00	1.31163	1.32069	1.31143	1.31746	121392
2018-06-17 00:00:00	1.3184	1.32029	1.3184	1.31974	4261
2018-06-18 00:00:00	1.31976	1.3237	1.31589	1.32114	107801
2018-06-19 00:00:00	1.32118	1.32914	1.31973	1.32778	156798
2018-06-20 00:00:00	1.3278	1.33211	1.32688	1.33067	119259
2018-06-21 00:00:00	1.33073	1.33351	1.32838	1.33185	133041
2018-06-22 00:00:00	1.33185	1.33817	1.32591	1.32599	115523
2018-06-24 00:00:00	1.32671	1.3281	1.32667	1.32788	4420
2018-06-25 00:00:00	1.32784	1.33246	1.32712	1.32975	126524
2018-06-26 00:00:00	1.32975	1.3329	1.32805	1.33004	131702
2018-06-27 00:00:00	1.33004	1.33862	1.32771	1.33302	144758
2018-06-28 00:00:00	1.33301	1.33511	1.32412	1.32546	127755
2018-06-29 00:00:00	1.32543	1.32691	1.31301	1.31328	128764
2018-07-01 00:00:00	1.31422	1.3158	1.31395	1.3148	7360
2018-07-02 00:00:00	1.31488	1.32247	1.31464	1.31877	101356
2018-07-03 00:00:00	1.31874	1.32079	1.31322	1.31431	113009
2018-07-04 00:00:00	1.31429	1.31616	1.31116	1.31397	97317
2018-07-05 00:00:00	1.31398	1.316	1.31152	1.31376	113758
2018-07-06 00:00:00	1.31376	1.31503	1.30766	1.30806	97284
2018-07-08 00:00:00	1.30863	1.30998	1.3085	1.30954	3940
2018-07-09 00:00:00	1.30959	1.31226	1.30659	1.31109	90720
2018-07-10 00:00:00	1.31109	1.31463	1.31008	1.31445	95581
2018-07-11 00:00:00	1.31445	1.3218	1.30646	1.32075	139598
2018-07-12 00:00:00	1.32077	1.32153	1.31491	1.31647	111928
2018-07-13 00:00:00	1.31644	1.32086	1.31498	1.3153	96923
2018-07-15 00:00:00	1.31547	1.31623	1.31513	1.31572	3257
2018-07-16 00:00:00	1.31575	1.3161	1.31095	1.31367	97527
2018-07-17 00:00:00	1.31367	1.32188	1.31107	1.32031	116632
2018-07-18 00:00:00	1.32029	1.32593	1.31616	1.31687	119370
2018-07-19 00:00:00	1.31687	1.32893	1.31598	1.32603	139220
2018-07-20 00:00:00	1.32601	1.32898	1.31142	1.31449	134900
2018-07-22 00:00:00	1.31294	1.31399	1.31153	1.31197	7873
2018-07-23 00:00:00	1.31196	1.31795	1.31142	1.31706	111924
2018-07-24 00:00:00	1.31706	1.31911	1.31355	1.31519	103705
2018-07-25 00:00:00	1.31519	1.31662	1.30242	1.30389	125841
2018-07-26 00:00:00	1.30385	1.3093	1.30249	1.30695	113648
2018-07-27 00:00:00	1.30695	1.30778	1.30408	1.3057	91405
2018-07-29 00:00:00	1.30515	1.30644	1.30515	1.30642	2462
2018-07-30 00:00:00	1.30642	1.30784	1.29942	1.30275	77799
2018-07-31 00:00:00	1.30274	1.30958	1.29823	1.30188	123542
2018-08-01 00:00:00	1.30194	1.30325	1.29752	1.29987	101470
2018-08-02 00:00:00	1.29988	1.30392	1.29935	1.30243	85086
2018-08-05 00:00:00	1.29936	1.30189	1.29902	1.30142	3502
2018-08-06 00:00:00	1.30142	1.30391	1.2987	1.30015	65593
2018-08-07 00:00:00	1.30014	1.30749	1.29618	1.30581	83463
2018-08-08 00:00:00	1.30582	1.31196	1.30063	1.30204	96318
2018-08-09 00:00:00	1.30204	1.3064	1.30001	1.30458	91655
2018-08-10 00:00:00	1.30456	1.31534	1.304	1.31385	125452
2018-08-12 00:00:00	1.31624	1.31636	1.31369	1.31485	7078
2018-08-13 00:00:00	1.31485	1.31708	1.31036	1.31312	119685
2018-08-14 00:00:00	1.31314	1.31359	1.30502	1.30576	98664
2018-08-15 00:00:00	1.30575	1.31745	1.30542	1.31468	115536
2018-08-16 00:00:00	1.31468	1.31742	1.31136	1.31598	100511
2018-08-17 00:00:00	1.31595	1.31691	1.30518	1.30595	107010
2018-08-19 00:00:00	1.30601	1.30624	1.30543	1.30598	6015
2018-08-20 00:00:00	1.30598	1.30922	1.30359	1.30423	89250
2018-08-21 00:00:00	1.30417	1.30574	1.30135	1.30345	92275
2018-08-22 00:00:00	1.30345	1.30421	1.29866	1.30078	111704
2018-08-23 00:00:00	1.30077	1.31026	1.30076	1.30992	99536
2018-08-24 00:00:00	1.30995	1.3103	1.30109	1.3023	109771
2018-08-26 00:00:00	1.30159	1.30241	1.30087	1.30098	4246
2018-08-27 00:00:00	1.30098	1.30672	1.29532	1.29628	110327
2018-08-28 00:00:00	1.29623	1.2982	1.28871	1.29276	100720
2018-08-29 00:00:00	1.29278	1.29618	1.29028	1.29046	105718
2018-08-30 00:00:00	1.2905	1.30002	1.29049	1.29867	98447
2018-08-31 00:00:00	1.29867	1.30882	1.2986	1.30417	112137
2018-09-02 00:00:00	1.30738	1.30743	1.30515	1.30626	4356
2018-09-03 00:00:00	1.30627	1.31025	1.30445	1.30952	72146
2018-09-04 00:00:00	1.30949	1.32077	1.30922	1.31741	104854
2018-09-05 00:00:00	1.31741	1.32062	1.31592	1.31744	104230
2018-09-06 00:00:00	1.31743	1.32259	1.31279	1.31548	100638
2018-09-07 00:00:00	1.31548	1.31901	1.31099	1.31545	107283
2018-09-09 00:00:00	1.31603	1.31756	1.31603	1.31716	4244
2018-09-10 00:00:00	1.31717	1.31978	1.31513	1.31626	76770
2018-09-11 00:00:00	1.31626	1.31744	1.30422	1.30628	92116
2018-09-12 00:00:00	1.3063	1.30782	1.29802	1.30018	124366
2018-09-13 00:00:00	1.30018	1.30253	1.29758	1.30052	99790
2018-09-14 00:00:00	1.30052	1.3054	1.29824	1.30322	83847
2018-09-16 00:00:00	1.30335	1.30453	1.30314	1.30437	3105
2018-09-17 00:00:00	1.30437	1.30642	1.30028	1.30636	77042
2018-09-18 00:00:00	1.30635	1.30636	1.29686	1.29728	101942
2018-09-19 00:00:00	1.29728	1.30145	1.28998	1.29182	99245
2018-09-20 00:00:00	1.29183	1.29278	1.28845	1.29093	93622
2018-09-21 00:00:00	1.29091	1.2943	1.28853	1.29128	83844
2018-09-23 00:00:00	1.29265	1.29267	1.29136	1.29144	3599
2018-09-24 00:00:00	1.29147	1.29558	1.29087	1.29491	67543
2018-09-25 00:00:00	1.29491	1.29723	1.29356	1.29573	62233
2018-09-26 00:00:00	1.29573	1.3044	1.29447	1.30369	79664
2018-09-27 00:00:00	1.30371	1.30814	1.30163	1.30355	83483
2018-09-28 00:00:00	1.30358	1.30385	1.2905	1.29076	83478
2018-09-30 00:00:00	1.28508	1.28881	1.28376	1.28401	7566
2018-10-01 00:00:00	1.28361	1.28621	1.27821	1.28133	91636
2018-10-02 00:00:00	1.28127	1.28408	1.27993	1.28205	80636
2018-10-03 00:00:00	1.28205	1.28838	1.28071	1.28806	85373
2018-10-04 00:00:00	1.28805	1.29374	1.28569	1.29204	81766
2018-10-05 00:00:00	1.29206	1.29549	1.28868	1.29385	80963
2018-10-07 00:00:00	1.29457	1.29529	1.29348	1.29474	6407
2018-10-08 00:00:00	1.29474	1.30101	1.29444	1.29558	74763
2018-10-09 00:00:00	1.29559	1.30033	1.29353	1.29382	83682
2018-10-10 00:00:00	1.29382	1.30688	1.29265	1.30516	101260
2018-10-11 00:00:00	1.30517	1.30717	1.30147	1.3031	132938
2018-10-12 00:00:00	1.30315	1.30522	1.30024	1.30217	92608
2018-10-14 00:00:00	1.30157	1.30294	1.30137	1.30233	7222
2018-10-15 00:00:00	1.30231	1.30509	1.29546	1.29943	104228
2018-10-16 00:00:00	1.29943	1.29988	1.2916	1.2936	88992
2018-10-17 00:00:00	1.2936	1.3028	1.29326	1.30252	112344
2018-10-18 00:00:00	1.30252	1.30876	1.30186	1.30784	111027
2018-10-19 00:00:00	1.30784	1.31321	1.30272	1.30988	103248
2018-10-21 00:00:00	1.30926	1.31094	1.30926	1.31042	5077
2018-10-22 00:00:00	1.3104	1.3126	1.3079	1.30983	105865
2018-10-23 00:00:00	1.30985	1.31222	1.30756	1.30817	101651
2018-10-24 00:00:00	1.30817	1.30997	1.29691	1.30473	137813
2018-10-25 00:00:00	1.30473	1.30985	1.3015	1.3071	122985
2018-10-26 00:00:00	1.3071	1.31591	1.30685	1.31048	128536
2018-10-28 00:00:00	1.30929	1.30988	1.309	1.30972	2928
2018-10-29 00:00:00	1.30972	1.31488	1.3082	1.31291	98135
2018-10-30 00:00:00	1.31292	1.31468	1.31003	1.31156	85545
2018-10-31 00:00:00	1.31155	1.31697	1.31078	1.31574	83150
2018-11-01 00:00:00	1.31578	1.31688	1.30683	1.30907	87735
2018-11-02 00:00:00	1.30906	1.31187	1.30482	1.31096	92272
2018-11-04 00:00:00	1.30903	1.31045	1.30887	1.31006	6504
2018-11-05 00:00:00	1.31006	1.31158	1.30706	1.31106	86817
2018-11-06 00:00:00	1.31106	1.31443	1.3106	1.31156	87815
2018-11-07 00:00:00	1.31158	1.3158	1.30559	1.31157	120519
2018-11-08 00:00:00	1.31157	1.31831	1.30871	1.31435	109221
2018-11-09 00:00:00	1.31436	1.32328	1.31436	1.32086	102408
2018-11-11 00:00:00	1.32039	1.32074	1.31928	1.31931	4342
2018-11-12 00:00:00	1.31932	1.32489	1.31824	1.32428	88333
2018-11-13 00:00:00	1.32429	1.32631	1.32149	1.3224	106571
2018-11-14 00:00:00	1.32239	1.32635	1.32072	1.32468	118900
2018-11-15 00:00:00	1.32468	1.3249	1.31557	1.31727	114498
2018-11-16 00:00:00	1.31727	1.31861	1.31266	1.3145	103090
2018-11-18 00:00:00	1.31495	1.31567	1.3141	1.3147	3511
2018-11-19 00:00:00	1.31465	1.32015	1.31465	1.31716	97018
2018-11-20 00:00:00	1.31718	1.33177	1.3155	1.33058	119712
2018-11-21 00:00:00	1.33058	1.3317	1.32235	1.32274	83102
2018-11-22 00:00:00	1.32273	1.32449	1.31814	1.31902	71429
2018-11-23 00:00:00	1.31903	1.32583	1.31865	1.32302	99165
2018-11-25 00:00:00	1.32225	1.32293	1.32204	1.32266	5693
2018-11-26 00:00:00	1.32266	1.32608	1.31866	1.32534	87268
2018-11-27 00:00:00	1.32535	1.33278	1.32354	1.32967	93484
2018-11-28 00:00:00	1.32968	1.33596	1.32417	1.32766	98678
2018-11-29 00:00:00	1.32766	1.33121	1.3253	1.32748	102277
2018-11-30 00:00:00	1.32748	1.33329	1.32736	1.32859	101022
2018-12-02 00:00:00	1.3237	1.32642	1.32358	1.32551	5061
2018-12-03 00:00:00	1.32552	1.32677	1.31597	1.31988	124418
2018-12-04 00:00:00	1.3199	1.32661	1.31637	1.32564	116481
2018-12-05 00:00:00	1.32565	1.3399	1.32524	1.33621	93109
2018-12-06 00:00:00	1.3362	1.34444	1.3362	1.33911	121290
2018-12-07 00:00:00	1.33911	1.34002	1.32532	1.33194	108875
2018-12-09 00:00:00	1.33347	1.33349	1.33205	1.3329	3780
2018-12-10 00:00:00	1.33292	1.34162	1.32924	1.33978	104226
2018-12-11 00:00:00	1.33979	1.34238	1.3377	1.33784	104170
2018-12-12 00:00:00	1.33784	1.33873	1.33221	1.33501	102049
2018-12-13 00:00:00	1.33498	1.33836	1.33379	1.33504	113667
2018-12-14 00:00:00	1.33504	1.34012	1.33465	1.33813	98601
2018-12-16 00:00:00	1.33796	1.33883	1.33789	1.33866	10058
2018-12-17 00:00:00	1.33866	1.34205	1.33722	1.34126	94435
2018-12-18 00:00:00	1.34124	1.3496	1.33904	1.34547	117424
2018-12-19 00:00:00	1.34547	1.35071	1.34151	1.34745	156092
2018-12-20 00:00:00	1.34744	1.35304	1.3446	1.34982	186824
2018-12-21 00:00:00	1.34981	1.36017	1.34925	1.35996	207486
2018-12-23 00:00:00	1.3596	1.35984	1.35904	1.35971	4195
2018-12-24 00:00:00	1.35971	1.36154	1.35644	1.36029	141986
2018-12-25 00:00:00	1.36029	1.36078	1.35705	1.35855	6826
2018-12-26 00:00:00	1.35856	1.36179	1.35658	1.35739	122033
2018-12-27 00:00:00	1.35739	1.36606	1.35732	1.36208	180691
2018-12-28 00:00:00	1.36208	1.36612	1.35944	1.36366	171691
2018-12-30 00:00:00	1.36378	1.36396	1.36247	1.36253	2902
2018-12-31 00:00:00	1.36253	1.36644	1.36088	1.36348	120478
2019-01-01 00:00:00	1.36234	1.36349	1.36207	1.36254	5520
2019-01-02 00:00:00	1.36256	1.36622	1.35688	1.36309	171454
2019-01-03 00:00:00	1.36311	1.36448	1.34688	1.34793	207516
2019-01-04 00:00:00	1.34793	1.34911	1.33725	1.33737	156337
2019-01-06 00:00:00	1.33746	1.33883	1.33666	1.33688	4361
2019-01-07 00:00:00	1.33687	1.33775	1.32782	1.32964	132183
2019-01-08 00:00:00	1.32965	1.33227	1.32422	1.32443	125942
2019-01-09 00:00:00	1.32443	1.32552	1.31797	1.32129	146680
2019-01-10 00:00:00	1.32127	1.32588	1.32077	1.32384	175053
2019-01-11 00:00:00	1.32384	1.32782	1.31829	1.32648	110078
2019-01-13 00:00:00	1.32567	1.32683	1.32566	1.32683	5516
2019-01-14 00:00:00	1.32682	1.32972	1.32523	1.32772	91594
2019-01-15 00:00:00	1.3277	1.32939	1.32259	1.32608	129451
2019-01-16 00:00:00	1.32608	1.32839	1.32349	1.32585	110810
2019-01-17 00:00:00	1.32585	1.33185	1.3248	1.32812	114120
2019-01-18 00:00:00	1.32812	1.32839	1.32314	1.32643	105583
2019-01-20 00:00:00	1.32599	1.32774	1.32598	1.32761	6269
2019-01-21 00:00:00	1.32761	1.33181	1.32513	1.32973	94497
2019-01-22 00:00:00	1.32975	1.33583	1.32961	1.33565	110816
2019-01-23 00:00:00	1.33565	1.33707	1.33047	1.33413	106428
2019-01-24 00:00:00	1.33413	1.33748	1.3329	1.335	127179
2019-01-25 00:00:00	1.33502	1.33562	1.32134	1.32155	109581
2019-01-27 00:00:00	1.32193	1.32227	1.3211	1.32224	2019
2019-01-28 00:00:00	1.32223	1.32854	1.32029	1.32615	95730
2019-01-29 00:00:00	1.32615	1.32845	1.32413	1.32716	117874
2019-01-30 00:00:00	1.32717	1.32813	1.31184	1.3143	143170
2019-01-31 00:00:00	1.31429	1.31648	1.31194	1.31263	123436
2019-02-01 00:00:00	1.31268	1.31571	1.30682	1.30982	116583
2019-02-03 00:00:00	1.30899	1.30996	1.30872	1.30994	3149
2019-02-04 00:00:00	1.30993	1.31469	1.30851	1.31159	98181
2019-02-05 00:00:00	1.31158	1.31529	1.31017	1.31268	93768
2019-02-06 00:00:00	1.31269	1.32186	1.31242	1.32155	99088
2019-02-07 00:00:00	1.32155	1.33169	1.3215	1.33109	100856
2019-02-08 00:00:00	1.33109	1.33288	1.32319	1.32767	104155
2019-02-10 00:00:00	1.32667	1.32776	1.3266	1.3276	3946
2019-02-11 00:00:00	1.3276	1.33186	1.32614	1.3303	98916
2019-02-12 00:00:00	1.3303	1.33141	1.32247	1.32298	94149
2019-02-13 00:00:00	1.323	1.32684	1.31957	1.32593	94198
2019-02-14 00:00:00	1.32591	1.33399	1.32286	1.32972	116410
2019-02-15 00:00:00	1.32972	1.33126	1.32439	1.32439	103361
2019-02-17 00:00:00	1.32492	1.32541	1.32392	1.32408	4583
2019-02-18 00:00:00	1.32407	1.32436	1.32246	1.32349	84405
2019-02-19 00:00:00	1.32349	1.3281	1.32052	1.32101	105069
2019-02-20 00:00:00	1.32101	1.32138	1.31498	1.31714	108082
2019-02-21 00:00:00	1.31714	1.32345	1.31625	1.32259	138857
2019-02-22 00:00:00	1.32261	1.32418	1.31325	1.31334	115739
2019-02-24 00:00:00	1.31336	1.3138	1.31305	1.31318	5245
2019-02-25 00:00:00	1.31318	1.31972	1.31123	1.31849	117741
2019-02-26 00:00:00	1.31849	1.32355	1.31548	1.31639	108503
2019-02-27 00:00:00	1.31639	1.31759	1.31177	1.31454	258897
2019-02-28 00:00:00	1.31454	1.32071	1.31398	1.31642	131478
2019-03-01 00:00:00	1.31643	1.33065	1.31295	1.32979	137525
2019-03-03 00:00:00	1.32739	1.32851	1.32739	1.32841	4636
2019-03-04 00:00:00	1.32841	1.33374	1.32746	1.3312	118284
2019-03-05 00:00:00	1.3312	1.33597	1.33097	1.33559	111097
2019-03-06 00:00:00	1.3356	1.34569	1.33541	1.34436	110585
2019-03-07 00:00:00	1.34431	1.34672	1.34131	1.34442	125357
2019-03-08 00:00:00	1.34442	1.34661	1.33897	1.34189	348686
2019-03-10 00:00:00	1.3414	1.34274	1.3414	1.34221	4291
2019-03-11 00:00:00	1.3422	1.34397	1.33847	1.33951	98437
2019-03-12 00:00:00	1.3395	1.34169	1.335	1.33591	109110
2019-03-13 00:00:00	1.33591	1.33708	1.32868	1.33008	109559
2019-03-14 00:00:00	1.33008	1.33468	1.32994	1.33249	118430
2019-03-15 00:00:00	1.3325	1.33708	1.32888	1.33342	93577
2019-03-17 00:00:00	1.33318	1.33437	1.3331	1.33421	4632
2019-03-18 00:00:00	1.33422	1.33652	1.33012	1.33392	90588
2019-03-19 00:00:00	1.33392	1.33441	1.32502	1.33245	117017
2019-03-20 00:00:00	1.33246	1.3347	1.32572	1.32891	123727
2019-03-21 00:00:00	1.32891	1.33993	1.3275	1.33702	142620
2019-03-22 00:00:00	1.33702	1.34289	1.33516	1.34278	154130
2019-03-24 00:00:00	1.34244	1.34283	1.34158	1.34256	3615
2019-03-25 00:00:00	1.34256	1.34443	1.33926	1.33944	133900
2019-03-26 00:00:00	1.33943	1.34116	1.33716	1.33808	119916
2019-03-27 00:00:00	1.33808	1.34396	1.33767	1.34138	148333
2019-03-28 00:00:00	1.34138	1.34505	1.33959	1.34305	141675
2019-03-29 00:00:00	1.34305	1.34419	1.33412	1.33496	117153
2019-03-31 00:00:00	1.33465	1.33515	1.33413	1.33483	4169
2019-04-01 00:00:00	1.33493	1.33706	1.32973	1.33135	115678
2019-04-02 00:00:00	1.33135	1.33736	1.33058	1.33431	119902
2019-04-03 00:00:00	1.33431	1.33528	1.32958	1.33448	113662
2019-04-04 00:00:00	1.33447	1.33725	1.3342	1.33649	113660
2019-04-05 00:00:00	1.33651	1.34026	1.33484	1.33799	104995
2019-04-07 00:00:00	1.33838	1.33871	1.33702	1.33729	5671
2019-04-08 00:00:00	1.33728	1.33855	1.33044	1.33137	115755
2019-04-09 00:00:00	1.33137	1.33318	1.32837	1.33294	117064
2019-04-10 00:00:00	1.33294	1.33596	1.33057	1.33186	117121
2019-04-11 00:00:00	1.33186	1.33956	1.33164	1.33773	111759
2019-04-12 00:00:00	1.33771	1.3385	1.33121	1.33188	121753
2019-04-14 00:00:00	1.33298	1.3336	1.3325	1.33331	3593
2019-04-15 00:00:00	1.3333	1.33902	1.32969	1.3369	108126
2019-04-16 00:00:00	1.33692	1.34027	1.33457	1.33586	110254
2019-04-17 00:00:00	1.33587	1.33721	1.32741	1.33502	129510
2019-04-18 00:00:00	1.33502	1.33994	1.3344	1.33746	130348
2019-04-19 00:00:00	1.33744	1.33937	1.33649	1.33879	76133
2019-04-21 00:00:00	1.33825	1.33895	1.33773	1.33814	5336
2019-04-22 00:00:00	1.33814	1.33833	1.3335	1.33458	90565
2019-04-23 00:00:00	1.33458	1.34429	1.33447	1.34289	108007
2019-04-24 00:00:00	1.3429	1.35207	1.34286	1.3493	159379
2019-04-25 00:00:00	1.3493	1.35165	1.34754	1.34793	117020
2019-04-26 00:00:00	1.34793	1.34976	1.34515	1.3455	125800
2019-04-28 00:00:00	1.34534	1.34642	1.34534	1.34618	3818
2019-04-29 00:00:00	1.34619	1.34793	1.34394	1.34545	91985
2019-04-30 00:00:00	1.34546	1.34798	1.33809	1.33892	130168
2019-05-01 00:00:00	1.33893	1.34611	1.33766	1.34386	98881
2019-05-02 00:00:00	1.34387	1.34763	1.34303	1.347	120440
2019-05-03 00:00:00	1.34701	1.34897	1.34059	1.34184	111142
2019-05-05 00:00:00	1.3459	1.34724	1.34541	1.34714	10341
2019-05-06 00:00:00	1.34714	1.34937	1.34318	1.34487	108688
2019-05-07 00:00:00	1.34486	1.34886	1.34092	1.34715	118630
2019-05-08 00:00:00	1.34717	1.34864	1.34444	1.34735	139572
2019-05-09 00:00:00	1.34735	1.35048	1.34588	1.34659	155818
2019-05-10 00:00:00	1.34657	1.34804	1.33799	1.34122	157829
2019-05-12 00:00:00	1.34204	1.34415	1.34156	1.34414	8406
2019-05-13 00:00:00	1.34415	1.34871	1.34199	1.34785	131636
2019-05-14 00:00:00	1.34785	1.34867	1.34556	1.34604	123550
2019-05-15 00:00:00	1.34604	1.34932	1.34268	1.34422	110987
2019-05-16 00:00:00	1.34421	1.34693	1.34004	1.3463	108555
2019-05-17 00:00:00	1.3463	1.35133	1.34344	1.34639	134693
2019-05-19 00:00:00	1.34397	1.34561	1.34396	1.34464	5708
2019-05-20 00:00:00	1.34464	1.3447	1.34159	1.3427	111102
2019-05-21 00:00:00	1.34268	1.34332	1.33953	1.34034	124064
2019-05-22 00:00:00	1.34033	1.34388	1.33571	1.34383	119750
2019-05-23 00:00:00	1.34384	1.3502	1.34367	1.34737	150833
2019-05-24 00:00:00	1.34737	1.3482	1.34298	1.34404	128535
2019-05-27 00:00:00	1.34364	1.34525	1.34291	1.34366	76346
2019-05-28 00:00:00	1.34365	1.34985	1.3433	1.34894	110181
2019-05-29 00:00:00	1.34894	1.35464	1.34818	1.35137	152471
2019-05-30 00:00:00	1.35137	1.35323	1.34852	1.35322	116097
2019-05-31 00:00:00	1.35321	1.35644	1.35073	1.35153	148613
2019-06-02 00:00:00	1.35174	1.35264	1.3517	1.35212	3942
2019-06-03 00:00:00	1.3521	1.35245	1.34344	1.34412	150402
2019-06-05 00:00:00	1.33921	1.34297	1.33624	1.3422	141017
2019-06-06 00:00:00	1.34221	1.343	1.33526	1.33565	150756
2019-06-07 00:00:00	1.33564	1.33656	1.32597	1.32597	126529
2019-06-09 00:00:00	1.32387	1.32708	1.32377	1.32685	6546
2019-06-10 00:00:00	1.32685	1.32807	1.3251	1.32649	108241
2019-06-11 00:00:00	1.32649	1.33085	1.32499	1.32803	113194
2019-06-12 00:00:00	1.32802	1.33445	1.32731	1.33344	114803
2019-06-13 00:00:00	1.33346	1.33394	1.32999	1.33274	119455
2019-06-14 00:00:00	1.33274	1.34223	1.3327	1.3408	118153
2019-06-16 00:00:00	1.34069	1.34129	1.34061	1.34097	5470
2019-06-17 00:00:00	1.34097	1.34196	1.33926	1.34106	91509
2019-06-18 00:00:00	1.34103	1.3432	1.33722	1.33728	118272
2019-06-19 00:00:00	1.33728	1.33831	1.32693	1.327	139648
2019-06-20 00:00:00	1.327	1.32704	1.31508	1.3184	168142
2019-06-21 00:00:00	1.31841	1.32289	1.31618	1.32174	139287
2019-06-23 00:00:00	1.32124	1.32167	1.31995	1.31998	3889
2019-06-24 00:00:00	1.31999	1.32142	1.31773	1.31838	98570
2019-06-25 00:00:00	1.31837	1.32079	1.3152	1.31769	138213
2019-06-26 00:00:00	1.3177	1.31952	1.31065	1.31228	115168
2019-06-27 00:00:00	1.31228	1.31376	1.30914	1.3094	107057
2019-06-28 00:00:00	1.3094	1.31009	1.30591	1.30862	118627
2019-06-30 00:00:00	1.30781	1.30915	1.30727	1.30913	7260
2019-07-01 00:00:00	1.30909	1.31448	1.30849	1.31345	95294
2019-07-02 00:00:00	1.31345	1.31381	1.30961	1.30995	92113
2019-07-03 00:00:00	1.30995	1.3119	1.30552	1.3057	100055
2019-07-04 00:00:00	1.3057	1.30793	1.30373	1.30488	62016
2019-07-05 00:00:00	1.30488	1.31362	1.30479	1.30772	84655
2019-07-07 00:00:00	1.30683	1.30783	1.30683	1.30778	3726
2019-07-08 00:00:00	1.30776	1.31034	1.30489	1.31032	75286
2019-07-09 00:00:00	1.31033	1.31409	1.30975	1.3127	90406
2019-07-10 00:00:00	1.31268	1.31437	1.30618	1.30734	116555
2019-07-11 00:00:00	1.30734	1.30911	1.30415	1.30688	107497
2019-07-12 00:00:00	1.30688	1.30694	1.30176	1.30262	93428
2019-07-14 00:00:00	1.30268	1.30366	1.30249	1.30339	9709
2019-07-15 00:00:00	1.3034	1.3053	1.30209	1.30483	82470
2019-07-16 00:00:00	1.30484	1.30914	1.30224	1.3086	101514
2019-07-17 00:00:00	1.3086	1.30933	1.30351	1.30545	91173
2019-07-18 00:00:00	1.30542	1.30952	1.30153	1.30349	115125
2019-07-19 00:00:00	1.30348	1.31095	1.30248	1.30565	125030
2019-07-21 00:00:00	1.30584	1.30619	1.30531	1.3054	6387
2019-07-22 00:00:00	1.3054	1.31295	1.30401	1.31294	104778
2019-07-23 00:00:00	1.31294	1.31637	1.31216	1.31399	102022
2019-07-24 00:00:00	1.31399	1.31505	1.31184	1.31429	97333
2019-07-25 00:00:00	1.3143	1.31669	1.3115	1.31612	172895
2019-07-26 00:00:00	1.3161	1.31988	1.31565	1.31654	142381
2019-07-28 00:00:00	1.31624	1.31709	1.31601	1.31695	4059
2019-07-29 00:00:00	1.31692	1.31821	1.31486	1.3165	113502
2019-07-30 00:00:00	1.3165	1.31916	1.31435	1.31482	125261
2019-07-31 00:00:00	1.31483	1.32141	1.31048	1.31955	187516
2019-08-01 00:00:00	1.31949	1.32472	1.31822	1.32129	227071
2019-08-02 00:00:00	1.32129	1.32657	1.3199	1.32014	266798
2019-08-04 00:00:00	1.32093	1.32143	1.31977	1.32027	9743
2019-08-05 00:00:00	1.32028	1.32471	1.31773	1.3214	233851
2019-08-06 00:00:00	1.3214	1.32908	1.31866	1.32806	199861
2019-08-07 00:00:00	1.32807	1.33446	1.32691	1.33131	226231
2019-08-08 00:00:00	1.33132	1.33136	1.3221	1.32291	159548
2019-08-09 00:00:00	1.32292	1.32744	1.31957	1.32205	130483
2019-08-11 00:00:00	1.31984	1.32193	1.31984	1.3217	4809
2019-08-12 00:00:00	1.3217	1.325	1.32128	1.32365	141467
2019-08-13 00:00:00	1.32365	1.32927	1.31841	1.3214	165205
2019-08-14 00:00:00	1.3214	1.33253	1.32101	1.33106	192594
2019-08-15 00:00:00	1.33108	1.33391	1.32851	1.33168	196906
2019-08-16 00:00:00	1.3317	1.33245	1.32598	1.32642	123244
2019-08-18 00:00:00	1.32618	1.32716	1.32562	1.32668	7811
2019-08-19 00:00:00	1.32668	1.33367	1.32506	1.33296	97342
2019-08-20 00:00:00	1.33296	1.33456	1.33082	1.33176	108070
2019-08-21 00:00:00	1.33176	1.33189	1.32538	1.3288	91870
2019-08-22 00:00:00	1.32879	1.33149	1.32749	1.32954	112079
2019-08-23 00:00:00	1.32954	1.33389	1.32765	1.32808	127124
2019-08-25 00:00:00	1.32903	1.33192	1.32903	1.3315	14319
2019-08-26 00:00:00	1.33148	1.33159	1.32464	1.32521	168509
2019-08-27 00:00:00	1.32521	1.33006	1.32247	1.3285	124416
2019-08-28 00:00:00	1.32849	1.33179	1.32837	1.33063	116730
2019-08-29 00:00:00	1.33063	1.33186	1.32723	1.32831	128364
2019-08-30 00:00:00	1.32831	1.33333	1.3247	1.33069	118376
2019-09-01 00:00:00	1.33157	1.33257	1.33153	1.33178	10340
2019-09-02 00:00:00	1.33177	1.33607	1.33119	1.33337	85028
2019-09-03 00:00:00	1.33335	1.33823	1.33228	1.33386	126861
2019-09-04 00:00:00	1.33384	1.33393	1.32182	1.32253	108551
2019-09-05 00:00:00	1.32251	1.32461	1.3191	1.323	112617
2019-09-06 00:00:00	1.32298	1.32461	1.31576	1.31653	111210
2019-09-08 00:00:00	1.31762	1.31763	1.31647	1.31685	6524
2019-09-09 00:00:00	1.31683	1.31765	1.31388	1.31691	88818
2019-09-10 00:00:00	1.31691	1.31912	1.31333	1.31462	95684
2019-09-11 00:00:00	1.31459	1.32141	1.3139	1.31844	90440
2019-09-12 00:00:00	1.31843	1.32203	1.31764	1.32115	121023
2019-09-13 00:00:00	1.32115	1.32872	1.32097	1.32852	94131
2019-09-15 00:00:00	1.32211	1.32477	1.32093	1.32147	12399
2019-09-16 00:00:00	1.32146	1.32709	1.32141	1.32415	128646
2019-09-17 00:00:00	1.32414	1.32994	1.32328	1.32419	123638
2019-09-18 00:00:00	1.32419	1.33097	1.32378	1.32984	127452
2019-09-19 00:00:00	1.32984	1.33068	1.32415	1.32592	110313
2019-09-20 00:00:00	1.32589	1.33006	1.3254	1.32614	99040
2019-09-22 00:00:00	1.32597	1.3272	1.32597	1.32679	3049
2019-09-23 00:00:00	1.32679	1.33046	1.32541	1.3261	92248
2019-09-24 00:00:00	1.32609	1.32743	1.32316	1.32405	95798
2019-09-25 00:00:00	1.32403	1.32881	1.32394	1.3259	113320
2019-09-26 00:00:00	1.32588	1.32759	1.32315	1.3269	117960
2019-09-27 00:00:00	1.32689	1.32777	1.32135	1.32464	109981
2019-09-29 00:00:00	1.32344	1.32395	1.32332	1.32363	5624
2019-09-30 00:00:00	1.32362	1.32594	1.3224	1.32423	105348
2019-10-01 00:00:00	1.32423	1.32899	1.32093	1.32177	131782
2019-10-02 00:00:00	1.32176	1.33343	1.32055	1.33283	142872
2019-10-03 00:00:00	1.3328	1.33476	1.33092	1.3337	150311
2019-10-04 00:00:00	1.33369	1.33384	1.32989	1.33037	142075
2019-10-06 00:00:00	1.33226	1.3324	1.33045	1.3306	8324
2019-10-07 00:00:00	1.33059	1.33303	1.32899	1.3304	115389
2019-10-08 00:00:00	1.33037	1.33363	1.32874	1.33208	155211
2019-10-09 00:00:00	1.33208	1.33453	1.32947	1.33352	156714
2019-10-10 00:00:00	1.3335	1.33444	1.32684	1.32874	164133
2019-10-11 00:00:00	1.32874	1.32998	1.31707	1.31995	161591
2019-10-13 00:00:00	1.32016	1.32027	1.31912	1.3202	4087
2019-10-14 00:00:00	1.32019	1.3239	1.31997	1.32261	99348
2019-10-15 00:00:00	1.3226	1.32392	1.3194	1.32048	124035
2019-10-16 00:00:00	1.3205	1.32334	1.31841	1.32038	126359
2019-10-17 00:00:00	1.32037	1.32115	1.31306	1.31355	115430
2019-10-18 00:00:00	1.31355	1.31453	1.31191	1.31218	85372
2019-10-20 00:00:00	1.31334	1.31378	1.31286	1.31317	7073
2019-10-21 00:00:00	1.31313	1.31364	1.30816	1.30872	95214
2019-10-22 00:00:00	1.30869	1.31224	1.30707	1.30942	113051
2019-10-23 00:00:00	1.3094	1.31089	1.30681	1.30751	89154
2019-10-24 00:00:00	1.30751	1.30928	1.30526	1.30708	99690
2019-10-25 00:00:00	1.30708	1.30762	1.30546	1.30546	81803
2019-10-27 00:00:00	1.30616	1.30646	1.30551	1.3064	2667
2019-10-28 00:00:00	1.30639	1.30779	1.30489	1.30555	81211
2019-10-29 00:00:00	1.30554	1.31003	1.30417	1.30905	84020
2019-10-30 00:00:00	1.30905	1.32081	1.30744	1.31655	113717
2019-10-31 00:00:00	1.31653	1.31779	1.3135	1.31679	106408
2019-11-01 00:00:00	1.31681	1.3196	1.31384	1.31393	97554
2019-11-03 00:00:00	1.31363	1.31437	1.31356	1.31415	3268
2019-11-04 00:00:00	1.31415	1.31602	1.313	1.31522	87293
2019-11-05 00:00:00	1.3152	1.3178	1.31151	1.31537	108491
2019-11-06 00:00:00	1.31537	1.31926	1.3153	1.31857	82111
2019-11-07 00:00:00	1.31857	1.31967	1.31596	1.31743	95153
2019-11-08 00:00:00	1.31741	1.32368	1.31719	1.32258	79984
2019-11-10 00:00:00	1.32196	1.32283	1.32184	1.32266	2657
2019-11-11 00:00:00	1.32266	1.32372	1.32123	1.32337	64080
2019-11-12 00:00:00	1.32336	1.32571	1.32162	1.32363	92310
2019-11-13 00:00:00	1.32361	1.32679	1.32312	1.32516	91270
2019-11-14 00:00:00	1.32515	1.32704	1.32435	1.32492	86823
2019-11-15 00:00:00	1.32492	1.32515	1.32162	1.3221	73076
2019-11-17 00:00:00	1.32234	1.32243	1.322	1.3224	2890
2019-11-18 00:00:00	1.32238	1.32351	1.32	1.32066	71131
2019-11-19 00:00:00	1.32065	1.32721	1.31903	1.32718	81681
2019-11-20 00:00:00	1.32717	1.33273	1.327	1.33034	89912
2019-11-21 00:00:00	1.33032	1.33248	1.32694	1.32803	101583
2019-11-22 00:00:00	1.32805	1.33014	1.3254	1.32964	95004
2019-11-24 00:00:00	1.32964	1.33011	1.32917	1.32971	2849
2019-11-25 00:00:00	1.32969	1.33188	1.32847	1.33033	71281
2019-11-26 00:00:00	1.33031	1.33159	1.32674	1.32701	77529
2019-11-27 00:00:00	1.32703	1.32894	1.32599	1.32849	76907
2019-11-28 00:00:00	1.32848	1.3299	1.32786	1.32802	51454
2019-11-29 00:00:00	1.32802	1.33134	1.32707	1.32727	69242
2019-12-01 00:00:00	1.32723	1.32887	1.32719	1.32851	3549
2019-12-02 00:00:00	1.32849	1.33086	1.32754	1.33058	71512
2019-12-03 00:00:00	1.33057	1.33206	1.3283	1.32916	75885
2019-12-04 00:00:00	1.32914	1.32976	1.31917	1.31925	84630
2019-12-05 00:00:00	1.31924	1.31928	1.31581	1.31764	74347
2019-12-06 00:00:00	1.31762	1.32696	1.31712	1.32484	66771
2019-12-08 00:00:00	1.32524	1.3259	1.32476	1.32509	4835
2019-12-09 00:00:00	1.32509	1.32648	1.32222	1.32374	59825
2019-12-10 00:00:00	1.32375	1.32497	1.3224	1.32341	74029
2019-12-11 00:00:00	1.3234	1.32393	1.31618	1.31732	85019
2019-12-12 00:00:00	1.3173	1.31936	1.31504	1.31538	100503
2019-12-13 00:00:00	1.31537	1.32047	1.31517	1.31655	116544
2019-12-15 00:00:00	1.31734	1.31859	1.31729	1.31856	6639
2019-12-16 00:00:00	1.31857	1.31858	1.31147	1.31649	83101
2019-12-17 00:00:00	1.31646	1.31848	1.31452	1.31608	84383
2019-12-18 00:00:00	1.31609	1.31756	1.31022	1.31141	80445
2019-12-19 00:00:00	1.3114	1.31378	1.31075	1.31235	76588
2019-12-20 00:00:00	1.31232	1.31809	1.31231	1.31486	70762
2019-12-22 00:00:00	1.31475	1.3152	1.31402	1.3145	4584
2019-12-23 00:00:00	1.31451	1.31764	1.31408	1.3147	61351
2019-12-24 00:00:00	1.31471	1.31678	1.31464	1.31568	53959
2019-12-25 00:00:00	1.31569	1.31653	1.31454	1.31553	4350
2019-12-26 00:00:00	1.31553	1.31573	1.31033	1.31104	36067
2019-12-27 00:00:00	1.31102	1.31202	1.30638	1.30779	70121
2019-12-29 00:00:00	1.30728	1.30764	1.30686	1.30751	4680
2019-12-30 00:00:00	1.30751	1.30841	1.30502	1.30612	92994
2019-12-31 00:00:00	1.3061	1.30612	1.29514	1.29853	79500
2020-01-01 00:00:00	1.29842	1.29863	1.29745	1.29754	3982
2020-01-02 00:00:00	1.29754	1.30078	1.29684	1.29836	128152
2020-01-03 00:00:00	1.29836	1.30072	1.29608	1.29972	104810
2020-01-05 00:00:00	1.29868	1.29896	1.29848	1.29891	3762
2020-01-06 00:00:00	1.29887	1.29896	1.29599	1.29636	93750
2020-01-07 00:00:00	1.29634	1.30293	1.29566	1.30007	95046
2020-01-09 00:00:00	1.30359	1.31046	1.30258	1.30628	104727
2020-01-10 00:00:00	1.30624	1.30753	1.30285	1.30492	90147
2020-01-12 00:00:00	1.30516	1.30667	1.30505	1.30664	3071
2020-01-13 00:00:00	1.30665	1.30672	1.30312	1.30562	88905
2020-01-14 00:00:00	1.30562	1.30792	1.30465	1.30673	82499
2020-01-15 00:00:00	1.3067	1.30778	1.30346	1.30397	88252
2020-01-16 00:00:00	1.30397	1.3056	1.30319	1.3041	85471
2020-01-17 00:00:00	1.30408	1.30748	1.30338	1.30639	77101
2020-01-19 00:00:00	1.30586	1.30673	1.30586	1.30642	6587
2020-01-20 00:00:00	1.30642	1.3072	1.30434	1.30451	56789
2020-01-21 00:00:00	1.30451	1.30797	1.30441	1.30735	88199
2020-01-22 00:00:00	1.30734	1.31523	1.30356	1.31418	98075
2020-01-23 00:00:00	1.31418	1.31713	1.31236	1.31274	104963
2020-01-24 00:00:00	1.31274	1.31525	1.31179	1.31428	84503
2020-01-26 00:00:00	1.31514	1.3162	1.3149	1.31611	6146
2020-01-27 00:00:00	1.3161	1.31994	1.31473	1.31875	103896
2020-01-28 00:00:00	1.31875	1.32054	1.3154	1.31636	83713
2020-01-29 00:00:00	1.31636	1.32093	1.31582	1.31977	77273
2020-01-30 00:00:00	1.31976	1.32263	1.319	1.32119	95103
2020-01-31 00:00:00	1.32119	1.32532	1.3195	1.32347	106785
2020-02-02 00:00:00	1.32374	1.32443	1.32353	1.32414	3909
2020-02-03 00:00:00	1.32414	1.33034	1.32316	1.32952	104520
2020-02-04 00:00:00	1.32951	1.33016	1.32633	1.32826	95223
2020-02-05 00:00:00	1.32826	1.33024	1.32626	1.32859	91433
2020-02-06 00:00:00	1.32857	1.33089	1.327	1.32869	91917
2020-02-07 00:00:00	1.32869	1.33208	1.3278	1.33042	122188
2020-02-09 00:00:00	1.32997	1.33114	1.32997	1.33114	4795
2020-02-10 00:00:00	1.33113	1.33291	1.3288	1.33176	97042
2020-02-11 00:00:00	1.33173	1.33197	1.32761	1.32897	71098
2020-02-12 00:00:00	1.329	1.32956	1.32356	1.32558	5656826
2020-02-13 00:00:00	1.32558	1.32709	1.324	1.32658	866812
2020-02-14 00:00:00	1.32658	1.32688	1.32355	1.32483	403255
2020-02-16 00:00:00	1.32495	1.32514	1.32442	1.32447	3005
2020-02-17 00:00:00	1.32445	1.32499	1.32248	1.32371	47898
2020-02-18 00:00:00	1.32372	1.32782	1.3234	1.32539	76457
2020-02-19 00:00:00	1.3254	1.32558	1.32149	1.32217	72025
2020-02-20 00:00:00	1.32215	1.32686	1.32115	1.3261	71745
2020-02-21 00:00:00	1.3261	1.32682	1.32018	1.32189	87934
2020-02-23 00:00:00	1.32504	1.32582	1.3243	1.32533	8814
2020-02-24 00:00:00	1.32531	1.33073	1.32473	1.3287	110091
2020-02-25 00:00:00	1.32869	1.33054	1.3267	1.32797	117762
2020-02-26 00:00:00	1.32797	1.33469	1.32711	1.33435	131980
2020-02-27 00:00:00	1.33435	1.33937	1.33163	1.33877	140022
2020-02-28 00:00:00	1.33876	1.34642	1.33854	1.33965	188673
2020-03-01 00:00:00	1.3433	1.34392	1.34041	1.34056	6189
2020-03-02 00:00:00	1.34051	1.34149	1.33146	1.33245	169054
2020-03-03 00:00:00	1.33245	1.33905	1.33186	1.33769	169308
2020-03-04 00:00:00	1.33769	1.34311	1.3328	1.33862	120841
2020-03-05 00:00:00	1.33859	1.34381	1.33859	1.33917	118695
2020-03-06 00:00:00	1.33917	1.34392	1.33793	1.34156	154383
2020-03-08 00:00:00	1.35447	1.36272	1.35376	1.36238	21693
2020-03-09 00:00:00	1.36235	1.37588	1.35173	1.36609	247953
2020-03-10 00:00:00	1.36609	1.37957	1.36086	1.37317	204743
2020-03-11 00:00:00	1.37316	1.37943	1.36811	1.3773	176128
2020-03-12 00:00:00	1.37726	1.39614	1.37071	1.39445	230823
2020-03-13 00:00:00	1.39444	1.3995	1.37815	1.38008	268517
2020-03-15 00:00:00	1.38878	1.38878	1.37296	1.37871	40113
2020-03-16 00:00:00	1.37871	1.40189	1.37871	1.40117	310396
2020-03-17 00:00:00	1.40115	1.42763	1.396	1.4242	254018
2020-03-18 00:00:00	1.42418	1.46503	1.41658	1.44811	286461
2020-03-19 00:00:00	1.44803	1.46675	1.44202	1.44997	330629
2020-03-20 00:00:00	1.44997	1.45287	1.41486	1.43309	324810
2020-03-22 00:00:00	1.43525	1.44882	1.43514	1.44634	12766
2020-03-23 00:00:00	1.44641	1.45594	1.43351	1.44793	412289
2020-03-24 00:00:00	1.44786	1.45312	1.43743	1.44397	270727
2020-03-25 00:00:00	1.44397	1.44608	1.41772	1.42215	268625
2020-03-26 00:00:00	1.42216	1.42752	1.40095	1.40412	220791
2020-03-27 00:00:00	1.40406	1.4154	1.39206	1.39783	233407
2020-03-29 00:00:00	1.40159	1.40821	1.40067	1.40484	10868
2020-03-30 00:00:00	1.40484	1.41896	1.40111	1.418	213550
2020-03-31 00:00:00	1.418	1.43487	1.40104	1.40762	263528
2020-04-01 00:00:00	1.40763	1.42713	1.40651	1.41511	236760
2020-04-02 00:00:00	1.41512	1.42986	1.40781	1.41292	251489
2020-04-03 00:00:00	1.41298	1.42238	1.40938	1.41964	212415
2020-04-05 00:00:00	1.42242	1.42611	1.42209	1.4253	11648
2020-04-06 00:00:00	1.42531	1.42588	1.4081	1.41119	208445
2020-04-07 00:00:00	1.41119	1.41221	1.39444	1.40148	230286
2020-04-08 00:00:00	1.40149	1.40809	1.39905	1.40019	181826
2020-04-09 00:00:00	1.40019	1.40774	1.39305	1.39864	211800
2020-04-10 00:00:00	1.39863	1.40083	1.39449	1.39503	60311
2020-04-12 00:00:00	1.39244	1.39997	1.39235	1.39685	8057
2020-04-13 00:00:00	1.39685	1.39871	1.38551	1.38734	129626
2020-04-14 00:00:00	1.3874	1.39245	1.38622	1.38804	126407
2020-04-15 00:00:00	1.38799	1.41319	1.38793	1.41176	171654
2020-04-16 00:00:00	1.41175	1.41821	1.40144	1.40379	189497
2020-04-17 00:00:00	1.40375	1.41174	1.39963	1.39976	171056
2020-04-19 00:00:00	1.40154	1.40517	1.40153	1.40516	7129
2020-04-20 00:00:00	1.40516	1.41531	1.4031	1.41294	163830
2020-04-21 00:00:00	1.41294	1.42645	1.41127	1.41913	276592
2020-04-22 00:00:00	1.41907	1.42374	1.41146	1.41843	182229
2020-04-23 00:00:00	1.41845	1.41978	1.39996	1.40651	175143
2020-04-24 00:00:00	1.4065	1.41198	1.40231	1.40923	144210
2020-04-26 00:00:00	1.40839	1.41168	1.40804	1.41093	5342
2020-04-27 00:00:00	1.41091	1.41146	1.40144	1.40365	127939
2020-04-28 00:00:00	1.4037	1.40725	1.39354	1.39827	124415
2020-04-29 00:00:00	1.39827	1.39858	1.38745	1.38753	110248
2020-04-30 00:00:00	1.38755	1.39685	1.38498	1.39518	125151
2020-05-01 00:00:00	1.39518	1.41089	1.39489	1.40861	105196
2020-05-03 00:00:00	1.40835	1.4137	1.40772	1.4135	7234
2020-05-04 00:00:00	1.41348	1.41522	1.40509	1.40838	106864
2020-05-05 00:00:00	1.40838	1.40947	1.40076	1.40399	109809
2020-05-06 00:00:00	1.404	1.41726	1.40224	1.41636	261521
2020-05-07 00:00:00	1.41634	1.41634	1.39524	1.39733	116506
2020-05-08 00:00:00	1.39732	1.39762	1.39083	1.39238	81663
2020-05-10 00:00:00	1.39323	1.39459	1.39242	1.39264	5682
2020-05-11 00:00:00	1.39264	1.40423	1.38996	1.40201	96327
2020-05-12 00:00:00	1.40201	1.40836	1.3972	1.40831	108434
2020-05-13 00:00:00	1.40828	1.41148	1.40061	1.40904	137500
2020-05-14 00:00:00	1.40901	1.41408	1.40315	1.40335	136635
2020-05-15 00:00:00	1.40333	1.41167	1.40182	1.41045	110175
2020-05-17 00:00:00	1.40932	1.41141	1.4087	1.40927	5984
2020-05-18 00:00:00	1.40925	1.40964	1.39357	1.39393	90721
2020-05-19 00:00:00	1.39393	1.39692	1.38662	1.39378	106601
2020-05-20 00:00:00	1.3938	1.39502	1.38677	1.39055	98002
2020-05-21 00:00:00	1.39056	1.39701	1.38908	1.39463	98207
2020-05-22 00:00:00	1.39463	1.40484	1.39409	1.40002	101600
2020-05-24 00:00:00	1.39882	1.40024	1.3982	1.39853	5169
2020-05-25 00:00:00	1.39852	1.40071	1.39684	1.39709	92570
2020-05-26 00:00:00	1.39709	1.39766	1.37568	1.37844	107252
2020-05-27 00:00:00	1.37842	1.38224	1.37272	1.37547	138147
2020-05-28 00:00:00	1.37548	1.37895	1.3734	1.37756	141105
2020-05-29 00:00:00	1.37756	1.38323	1.37141	1.3766	144531
2020-05-31 00:00:00	1.37761	1.38004	1.37504	1.37784	8739
2020-06-01 00:00:00	1.37784	1.37819	1.35581	1.35824	133656
2020-06-02 00:00:00	1.35822	1.35822	1.34834	1.351	133614
2020-06-03 00:00:00	1.35098	1.35723	1.34796	1.34937	141401
2020-06-04 00:00:00	1.3494	1.35409	1.34675	1.35025	135583
2020-06-05 00:00:00	1.35025	1.35126	1.33912	1.34203	141006
2020-06-07 00:00:00	1.34084	1.34206	1.33915	1.33971	7130
2020-06-08 00:00:00	1.33969	1.34365	1.33564	1.33703	117136
2020-06-09 00:00:00	1.33704	1.34877	1.33593	1.34229	128394
2020-06-10 00:00:00	1.3423	1.34375	1.33149	1.34267	174946
2020-06-11 00:00:00	1.34267	1.36511	1.34004	1.3638	234014
2020-06-12 00:00:00	1.3638	1.36662	1.35269	1.3586	255420
2020-06-14 00:00:00	1.36009	1.36417	1.35941	1.36353	14528
2020-06-15 00:00:00	1.36352	1.36857	1.35296	1.35304	238365
2020-06-16 00:00:00	1.35305	1.36224	1.35044	1.35361	231161
2020-06-17 00:00:00	1.35365	1.35942	1.35117	1.35779	182506
2020-06-18 00:00:00	1.35778	1.36159	1.35208	1.35928	177637
2020-06-19 00:00:00	1.35928	1.36173	1.35465	1.3605	155131
2020-06-21 00:00:00	1.36131	1.36297	1.36108	1.36187	10476
2020-06-22 00:00:00	1.36187	1.36253	1.35	1.35036	134220
2020-06-23 00:00:00	1.35036	1.35703	1.34854	1.35408	161384
2020-06-24 00:00:00	1.35408	1.36465	1.35271	1.3645	170323
2020-06-25 00:00:00	1.36449	1.36698	1.36072	1.36379	157275
2020-06-26 00:00:00	1.36382	1.37151	1.36275	1.36844	118639
2020-06-28 00:00:00	1.36681	1.36977	1.36681	1.36797	6351
2020-06-29 00:00:00	1.36799	1.3705	1.36468	1.3656	136627
2020-06-30 00:00:00	1.3656	1.36991	1.35694	1.35745	135211
2020-07-01 00:00:00	1.35745	1.36012	1.35453	1.35923	99072
2020-07-02 00:00:00	1.35929	1.36237	1.35596	1.35708	109041
2020-07-03 00:00:00	1.35707	1.35812	1.35421	1.35423	87723
2020-07-05 00:00:00	1.35589	1.35617	1.35447	1.35489	3964
2020-07-06 00:00:00	1.35489	1.35595	1.35193	1.35387	91533
2020-07-07 00:00:00	1.35387	1.36094	1.35245	1.36043	101048
2020-07-08 00:00:00	1.36043	1.36236	1.34922	1.35172	126214
2020-07-09 00:00:00	1.35172	1.3594	1.34906	1.35811	118764
2020-07-10 00:00:00	1.3581	1.36311	1.35748	1.35918	102472
2020-07-12 00:00:00	1.35838	1.35985	1.35838	1.35985	7120
2020-07-13 00:00:00	1.35985	1.36122	1.35362	1.36106	116642
2020-07-14 00:00:00	1.36108	1.3646	1.35948	1.35987	150324
2020-07-15 00:00:00	1.35988	1.36067	1.35041	1.35069	118513
2020-07-16 00:00:00	1.35072	1.3581	1.3501	1.35739	112331
2020-07-17 00:00:00	1.35739	1.35888	1.35648	1.3578	96127
2020-07-19 00:00:00	1.35709	1.35864	1.35709	1.3574	5677
2020-07-20 00:00:00	1.35742	1.35999	1.35238	1.35251	82755
2020-07-21 00:00:00	1.35251	1.35256	1.3425	1.34463	92534
2020-07-22 00:00:00	1.34468	1.34827	1.33992	1.34182	107540
2020-07-23 00:00:00	1.34182	1.34272	1.33509	1.34033	120194
2020-07-24 00:00:00	1.34033	1.3445	1.33767	1.34141	119067
2020-07-26 00:00:00	1.34207	1.34307	1.341	1.34195	7987
2020-07-27 00:00:00	1.34194	1.34204	1.33377	1.3339	112615
2020-07-28 00:00:00	1.3339	1.34068	1.33307	1.33801	97808
2020-07-29 00:00:00	1.33802	1.33866	1.33321	1.33427	103553
2020-07-30 00:00:00	1.33424	1.34595	1.33338	1.3414	152832
2020-07-31 00:00:00	1.3414	1.34356	1.33718	1.34097	129851
2020-08-02 00:00:00	1.34001	1.34066	1.33894	1.34007	8887
2020-08-03 00:00:00	1.34005	1.34509	1.33797	1.33949	100158
2020-08-04 00:00:00	1.33949	1.34202	1.32943	1.32966	113257
2020-08-05 00:00:00	1.32966	1.33075	1.32332	1.32659	103222
2020-08-06 00:00:00	1.32659	1.33249	1.32435	1.33179	135256
2020-08-07 00:00:00	1.3318	1.33982	1.33052	1.33819	153693
2020-08-09 00:00:00	1.33894	1.33932	1.33617	1.33873	5617
2020-08-10 00:00:00	1.33872	1.33945	1.33335	1.33532	89669
2020-08-11 00:00:00	1.33532	1.33549	1.327	1.3311	151254
2020-08-12 00:00:00	1.33111	1.33467	1.32276	1.32423	160403
2020-08-13 00:00:00	1.32426	1.32512	1.31914	1.3221	130470
2020-08-14 00:00:00	1.3221	1.32715	1.32057	1.32623	107052
2020-08-16 00:00:00	1.3256	1.32666	1.3228	1.32534	4931
2020-08-17 00:00:00	1.32536	1.32621	1.31916	1.32217	88632
2020-08-18 00:00:00	1.32216	1.32225	1.31516	1.31584	109713
2020-08-19 00:00:00	1.31585	1.32266	1.3133	1.32109	129555
2020-08-20 00:00:00	1.32109	1.32443	1.31679	1.3174	132247
2020-08-21 00:00:00	1.3174	1.32339	1.31586	1.3173	129514
2020-08-23 00:00:00	1.31748	1.31842	1.31694	1.31794	3957
2020-08-24 00:00:00	1.31794	1.3238	1.3134	1.32175	120057
2020-08-25 00:00:00	1.32176	1.3239	1.3159	1.31652	110101
2020-08-26 00:00:00	1.31653	1.32048	1.31315	1.31402	120618
2020-08-27 00:00:00	1.31403	1.31662	1.31013	1.31229	333830
2020-08-28 00:00:00	1.3123	1.31325	1.30468	1.30968	299203
2020-08-30 00:00:00	1.30918	1.30923	1.30799	1.30818	3600
2020-08-31 00:00:00	1.30819	1.31042	1.30199	1.30383	299777
2020-09-01 00:00:00	1.30384	1.30865	1.29938	1.30545	122195
2020-09-02 00:00:00	1.30542	1.30951	1.30368	1.3047	103968
2020-09-03 00:00:00	1.3047	1.31618	1.30468	1.31373	148974
2020-09-04 00:00:00	1.31373	1.31397	1.30439	1.30605	141060
2020-09-06 00:00:00	1.30479	1.30834	1.30429	1.30757	6266
2020-09-07 00:00:00	1.3076	1.3116	1.30664	1.30957	71571
2020-09-08 00:00:00	1.30956	1.32573	1.30858	1.32398	149732
2020-09-09 00:00:00	1.32399	1.3259	1.31408	1.31529	105802
2020-09-10 00:00:00	1.31529	1.32024	1.31186	1.3189	140283
2020-09-11 00:00:00	1.3189	1.32072	1.31504	1.31763	93594
2020-09-13 00:00:00	1.31805	1.31915	1.31772	1.31806	4120
2020-09-14 00:00:00	1.31806	1.31964	1.31528	1.31764	70170
2020-09-15 00:00:00	1.31763	1.32021	1.31344	1.31941	79011
2020-09-16 00:00:00	1.31941	1.32004	1.31272	1.31802	131340
2020-09-17 00:00:00	1.31801	1.32467	1.31448	1.31499	130992
2020-09-18 00:00:00	1.315	1.32087	1.31368	1.32017	110819
2020-09-20 00:00:00	1.31958	1.32082	1.31844	1.31977	5948
2020-09-21 00:00:00	1.31977	1.332	1.31707	1.33018	139095
2020-09-22 00:00:00	1.33018	1.33455	1.32833	1.32975	137690
2020-09-23 00:00:00	1.32974	1.3394	1.32936	1.33874	132109
2020-09-24 00:00:00	1.33872	1.34177	1.3325	1.33498	154865
2020-09-25 00:00:00	1.335	1.34178	1.33385	1.33835	125881
2020-09-27 00:00:00	1.33806	1.33867	1.33737	1.33807	6049
2020-09-28 00:00:00	1.33808	1.34033	1.33539	1.33577	119103
2020-09-29 00:00:00	1.33577	1.34183	1.33517	1.33837	97444
2020-10-01 00:00:00	1.33082	1.3322	1.32666	1.32857	115957
2020-10-02 00:00:00	1.32859	1.3331	1.32813	1.33053	144265
2020-10-04 00:00:00	1.32964	1.33027	1.32915	1.32927	5942
2020-10-05 00:00:00	1.32927	1.32938	1.32531	1.32581	78474
2020-10-06 00:00:00	1.32579	1.33237	1.32416	1.33208	110177
2020-10-07 00:00:00	1.33205	1.33403	1.32511	1.32588	88013
2020-10-08 00:00:00	1.32592	1.32652	1.31902	1.31916	78356
2020-10-09 00:00:00	1.31918	1.31956	1.31091	1.31136	67238
2020-10-11 00:00:00	1.31286	1.31338	1.31114	1.31313	4624
2020-10-12 00:00:00	1.31315	1.31428	1.31009	1.3112	54491
2020-10-13 00:00:00	1.3112	1.31466	1.30987	1.31405	80934
2020-10-14 00:00:00	1.31403	1.31627	1.31158	1.31513	90129
2020-10-15 00:00:00	1.31515	1.32591	1.31448	1.3228	104408
2020-10-16 00:00:00	1.32279	1.32373	1.31768	1.31899	83326
2020-10-18 00:00:00	1.31878	1.3193	1.31783	1.31803	5205
2020-10-19 00:00:00	1.31804	1.31978	1.31502	1.31897	73798
2020-10-20 00:00:00	1.31898	1.32035	1.31041	1.31192	71023
2020-10-21 00:00:00	1.31194	1.31605	1.30806	1.31544	76147
2020-10-22 00:00:00	1.31545	1.3177	1.31236	1.31361	72449
2020-10-23 00:00:00	1.31363	1.31601	1.31089	1.31216	67089
2020-10-25 00:00:00	1.31296	1.31609	1.31242	1.31476	5039
2020-10-26 00:00:00	1.31476	1.32249	1.31396	1.32055	76634
2020-10-27 00:00:00	1.32055	1.32087	1.31418	1.31916	73585
2020-10-28 00:00:00	1.31914	1.33333	1.31791	1.33108	114480
2020-10-29 00:00:00	1.33109	1.33897	1.32778	1.33148	118622
2020-10-30 00:00:00	1.33148	1.33487	1.32795	1.33185	119616
2020-11-01 00:00:00	1.33151	1.33702	1.33103	1.33685	5394
2020-11-02 00:00:00	1.33685	1.337	1.32122	1.32202	98820
2020-11-03 00:00:00	1.32202	1.32337	1.30996	1.31024	82803
2020-11-04 00:00:00	1.31023	1.3299	1.30952	1.31264	220183
2020-11-05 00:00:00	1.31265	1.3178	1.30279	1.30829	149588
2020-11-06 00:00:00	1.30826	1.30968	1.30189	1.30535	111590
2020-11-08 00:00:00	1.30396	1.30517	1.30185	1.30226	4181
2020-11-09 00:00:00	1.30227	1.30308	1.2928	1.30072	157408
2020-11-10 00:00:00	1.30072	1.30507	1.29843	1.3031	127412
2020-11-11 00:00:00	1.30309	1.3077	1.30081	1.30584	81973
2020-11-12 00:00:00	1.30582	1.31495	1.30556	1.31369	80907
2020-11-13 00:00:00	1.3137	1.31721	1.31157	1.31283	63235
2020-11-15 00:00:00	1.31363	1.3138	1.31176	1.31237	3637
2020-11-16 00:00:00	1.31237	1.31276	1.30652	1.30749	75749
2020-11-17 00:00:00	1.30748	1.31164	1.30631	1.3105	68737
2020-11-18 00:00:00	1.31055	1.31174	1.30336	1.30883	72326
2020-11-19 00:00:00	1.30884	1.3123	1.3052	1.30871	78906
2020-11-20 00:00:00	1.30871	1.30965	1.30387	1.30927	72413
2020-11-22 00:00:00	1.30844	1.30936	1.30808	1.30843	3506
2020-11-23 00:00:00	1.30843	1.31123	1.30451	1.30742	71438
2020-11-24 00:00:00	1.3074	1.30905	1.29928	1.29957	87610
2020-11-25 00:00:00	1.29959	1.30288	1.2986	1.30018	78911
2020-11-26 00:00:00	1.30017	1.30227	1.29901	1.30206	64052
2020-11-27 00:00:00	1.30205	1.30247	1.29717	1.29866	64854
2020-11-29 00:00:00	1.29964	1.29972	1.29767	1.29829	1851
2020-11-30 00:00:00	1.2983	1.30096	1.29228	1.29909	94507
2020-12-01 00:00:00	1.29908	1.29915	1.29274	1.29333	85285
2020-12-02 00:00:00	1.29333	1.29585	1.29097	1.29169	86103
2020-12-03 00:00:00	1.29171	1.29409	1.28519	1.28677	80339
2020-12-04 00:00:00	1.28679	1.28736	1.2772	1.27774	78221
2020-12-06 00:00:00	1.2779	1.27898	1.27742	1.27814	3885
2020-12-07 00:00:00	1.27813	1.2833	1.27769	1.28032	73503
2020-12-08 00:00:00	1.28035	1.28255	1.27675	1.28159	71533
2020-12-09 00:00:00	1.28158	1.28329	1.27689	1.28274	73526
2020-12-10 00:00:00	1.28272	1.28273	1.27065	1.27412	86245
2020-12-11 00:00:00	1.27411	1.27922	1.27191	1.27652	74413
2020-12-13 00:00:00	1.27536	1.27607	1.27442	1.27508	2362
2020-12-14 00:00:00	1.27508	1.27895	1.27197	1.27606	68878
2020-12-15 00:00:00	1.27605	1.27713	1.26876	1.26989	69835
2020-12-16 00:00:00	1.26991	1.27893	1.26987	1.2747	77030
2020-12-17 00:00:00	1.27473	1.27502	1.26883	1.27319	63122
2020-12-18 00:00:00	1.2732	1.27982	1.2728	1.27855	67790
2020-12-20 00:00:00	1.27978	1.28111	1.27852	1.281	2553
2020-12-21 00:00:00	1.28101	1.29569	1.28059	1.28523	132825
2020-12-22 00:00:00	1.28523	1.29334	1.28469	1.28919	91144
2020-12-23 00:00:00	1.28922	1.29146	1.2834	1.28427	86431
2020-12-24 00:00:00	1.2843	1.28795	1.28126	1.28562	92744
2020-12-25 00:00:00	1.28557	1.28703	1.2843	1.28636	1017
2020-12-27 00:00:00	1.28448	1.28552	1.28323	1.28402	3410
2020-12-28 00:00:00	1.28401	1.28755	1.28134	1.2843	64327
2020-12-29 00:00:00	1.28427	1.28433	1.27797	1.2822	63727
2020-12-30 00:00:00	1.28224	1.28266	1.2749	1.27512	63947
2020-12-31 00:00:00	1.2751	1.27696	1.27138	1.27219	62851
2021-01-03 00:00:00	1.27136	1.27347	1.27136	1.27229	3359
2021-01-04 00:00:00	1.27228	1.27976	1.26647	1.27809	106853
2021-01-05 00:00:00	1.27809	1.27894	1.26557	1.26758	104224
2021-01-06 00:00:00	1.26758	1.27234	1.26296	1.26647	170550
2021-01-07 00:00:00	1.26653	1.27336	1.26642	1.26848	98733
2021-01-08 00:00:00	1.26848	1.27427	1.26583	1.26846	117815
2021-01-10 00:00:00	1.27015	1.27338	1.26867	1.27268	4069
2021-01-11 00:00:00	1.2727	1.28349	1.27184	1.27731	97872
2021-01-12 00:00:00	1.2773	1.27912	1.27065	1.27071	86717
2021-01-13 00:00:00	1.27071	1.27465	1.26799	1.26971	79509
2021-01-14 00:00:00	1.26972	1.27073	1.26245	1.26468	74463
2021-01-15 00:00:00	1.26469	1.2764	1.26357	1.27276	91179
2021-01-17 00:00:00	1.27287	1.27715	1.27258	1.27714	4408
2021-01-18 00:00:00	1.27715	1.27988	1.2742	1.2749	87786
2021-01-19 00:00:00	1.27488	1.27638	1.27149	1.27211	66153
2021-01-20 00:00:00	1.27211	1.27323	1.2606	1.26282	78800
2021-01-21 00:00:00	1.26284	1.26491	1.25885	1.26487	73340
2021-01-22 00:00:00	1.26488	1.27403	1.2641	1.27287	74250
2021-01-24 00:00:00	1.27134	1.27365	1.27076	1.27262	3316
2021-01-25 00:00:00	1.27256	1.27788	1.2687	1.27375	82720
2021-01-26 00:00:00	1.27376	1.27822	1.26894	1.26923	70091
2021-01-27 00:00:00	1.26923	1.28225	1.26847	1.2818	137349
2021-01-28 00:00:00	1.2818	1.2881	1.27878	1.28303	132571
2021-01-29 00:00:00	1.283	1.28743	1.27373	1.27718	152277
2021-01-31 00:00:00	1.27865	1.2819	1.27856	1.28004	6811
2021-02-01 00:00:00	1.28007	1.28642	1.27611	1.2849	128809
2021-02-02 00:00:00	1.2849	1.28695	1.27785	1.27867	106700
2021-02-03 00:00:00	1.27869	1.2811	1.2763	1.27844	89884
2021-02-04 00:00:00	1.27844	1.28451	1.2777	1.28249	79778
2021-02-05 00:00:00	1.28249	1.28325	1.2752	1.27532	72793
2021-02-07 00:00:00	1.27565	1.27665	1.27537	1.27602	4596
2021-02-08 00:00:00	1.27599	1.27824	1.27342	1.27386	70827
2021-02-09 00:00:00	1.2739	1.2766	1.26889	1.2698	80044
2021-02-10 00:00:00	1.2698	1.27104	1.26672	1.26968	84840
2021-02-11 00:00:00	1.26969	1.27104	1.26599	1.26996	67014
2021-02-12 00:00:00	1.26997	1.27628	1.26765	1.26908	53479
2021-02-14 00:00:00	1.26833	1.269	1.2682	1.26886	3188
2021-02-15 00:00:00	1.26888	1.26912	1.26306	1.26353	39326
2021-02-16 00:00:00	1.26354	1.27121	1.26092	1.27118	73034
2021-02-17 00:00:00	1.27121	1.2746	1.26867	1.26998	89278
2021-02-18 00:00:00	1.26995	1.27306	1.2665	1.2681	70120
2021-02-19 00:00:00	1.26808	1.27137	1.25941	1.26108	71275
2021-02-21 00:00:00	1.26113	1.2618	1.25974	1.26007	2881
2021-02-22 00:00:00	1.26009	1.26535	1.25801	1.2611	78027
2021-02-23 00:00:00	1.2611	1.26469	1.25785	1.25945	87586
2021-02-24 00:00:00	1.25944	1.2598	1.25046	1.25124	99496
2021-02-25 00:00:00	1.25124	1.26144	1.24676	1.26136	139421
2021-02-26 00:00:00	1.26135	1.27484	1.25868	1.27346	170851
2021-02-28 00:00:00	1.27284	1.2737	1.26922	1.26972	6549
2021-03-01 00:00:00	1.26972	1.27129	1.26398	1.26404	103411
2021-03-02 00:00:00	1.26407	1.2698	1.25997	1.26357	113653
2021-03-03 00:00:00	1.26356	1.26748	1.25927	1.26745	113938
2021-03-04 00:00:00	1.26747	1.26936	1.25749	1.26791	171139
2021-03-05 00:00:00	1.26792	1.2737	1.26454	1.2653	159761
2021-03-07 00:00:00	1.26505	1.26565	1.26219	1.26321	5422
2021-03-08 00:00:00	1.26319	1.26998	1.26254	1.2658	135209
2021-03-09 00:00:00	1.26582	1.26855	1.25902	1.2646	119670
2021-03-10 00:00:00	1.26459	1.2683	1.26081	1.2621	115231
2021-03-11 00:00:00	1.26211	1.26249	1.25202	1.25362	81391
2021-03-12 00:00:00	1.25361	1.25729	1.24618	1.24733	87737
2021-03-14 00:00:00	1.24735	1.24821	1.24686	1.2469	3581
2021-03-15 00:00:00	1.24691	1.25128	1.24404	1.24775	79017
2021-03-16 00:00:00	1.24775	1.24999	1.24334	1.24428	75974
2021-03-17 00:00:00	1.24428	1.24931	1.23876	1.23876	88626
2021-03-18 00:00:00	1.23877	1.25264	1.23647	1.24936	108390
2021-03-19 00:00:00	1.24937	1.25475	1.24616	1.24978	90617
2021-03-21 00:00:00	1.25185	1.25312	1.25168	1.25235	3451
2021-03-22 00:00:00	1.25236	1.2541	1.24731	1.25211	57242
2021-03-23 00:00:00	1.2521	1.25976	1.25184	1.25887	80564
2021-03-24 00:00:00	1.25886	1.26086	1.25426	1.25787	75798
2021-03-25 00:00:00	1.25785	1.26284	1.25461	1.26046	94020
2021-03-26 00:00:00	1.26046	1.26081	1.25603	1.25807	68260
2021-03-28 00:00:00	1.25694	1.2586	1.25694	1.25851	1686
2021-03-29 00:00:00	1.25849	1.26267	1.25797	1.259	62543
2021-03-30 00:00:00	1.25901	1.26468	1.25801	1.26214	65437
2021-03-31 00:00:00	1.26213	1.26285	1.25391	1.25643	68533
2021-04-01 00:00:00	1.25645	1.26017	1.25397	1.2547	66959
2021-04-02 00:00:00	1.25469	1.25814	1.25278	1.25695	25214
2021-04-04 00:00:00	1.25724	1.25881	1.25629	1.25642	2893
2021-04-05 00:00:00	1.25641	1.25942	1.25016	1.252	43332
2021-04-06 00:00:00	1.25202	1.25826	1.25165	1.25717	60799
2021-04-07 00:00:00	1.25719	1.26345	1.25656	1.26133	76964
2021-04-08 00:00:00	1.26132	1.26268	1.25558	1.25634	60397
2021-04-09 00:00:00	1.25632	1.26106	1.25251	1.25264	66623
2021-04-11 00:00:00	1.25336	1.25372	1.25257	1.25335	4418
2021-04-12 00:00:00	1.25336	1.25736	1.25303	1.25625	59687
2021-04-13 00:00:00	1.25624	1.26288	1.25266	1.25368	65317
2021-04-14 00:00:00	1.25369	1.2576	1.24998	1.2517	62955
2021-04-15 00:00:00	1.25176	1.25582	1.24765	1.25451	68405
2021-04-16 00:00:00	1.2545	1.25591	1.24939	1.25056	56732
2021-04-18 00:00:00	1.25045	1.25183	1.25044	1.25183	1588
2021-04-19 00:00:00	1.25183	1.25438	1.24709	1.25233	74394
2021-04-20 00:00:00	1.25229	1.26231	1.24784	1.26118	86255
2021-04-21 00:00:00	1.26118	1.26532	1.24595	1.2504	81326
2021-04-22 00:00:00	1.25042	1.25346	1.24727	1.25024	80783
2021-04-23 00:00:00	1.25024	1.25092	1.24605	1.24744	62855
2021-04-25 00:00:00	1.24758	1.24894	1.24742	1.24891	2287
2021-04-26 00:00:00	1.24892	1.24904	1.23839	1.23958	67299
2021-04-27 00:00:00	1.23958	1.24184	1.23882	1.24065	56512
2021-04-28 00:00:00	1.24067	1.24177	1.23013	1.23028	71537
2021-04-30 00:00:00	1.2276	1.23223	1.22656	1.22865	75960
2021-05-02 00:00:00	1.22875	1.22906	1.22787	1.22799	1237
2021-05-03 00:00:00	1.22797	1.23186	1.22664	1.228	54779
2021-05-04 00:00:00	1.22797	1.23513	1.22768	1.2301	78175
2021-05-05 00:00:00	1.2301	1.23059	1.22514	1.22686	60475
2021-05-06 00:00:00	1.22683	1.22879	1.21415	1.2156	73994
2021-05-07 00:00:00	1.21553	1.21932	1.21195	1.21246	71808
2021-05-09 00:00:00	1.21208	1.21332	1.21097	1.2116	3587
2021-05-10 00:00:00	1.21161	1.21301	1.20785	1.20938	73395
2021-05-11 00:00:00	1.20938	1.21259	1.20777	1.20973	87016
2021-05-12 00:00:00	1.20973	1.21376	1.20455	1.21202	113715
2021-05-13 00:00:00	1.21202	1.22025	1.21035	1.21702	100221
2021-05-14 00:00:00	1.21702	1.21785	1.20804	1.21007	70317
2021-05-16 00:00:00	1.21104	1.21185	1.21038	1.21122	2456
2021-05-17 00:00:00	1.21123	1.21359	1.20604	1.20616	77920
2021-05-18 00:00:00	1.20618	1.2081	1.20124	1.20726	67380
2021-05-19 00:00:00	1.20724	1.21429	1.20536	1.21311	115094
2021-05-20 00:00:00	1.21313	1.21441	1.2049	1.20629	76210
2021-05-21 00:00:00	1.20629	1.20943	1.20271	1.20614	76924
2021-05-23 00:00:00	1.20662	1.20766	1.2056	1.20697	2477
2021-05-24 00:00:00	1.20699	1.20851	1.20404	1.20499	65644
2021-05-25 00:00:00	1.20497	1.20781	1.20286	1.2066	83217
2021-05-26 00:00:00	1.20661	1.21356	1.20429	1.21298	75585
2021-05-27 00:00:00	1.21298	1.21418	1.20562	1.20706	75161
2021-05-28 00:00:00	1.20706	1.21197	1.20626	1.20693	69853
2021-05-30 00:00:00	1.20648	1.20799	1.20647	1.2078	1538
2021-05-31 00:00:00	1.20779	1.20915	1.20463	1.20607	66951
2021-06-01 00:00:00	1.20606	1.20772	1.20064	1.20706	65317
2021-06-02 00:00:00	1.20705	1.20914	1.2029	1.20402	52171
2021-06-03 00:00:00	1.20403	1.21196	1.20298	1.21093	64756
2021-06-04 00:00:00	1.21094	1.21328	1.20701	1.20726	62298
2021-06-06 00:00:00	1.20697	1.20797	1.20697	1.20756	1034
2021-06-07 00:00:00	1.20755	1.21063	1.20567	1.20865	52666
2021-06-08 00:00:00	1.20867	1.21171	1.20707	1.21127	61967
2021-06-09 00:00:00	1.21132	1.21173	1.20576	1.21144	57131
2021-06-10 00:00:00	1.21143	1.21246	1.20696	1.20958	76159
2021-06-11 00:00:00	1.20957	1.2177	1.20797	1.21583	68575
2021-06-13 00:00:00	1.21584	1.21641	1.2154	1.21598	1543
2021-06-14 00:00:00	1.21594	1.21712	1.21277	1.21427	65156
2021-06-15 00:00:00	1.21425	1.22037	1.21291	1.21855	72316
2021-06-16 00:00:00	1.21855	1.22832	1.21564	1.2278	105926
2021-06-17 00:00:00	1.22785	1.23777	1.22619	1.23451	119575
2021-06-18 00:00:00	1.23451	1.24804	1.23387	1.24601	120678
2021-06-20 00:00:00	1.24638	1.24666	1.24412	1.24501	4492
2021-06-21 00:00:00	1.24501	1.24866	1.23529	1.23693	108492
2021-06-22 00:00:00	1.23697	1.24029	1.23013	1.23108	84377
2021-06-23 00:00:00	1.23107	1.23282	1.22519	1.23047	78176
2021-06-24 00:00:00	1.23047	1.23406	1.22821	1.23219	73052
2021-06-25 00:00:00	1.23219	1.23293	1.22717	1.2291	57696
2021-06-27 00:00:00	1.22919	1.23046	1.22901	1.22908	1478
2021-06-28 00:00:00	1.22908	1.23476	1.22873	1.23347	63365
2021-06-29 00:00:00	1.23347	1.24027	1.23312	1.23966	63978
2021-06-30 00:00:00	1.23965	1.24232	1.23552	1.23937	73455
2021-07-01 00:00:00	1.23935	1.24452	1.23644	1.24403	65227
2021-07-02 00:00:00	1.24404	1.24493	1.23088	1.23206	75857
2021-07-04 00:00:00	1.23192	1.23322	1.23164	1.23307	2921
2021-07-05 00:00:00	1.23307	1.23713	1.23235	1.23406	53098
2021-07-06 00:00:00	1.23407	1.24944	1.23023	1.24581	90995
2021-07-07 00:00:00	1.24583	1.2519	1.24227	1.24818	104186
2021-07-08 00:00:00	1.24818	1.25899	1.2478	1.25307	134828
2021-07-09 00:00:00	1.25307	1.25564	1.24402	1.24412	109195
2021-07-11 00:00:00	1.24432	1.24549	1.24422	1.24482	2421
2021-07-12 00:00:00	1.24483	1.25141	1.2448	1.24558	88219
2021-07-13 00:00:00	1.24562	1.25393	1.24418	1.25213	99340
2021-07-14 00:00:00	1.25213	1.25258	1.24256	1.25159	108003
2021-07-15 00:00:00	1.25158	1.26131	1.25008	1.25914	109015
2021-07-16 00:00:00	1.25915	1.26204	1.25605	1.26117	82159
2021-07-18 00:00:00	1.26059	1.26226	1.26025	1.26173	2901
2021-07-19 00:00:00	1.26174	1.28072	1.2617	1.27496	134703
2021-07-20 00:00:00	1.27496	1.27864	1.26708	1.26752	118798
2021-07-21 00:00:00	1.26753	1.27297	1.25252	1.2571	92795
2021-07-22 00:00:00	1.2571	1.2594	1.25286	1.25636	92648
2021-07-23 00:00:00	1.25636	1.26067	1.25545	1.25581	68634
2021-07-25 00:00:00	1.25567	1.25725	1.25567	1.25679	1974
2021-07-26 00:00:00	1.2568	1.259	1.25276	1.25426	82917
2021-07-27 00:00:00	1.25429	1.26041	1.25376	1.25908	94606
2021-07-28 00:00:00	1.25906	1.26022	1.25151	1.25198	110333
2021-07-29 00:00:00	1.25196	1.25299	1.24312	1.24491	78664
2021-07-30 00:00:00	1.24495	1.24909	1.24217	1.24661	89772
2021-08-01 00:00:00	1.24784	1.24803	1.24639	1.24669	2891
2021-08-02 00:00:00	1.24668	1.25145	1.24525	1.25008	74585
2021-08-03 00:00:00	1.25008	1.25754	1.24888	1.2533	87114
2021-08-04 00:00:00	1.25332	1.25625	1.25152	1.2544	69404
2021-08-05 00:00:00	1.2544	1.25448	1.24743	1.25013	73200
2021-08-06 00:00:00	1.25013	1.25809	1.24941	1.25509	70186
2021-08-08 00:00:00	1.2546	1.25793	1.2544	1.25724	5549
2021-08-09 00:00:00	1.25723	1.25875	1.25312	1.2575	77905
2021-08-10 00:00:00	1.25751	1.25891	1.25159	1.25191	62768
2021-08-11 00:00:00	1.25192	1.2548	1.2489	1.25074	63001
2021-08-12 00:00:00	1.25073	1.2533	1.25003	1.25198	62039
2021-08-13 00:00:00	1.25197	1.25319	1.25011	1.25102	43962
2021-08-15 00:00:00	1.25143	1.25197	1.25115	1.25181	1445
2021-08-16 00:00:00	1.2518	1.25839	1.25169	1.25712	59878
2021-08-17 00:00:00	1.25711	1.26486	1.25701	1.26268	90267
2021-08-18 00:00:00	1.26269	1.2663	1.25977	1.26629	85637
2021-08-19 00:00:00	1.26628	1.28324	1.26595	1.28312	130453
2021-08-20 00:00:00	1.2831	1.29487	1.28138	1.28199	102414
2021-08-22 00:00:00	1.28083	1.28325	1.28083	1.28254	1978
2021-08-23 00:00:00	1.28256	1.28259	1.26422	1.26527	78167
2021-08-24 00:00:00	1.26527	1.26575	1.25783	1.25967	68446
2021-08-25 00:00:00	1.25968	1.26433	1.25854	1.25889	69975
2021-08-26 00:00:00	1.25888	1.26952	1.25882	1.26856	72374
2021-08-27 00:00:00	1.26855	1.27077	1.26051	1.26104	83597
2021-08-29 00:00:00	1.26169	1.26223	1.26078	1.26117	5226
2021-08-30 00:00:00	1.26117	1.26337	1.25731	1.26087	72373
2021-08-31 00:00:00	1.26089	1.26529	1.25688	1.26162	92929
2021-09-01 00:00:00	1.26165	1.26366	1.258	1.26212	80593