,"eta(Hn=0.05, Hp=0.05)","payoff(Hn=0.05, Hp=0.05)","eta(Hn=0.10, Hp=0.10)","payoff(Hn=0.10, Hp=0.10)","eta(Hn=0.20, Hp=0.20)","payoff(Hn=0.20, Hp=0.20)","eta(Hn=0.20, Hp=0.30)","payoff(Hn=0.20, Hp=0.30)","eta(Hn=0.30, Hp=0.30)","payoff(Hn=0.30, Hp=0.30)","eta(Hn=0.40, Hp=0.40)","payoff(Hn=0.40, Hp=0.40)","eta(Hn=0.50, Hp=0.50)","payoff(Hn=0.50, Hp=0.50)",pure online,best price
0,-0.05,83.9691,-0.1,83.9691,-0.2,83.9691,-0.2,83.9691,-0.3,83.9691,-0.4,83.9691,-0.5,83.9691,83.9691,86.46395
1,-0.049,83.9691,-0.099,83.9691,-0.199,83.9691,-0.199,83.9691,-0.299,83.9691,-0.399,83.9691,-0.499,83.9691,83.9691,86.46395
2,-0.048,83.9691,-0.098,83.9691,-0.198,83.9691,-0.198,83.9691,-0.298,83.9691,-0.398,83.9691,-0.498,83.9691,83.9691,86.46395
3,-0.047,83.9691,-0.097,83.9691,-0.197,83.9691,-0.197,83.9691,-0.297,83.9691,-0.397,83.9691,-0.497,83.9691,83.9691,86.46395
4,-0.046,83.9691,-0.096,83.9691,-0.196,83.9691,-0.196,83.9691,-0.296,83.9691,-0.396,83.9691,-0.496,83.9691,83.9691,86.46395
5,-0.045,83.9691,-0.095,83.9691,-0.195,83.9691,-0.195,83.9691,-0.295,83.9691,-0.395,83.9691,-0.495,83.9691,83.9691,86.46395
6,-0.044,83.9691,-0.094,83.9691,-0.194,83.9691,-0.194,83.9691,-0.294,83.9691,-0.394,83.9691,-0.494,83.9691,83.9691,86.46395
7,-0.043000000000000003,83.9691,-0.093,83.9691,-0.193,83.9691,-0.193,83.9691,-0.293,83.9691,-0.393,83.9691,-0.493,83.9691,83.9691,86.46395
8,-0.042,83.9691,-0.092,83.9691,-0.192,83.9691,-0.192,83.9691,-0.292,83.9691,-0.392,83.9691,-0.492,83.9691,83.9691,86.46395
9,-0.041,83.9691,-0.091,83.9691,-0.191,83.9691,-0.191,83.9691,-0.291,83.9691,-0.391,83.9691,-0.491,83.9691,83.9691,86.46395
10,-0.04,83.9691,-0.09,83.9691,-0.19,83.9691,-0.19,83.9691,-0.29,83.9691,-0.39,83.9691,-0.49,83.9691,83.9691,86.46395
11,-0.039,83.9691,-0.089,83.9691,-0.189,83.9691,-0.189,83.9691,-0.289,83.9691,-0.389,83.9691,-0.489,83.9691,83.9691,86.46395
12,-0.038,83.9691,-0.088,83.9691,-0.188,83.9691,-0.188,83.9691,-0.28800000000000003,83.9691,-0.388,83.9691,-0.488,83.9691,83.9691,86.46395
13,-0.037,83.9691,-0.08700000000000001,83.9691,-0.187,83.9691,-0.187,83.9691,-0.28700000000000003,83.9691,-0.387,83.9691,-0.487,83.9691,83.9691,86.46395
14,-0.036000000000000004,83.9691,-0.08600000000000001,83.9691,-0.186,83.9691,-0.186,83.9691,-0.28600000000000003,83.9691,-0.386,83.9691,-0.486,83.9691,83.9691,86.46395
15,-0.035,83.9691,-0.085,83.9691,-0.185,83.9691,-0.185,83.9691,-0.28500000000000003,83.9691,-0.385,83.9691,-0.485,83.9691,83.9691,86.46395
16,-0.034,83.9691,-0.084,83.9691,-0.184,83.9691,-0.184,83.9691,-0.28400000000000003,83.9691,-0.384,83.9691,-0.484,83.9691,83.9691,86.46395
17,-0.033,83.9691,-0.083,83.9691,-0.183,83.9691,-0.183,83.9691,-0.28300000000000003,83.9691,-0.383,83.9691,-0.483,83.9691,83.9691,86.46395
18,-0.032,83.9691,-0.082,83.9691,-0.182,83.9691,-0.182,83.9691,-0.28200000000000003,83.9691,-0.382,83.9691,-0.482,83.9691,83.9691,86.46395
19,-0.031,83.9691,-0.081,83.9691,-0.181,83.9691,-0.181,83.9691,-0.281,83.9691,-0.381,83.9691,-0.481,83.9691,83.9691,86.46395
20,-0.03,83.9691,-0.08,83.9691,-0.18,83.9691,-0.18,83.9691,-0.28,83.9691,-0.38,83.9691,-0.48,83.9691,83.9691,86.46395
21,-0.029,83.9691,-0.079,83.9691,-0.179,83.9691,-0.179,83.9691,-0.279,83.9691,-0.379,83.9691,-0.47900000000000004,83.9691,83.9691,86.46395
22,-0.028,83.9691,-0.078,83.9691,-0.178,83.9691,-0.178,83.9691,-0.278,83.9691,-0.378,83.9691,-0.47800000000000004,83.9691,83.9691,86.46395
23,-0.027,83.9691,-0.077,83.9691,-0.177,83.9691,-0.177,83.9691,-0.277,83.9691,-0.377,83.9691,-0.47700000000000004,83.9691,83.9691,86.46395
24,-0.026000000000000002,83.9691,-0.076,83.9691,-0.176,83.9691,-0.176,83.9691,-0.276,83.9691,-0.376,83.9691,-0.47600000000000003,83.9691,83.9691,86.46395
25,-0.025,83.9691,-0.075,83.9691,-0.17500000000000002,83.9691,-0.17500000000000002,83.9691,-0.275,83.9691,-0.375,83.9691,-0.47500000000000003,83.9691,83.9691,86.46395
26,-0.024,83.9691,-0.074,83.9691,-0.17400000000000002,83.9691,-0.17400000000000002,83.9691,-0.274,83.9691,-0.374,83.9691,-0.47400000000000003,83.9691,83.9691,86.46395
27,-0.023,83.9691,-0.073,83.9691,-0.17300000000000001,83.9691,-0.17300000000000001,83.9691,-0.273,83.9691,-0.373,83.9691,-0.47300000000000003,83.9691,83.9691,86.46395
28,-0.022,83.9691,-0.07200000000000001,83.9691,-0.17200000000000001,83.9691,-0.17200000000000001,83.9691,-0.272,83.9691,-0.372,83.9691,-0.47200000000000003,83.9691,83.9691,86.46395
29,-0.021,83.9691,-0.07100000000000001,83.9691,-0.171,83.9691,-0.171,83.9691,-0.271,83.9691,-0.371,83.9691,-0.47100000000000003,83.9691,83.9691,86.46395
30,-0.02,83.9691,-0.07,83.9691,-0.17,83.9691,-0.17,83.9691,-0.27,83.9691,-0.37,83.9691,-0.47000000000000003,83.9691,83.9691,86.46395
31,-0.019,83.9691,-0.069,83.9691,-0.169,83.9691,-0.169,83.9691,-0.269,83.9691,-0.369,83.9691,-0.46900000000000003,83.9691,83.9691,86.46395
32,-0.018000000000000002,83.9691,-0.068,83.9691,-0.168,83.9691,-0.168,83.9691,-0.268,83.9691,-0.368,83.9691,-0.468,83.9691,83.9691,86.46395
33,-0.017,83.9691,-0.067,83.9691,-0.167,83.9691,-0.167,83.9691,-0.267,83.9691,-0.367,83.9691,-0.467,83.9691,83.9691,86.46395
34,-0.016,83.9691,-0.066,83.9691,-0.166,83.9691,-0.166,83.9691,-0.266,83.9691,-0.366,83.9691,-0.466,83.9691,83.9691,86.46395
35,-0.015,83.9691,-0.065,83.9691,-0.165,83.9691,-0.165,83.9691,-0.265,83.9691,-0.365,83.9691,-0.465,83.9691,83.9691,86.46395
36,-0.014,83.9691,-0.064,83.9691,-0.164,83.9691,-0.164,83.9691,-0.264,83.9691,-0.364,83.9691,-0.464,83.9691,83.9691,86.46395
37,-0.013000000000000001,83.9691,-0.063,83.9691,-0.163,83.9691,-0.163,83.9691,-0.263,83.9691,-0.363,83.9691,-0.463,83.9691,83.9691,86.46395
38,-0.012,83.9691,-0.062,83.9691,-0.162,83.9691,-0.162,83.9691,-0.262,83.9691,-0.362,83.9691,-0.462,83.9691,83.9691,86.46395
39,-0.011,83.9691,-0.061,83.9691,-0.161,83.9691,-0.161,83.9691,-0.261,83.9691,-0.361,83.9691,-0.461,83.9691,83.9691,86.46395
40,-0.01,83.9691,-0.06,83.9691,-0.16,83.9691,-0.16,83.9691,-0.26,83.9691,-0.36,83.9691,-0.46,83.9691,83.9691,86.46395
41,-0.009000000000000001,83.9691,-0.059000000000000004,83.9691,-0.159,83.9691,-0.159,83.9691,-0.259,83.9691,-0.359,83.9691,-0.459,83.9691,83.9691,86.46395
42,-0.008,83.9691,-0.058,83.9691,-0.158,83.9691,-0.158,83.9691,-0.258,83.9691,-0.358,83.9691,-0.458,83.9691,83.9691,86.46395
43,-0.007,83.9691,-0.057,83.9691,-0.157,83.9691,-0.157,83.9691,-0.257,83.9691,-0.357,83.9691,-0.457,83.9691,83.9691,86.46395
44,-0.006,83.9691,-0.056,83.9691,-0.156,83.9691,-0.156,83.9691,-0.256,83.9691,-0.356,83.9691,-0.456,83.9691,83.9691,86.46395
45,-0.005,83.9691,-0.055,83.9691,-0.155,83.9691,-0.155,83.9691,-0.255,83.9691,-0.355,83.9691,-0.455,83.9691,83.9691,86.46395
46,-0.004,83.9691,-0.054,83.9691,-0.154,83.9691,-0.154,83.9691,-0.254,83.9691,-0.354,83.9691,-0.454,83.9691,83.9691,86.46395
47,-0.003,83.9691,-0.053,83.9691,-0.153,83.9691,-0.153,83.9691,-0.253,83.9691,-0.353,83.9691,-0.453,83.9691,83.9691,86.46395
48,-0.002,83.9691,-0.052000000000000005,83.9691,-0.152,83.9691,-0.152,83.9691,-0.252,83.9691,-0.352,83.9691,-0.452,83.9691,83.9691,86.46395
49,-0.001,83.9691,-0.051000000000000004,83.9691,-0.151,83.9691,-0.151,83.9691,-0.251,83.9691,-0.35100000000000003,83.9691,-0.451,83.9691,83.9691,86.46395
50,-0.0,83.9691,-0.05,83.9691,-0.15,83.9691,-0.15,83.9691,-0.25,83.9691,-0.35000000000000003,83.9691,-0.45,83.9691,83.9691,86.46395
51,0.0,83.9691,-0.049,83.9691,-0.149,83.9691,-0.149,83.9691,-0.249,83.9691,-0.34900000000000003,83.9691,-0.449,83.9691,83.9691,86.46395
52,0.001,83.9691,-0.048,83.9691,-0.148,83.9691,-0.148,83.9691,-0.248,83.9691,-0.34800000000000003,83.9691,-0.448,83.9691,83.9691,86.46395
53,0.002,83.9691,-0.047,83.9691,-0.147,83.9691,-0.147,83.9691,-0.247,83.9691,-0.34700000000000003,83.9691,-0.447,83.9691,83.9691,86.46395
54,0.003,83.9691,-0.046,83.9691,-0.146,83.9691,-0.146,83.9691,-0.246,83.9691,-0.34600000000000003,83.9691,-0.446,83.9691,83.9691,86.46395
55,0.004,83.9691,-0.045,83.9691,-0.145,83.9691,-0.145,83.9691,-0.245,83.9691,-0.34500000000000003,83.9691,-0.445,83.9691,83.9691,86.46395
56,0.005,83.9691,-0.044,83.9691,-0.14400000000000002,83.9691,-0.14400000000000002,83.9691,-0.244,83.9691,-0.34400000000000003,83.9691,-0.444,83.9691,83.9691,86.46395
57,0.006,83.9691,-0.043000000000000003,83.9691,-0.14300000000000002,83.9691,-0.14300000000000002,83.9691,-0.243,83.9691,-0.343,83.9691,-0.443,83.9691,83.9691,86.46395
58,0.007,83.9691,-0.042,83.9691,-0.14200000000000002,83.9691,-0.14200000000000002,83.9691,-0.242,83.9691,-0.342,83.9691,-0.442,83.9691,83.9691,86.46395
59,0.008,83.9691,-0.041,83.9691,-0.14100000000000001,83.9691,-0.14100000000000001,83.9691,-0.241,83.9691,-0.341,83.9691,-0.441,83.9691,83.9691,86.46395
60,0.009000000000000001,83.9691,-0.04,83.9691,-0.14,83.9691,-0.14,83.9691,-0.24,83.9691,-0.34,83.9691,-0.44,83.9691,83.9691,86.46395
61,0.01,83.9691,-0.039,83.9691,-0.139,83.9691,-0.139,83.9691,-0.23900000000000002,83.9691,-0.339,83.9691,-0.439,83.9691,83.9691,86.46395
62,0.011,83.9691,-0.038,83.9691,-0.138,83.9691,-0.138,83.9691,-0.23800000000000002,83.9691,-0.338,83.9691,-0.438,83.9691,83.9691,86.46395
63,0.012,83.9691,-0.037,83.9691,-0.137,83.9691,-0.137,83.9691,-0.23700000000000002,83.9691,-0.337,83.9691,-0.437,83.9691,83.9691,86.46395
64,0.013000000000000001,83.9691,-0.036000000000000004,83.9691,-0.136,83.9691,-0.136,83.9691,-0.23600000000000002,83.9691,-0.336,83.9691,-0.436,83.9691,83.9691,86.46395
65,0.014,83.9691,-0.035,83.9691,-0.135,83.9691,-0.135,83.9691,-0.23500000000000001,83.9691,-0.335,83.9691,-0.435,83.9691,83.9691,86.46395
66,0.015,83.9691,-0.034,83.9691,-0.134,83.9691,-0.134,83.9691,-0.234,83.9691,-0.334,83.9691,-0.434,83.9691,83.9691,86.46395
67,0.016,83.9691,-0.033,83.9691,-0.133,83.9691,-0.133,83.9691,-0.233,83.9691,-0.333,83.9691,-0.433,83.9691,83.9691,86.46395
68,0.017,83.9691,-0.032,83.9691,-0.132,83.9691,-0.132,83.9691,-0.232,83.9691,-0.332,83.9691,-0.432,83.9691,83.9691,86.46395
69,0.018000000000000002,83.9691,-0.031,83.9691,-0.131,83.9691,-0.131,83.9691,-0.231,83.9691,-0.331,83.9691,-0.431,83.9691,83.9691,86.46395
70,0.019,83.9691,-0.03,83.9691,-0.13,83.9691,-0.13,83.9691,-0.23,83.9691,-0.33,83.9691,-0.43,83.9691,83.9691,86.46395
71,0.02,83.9691,-0.029,83.9691,-0.129,83.9691,-0.129,83.9691,-0.229,83.9691,-0.329,83.9691,-0.429,83.9691,83.9691,86.46395
72,0.021,83.9691,-0.028,83.9691,-0.128,83.9691,-0.128,83.9691,-0.228,83.9691,-0.328,83.9691,-0.428,83.9691,83.9691,86.46395
73,0.022,83.9691,-0.027,83.9691,-0.127,83.9691,-0.127,83.9691,-0.227,83.9691,-0.327,83.9691,-0.427,83.9691,83.9691,86.46395
74,0.023,83.9691,-0.026000000000000002,83.9691,-0.126,83.9691,-0.126,83.9691,-0.226,83.9691,-0.326,83.9691,-0.426,83.9691,83.9691,86.46395
75,0.024,83.9691,-0.025,83.9691,-0.125,83.9691,-0.125,83.9691,-0.225,83.9691,-0.325,83.9691,-0.425,83.9691,83.9691,86.46395
76,0.025,83.9691,-0.024,83.9691,-0.124,83.9691,-0.124,83.9691,-0.224,83.9691,-0.324,83.9691,-0.424,83.9691,83.9691,86.46395
77,0.026000000000000002,83.9691,-0.023,83.9691,-0.123,83.9691,-0.123,83.9691,-0.223,83.9691,-0.323,83.9691,-0.423,83.9691,83.9691,86.46395
78,0.027,83.9691,-0.022,83.9691,-0.122,83.9691,-0.122,83.9691,-0.222,83.9691,-0.322,83.9691,-0.422,83.9691,83.9691,86.46395
79,0.028,83.9691,-0.021,83.9691,-0.121,83.9691,-0.121,83.9691,-0.221,83.9691,-0.321,83.9691,-0.421,83.9691,83.9691,86.46395
80,0.029,83.9691,-0.02,83.9691,-0.12,83.9691,-0.12,83.9691,-0.22,83.9691,-0.32,83.9691,-0.42,83.9691,83.9691,86.46395
81,0.03,83.9691,-0.019,83.9691,-0.11900000000000001,83.9691,-0.11900000000000001,83.9691,-0.219,83.9691,-0.319,83.9691,-0.419,83.9691,83.9691,86.46395
82,0.031,83.9691,-0.018000000000000002,83.9691,-0.11800000000000001,83.9691,-0.11800000000000001,83.9691,-0.218,83.9691,-0.318,83.9691,-0.418,83.9691,83.9691,86.46395
83,0.032,83.9691,-0.017,83.9691,-0.117,83.9691,-0.117,83.9691,-0.217,83.9691,-0.317,83.9691,-0.417,83.9691,83.9691,86.46395
84,0.033,83.9691,-0.016,83.9691,-0.116,83.9691,-0.116,83.9691,-0.216,83.9691,-0.316,83.9691,-0.41600000000000004,83.9691,83.9691,86.46395
85,0.034,83.9691,-0.015,83.9691,-0.115,83.9691,-0.115,83.9691,-0.215,83.9691,-0.315,83.9691,-0.41500000000000004,83.9691,83.9691,86.46395
86,0.035,83.9691,-0.014,83.9691,-0.114,83.9691,-0.114,83.9691,-0.214,83.9691,-0.314,83.9691,-0.41400000000000003,83.9691,83.9691,86.46395
87,0.036000000000000004,83.9691,-0.013000000000000001,83.9691,-0.113,83.9691,-0.113,83.9691,-0.213,83.9691,-0.313,83.9691,-0.41300000000000003,83.9691,83.9691,86.46395
88,0.037,83.9691,-0.012,83.9691,-0.112,83.9691,-0.112,83.9691,-0.212,83.9691,-0.312,83.9691,-0.41200000000000003,83.9691,83.9691,86.46395
89,0.038,83.9691,-0.011,83.9691,-0.111,83.9691,-0.111,83.9691,-0.211,83.9691,-0.311,83.9691,-0.41100000000000003,83.9691,83.9691,86.46395
90,0.039,83.9691,-0.01,83.9691,-0.11,83.9691,-0.11,83.9691,-0.21,83.9691,-0.31,83.9691,-0.41000000000000003,83.9691,83.9691,86.46395
91,0.04,83.9691,-0.009000000000000001,83.9691,-0.109,83.9691,-0.109,83.9691,-0.209,83.9691,-0.309,83.9691,-0.40900000000000003,83.9691,83.9691,86.46395
92,0.041,83.9691,-0.008,83.9691,-0.108,83.9691,-0.108,83.9691,-0.20800000000000002,83.9691,-0.308,83.9691,-0.40800000000000003,83.9691,83.9691,86.46395
93,0.042,83.9691,-0.007,83.9691,-0.107,83.9691,-0.107,83.9691,-0.20700000000000002,83.9691,-0.307,83.9691,-0.40700000000000003,83.9691,83.9691,86.46395
94,0.043000000000000003,83.9691,-0.006,83.9691,-0.106,83.9691,-0.106,83.9691,-0.20600000000000002,83.9691,-0.306,83.9691,-0.406,83.9691,83.9691,86.46395
95,0.044,83.9691,-0.005,83.9691,-0.105,83.9691,-0.105,83.9691,-0.20500000000000002,83.9691,-0.305,83.9691,-0.405,83.9691,83.9691,86.46395
96,0.045,83.9691,-0.004,83.9691,-0.10400000000000001,83.9691,-0.10400000000000001,83.9691,-0.20400000000000001,83.9691,-0.304,83.9691,-0.404,83.9691,83.9691,86.46395
97,0.046,83.9691,-0.003,83.9691,-0.10300000000000001,83.9691,-0.10300000000000001,83.9691,-0.203,83.9691,-0.303,83.9691,-0.403,83.9691,83.9691,86.46395
98,0.047,83.9691,-0.002,83.9691,-0.10200000000000001,83.9691,-0.10200000000000001,83.9691,-0.202,83.9691,-0.302,83.9691,-0.402,83.9691,83.9691,86.46395
99,0.048,83.9691,-0.001,83.9691,-0.101,83.9691,-0.101,83.9691,-0.201,83.9691,-0.301,83.9691,-0.401,83.9691,83.9691,86.46395
100,0.049,83.9691,-0.0,83.9691,-0.1,83.9691,-0.1,83.9691,-0.2,83.9691,-0.3,83.9691,-0.4,83.9691,83.9691,86.46395
101,0.05,83.9691,0.0,83.9691,-0.099,83.9691,-0.099,83.9691,-0.199,83.9691,-0.299,83.9691,-0.399,83.9691,83.9691,86.46395
102,,,0.001,83.9691,-0.098,83.9691,-0.098,83.9691,-0.198,83.9691,-0.298,83.9691,-0.398,83.9691,83.9691,86.46395
103,,,0.002,83.9691,-0.097,83.9691,-0.097,83.9691,-0.197,83.9691,-0.297,83.9691,-0.397,83.9691,83.9691,86.46395
104,,,0.003,83.9691,-0.096,83.9691,-0.096,83.9691,-0.196,83.9691,-0.296,83.9691,-0.396,83.9691,83.9691,86.46395
105,,,0.004,83.9691,-0.095,83.9691,-0.095,83.9691,-0.195,83.9691,-0.295,83.9691,-0.395,83.9691,83.9691,86.46395
106,,,0.005,83.9691,-0.094,83.9691,-0.094,83.9691,-0.194,83.9691,-0.294,83.9691,-0.394,83.9691,83.9691,86.46395
107,,,0.006,83.9691,-0.093,83.9691,-0.093,83.9691,-0.193,83.9691,-0.293,83.9691,-0.393,83.9691,83.9691,86.46395
108,,,0.007,83.9691,-0.092,83.9691,-0.092,83.9691,-0.192,83.9691,-0.292,83.9691,-0.392,83.9691,83.9691,86.46395
109,,,0.008,83.9691,-0.091,83.9691,-0.091,83.9691,-0.191,83.9691,-0.291,83.9691,-0.391,83.9691,83.9691,86.46395
110,,,0.009000000000000001,83.9691,-0.09,83.9691,-0.09,83.9691,-0.19,83.9691,-0.29,83.9691,-0.39,83.9691,83.9691,86.46395
111,,,0.01,83.9691,-0.089,83.9691,-0.089,83.9691,-0.189,83.9691,-0.289,83.9691,-0.389,83.9691,83.9691,86.46395
112,,,0.011,83.9691,-0.088,83.9691,-0.088,83.9691,-0.188,83.9691,-0.28800000000000003,83.9691,-0.388,83.9691,83.9691,86.46395
113,,,0.012,83.9691,-0.08700000000000001,83.9691,-0.08700000000000001,83.9691,-0.187,83.9691,-0.28700000000000003,83.9691,-0.387,83.9691,83.9691,86.46395
114,,,0.013000000000000001,83.9691,-0.08600000000000001,83.9691,-0.08600000000000001,83.9691,-0.186,83.9691,-0.28600000000000003,83.9691,-0.386,83.9691,83.9691,86.46395
115,,,0.014,83.9691,-0.085,83.9691,-0.085,83.9691,-0.185,83.9691,-0.28500000000000003,83.9691,-0.385,83.9691,83.9691,86.46395
116,,,0.015,83.9691,-0.084,83.9691,-0.084,83.9691,-0.184,83.9691,-0.28400000000000003,83.9691,-0.384,83.9691,83.9691,86.46395
117,,,0.016,83.9691,-0.083,83.9691,-0.083,83.9691,-0.183,83.9691,-0.28300000000000003,83.9691,-0.383,83.9691,83.9691,86.46395
118,,,0.017,83.9691,-0.082,83.9691,-0.082,83.9691,-0.182,83.9691,-0.28200000000000003,83.9691,-0.382,83.9691,83.9691,86.46395
119,,,0.018000000000000002,83.9691,-0.081,83.9691,-0.081,83.9691,-0.181,83.9691,-0.281,83.9691,-0.381,83.9691,83.9691,86.46395
120,,,0.019,83.9691,-0.08,83.9691,-0.08,83.9691,-0.18,83.9691,-0.28,83.9691,-0.38,83.9691,83.9691,86.46395
121,,,0.02,83.9691,-0.079,83.9691,-0.079,83.9691,-0.179,83.9691,-0.279,83.9691,-0.379,83.9691,83.9691,86.46395
122,,,0.021,83.9691,-0.078,83.9691,-0.078,83.9691,-0.178,83.9691,-0.278,83.9691,-0.378,83.9691,83.9691,86.46395
123,,,0.022,83.9691,-0.077,83.9691,-0.077,83.9691,-0.177,83.9691,-0.277,83.9691,-0.377,83.9691,83.9691,86.46395
124,,,0.023,83.9691,-0.076,83.9691,-0.076,83.9691,-0.176,83.9691,-0.276,83.9691,-0.376,83.9691,83.9691,86.46395
125,,,0.024,83.9691,-0.075,83.9691,-0.075,83.9691,-0.17500000000000002,83.9691,-0.275,83.9691,-0.375,83.9691,83.9691,86.46395
126,,,0.025,83.9691,-0.074,83.9691,-0.074,83.9691,-0.17400000000000002,83.9691,-0.274,83.9691,-0.374,83.9691,83.9691,86.46395
127,,,0.026000000000000002,83.9691,-0.073,83.9691,-0.073,83.9691,-0.17300000000000001,83.9691,-0.273,83.9691,-0.373,83.9691,83.9691,86.46395
128,,,0.027,83.9691,-0.07200000000000001,83.9691,-0.07200000000000001,83.9691,-0.17200000000000001,83.9691,-0.272,83.9691,-0.372,83.9691,83.9691,86.46395
129,,,0.028,83.9691,-0.07100000000000001,83.9691,-0.07100000000000001,83.9691,-0.171,83.9691,-0.271,83.9691,-0.371,83.9691,83.9691,86.46395
130,,,0.029,83.9691,-0.07,83.9691,-0.07,83.9691,-0.17,83.9691,-0.27,83.9691,-0.37,83.9691,83.9691,86.46395
131,,,0.03,83.9691,-0.069,83.9691,-0.069,83.9691,-0.169,83.9691,-0.269,83.9691,-0.369,83.9691,83.9691,86.46395
132,,,0.031,83.9691,-0.068,83.9691,-0.068,83.9691,-0.168,83.9691,-0.268,83.9691,-0.368,83.9691,83.9691,86.46395
133,,,0.032,83.9691,-0.067,83.9691,-0.067,83.9691,-0.167,83.9691,-0.267,83.9691,-0.367,83.9691,83.9691,86.46395
134,,,0.033,83.9691,-0.066,83.9691,-0.066,83.9691,-0.166,83.9691,-0.266,83.9691,-0.366,83.9691,83.9691,86.46395
135,,,0.034,83.9691,-0.065,83.9691,-0.065,83.9691,-0.165,83.9691,-0.265,83.9691,-0.365,83.9691,83.9691,86.46395
136,,,0.035,83.9691,-0.064,83.9691,-0.064,83.9691,-0.164,83.9691,-0.264,83.9691,-0.364,83.9691,83.9691,86.46395
137,,,0.036000000000000004,83.9691,-0.063,83.9691,-0.063,83.9691,-0.163,83.9691,-0.263,83.9691,-0.363,83.9691,83.9691,86.46395
138,,,0.037,83.9691,-0.062,83.9691,-0.062,83.9691,-0.162,83.9691,-0.262,83.9691,-0.362,83.9691,83.9691,86.46395
139,,,0.038,83.9691,-0.061,83.9691,-0.061,83.9691,-0.161,83.9691,-0.261,83.9691,-0.361,83.9691,83.9691,86.46395
140,,,0.039,83.9691,-0.06,83.9691,-0.06,83.9691,-0.16,83.9691,-0.26,83.9691,-0.36,83.9691,83.9691,86.46395
141,,,0.04,83.9691,-0.059000000000000004,83.9691,-0.059000000000000004,83.9691,-0.159,83.9691,-0.259,83.9691,-0.359,83.9691,83.9691,86.46395
142,,,0.041,83.9691,-0.058,83.9691,-0.058,83.9691,-0.158,83.9691,-0.258,83.9691,-0.358,83.9691,83.9691,86.46395
143,,,0.042,83.9691,-0.057,83.9691,-0.057,83.9691,-0.157,83.9691,-0.257,83.9691,-0.357,83.9691,83.9691,86.46395
144,,,0.043000000000000003,83.9691,-0.056,83.9691,-0.056,83.9691,-0.156,83.9691,-0.256,83.9691,-0.356,83.9691,83.9691,86.46395
145,,,0.044,83.9691,-0.055,83.9691,-0.055,83.9691,-0.155,83.9691,-0.255,83.9691,-0.355,83.9691,83.9691,86.46395
146,,,0.045,83.9691,-0.054,83.9691,-0.054,83.9691,-0.154,83.9691,-0.254,83.9691,-0.354,83.9691,83.9691,86.46395
147,,,0.046,83.9691,-0.053,83.9691,-0.053,83.9691,-0.153,83.9691,-0.253,83.9691,-0.353,83.9691,83.9691,86.46395
148,,,0.047,83.9691,-0.052000000000000005,83.9691,-0.052000000000000005,83.9691,-0.152,83.9691,-0.252,83.9691,-0.352,83.9691,83.9691,86.46395
149,,,0.048,83.9691,-0.051000000000000004,83.9691,-0.051000000000000004,83.9691,-0.151,83.9691,-0.251,83.9691,-0.35100000000000003,83.9691,83.9691,86.46395
150,,,0.049,83.9691,-0.05,83.9691,-0.05,83.9691,-0.15,83.9691,-0.25,83.9691,-0.35000000000000003,83.9691,83.9691,86.46395
151,,,0.05,83.9691,-0.049,83.9691,-0.049,83.9691,-0.149,83.9691,-0.249,83.9691,-0.34900000000000003,83.9691,83.9691,86.46395
152,,,0.051000000000000004,83.9691,-0.048,83.9691,-0.048,83.9691,-0.148,83.9691,-0.248,83.9691,-0.34800000000000003,83.9691,83.9691,86.46395
153,,,0.052000000000000005,83.9691,-0.047,83.9691,-0.047,83.9691,-0.147,83.9691,-0.247,83.9691,-0.34700000000000003,83.9691,83.9691,86.46395
154,,,0.053,83.9691,-0.046,83.9691,-0.046,83.9691,-0.146,83.9691,-0.246,83.9691,-0.34600000000000003,83.9691,83.9691,86.46395
155,,,0.054,83.9691,-0.045,83.9691,-0.045,83.9691,-0.145,83.9691,-0.245,83.9691,-0.34500000000000003,83.9691,83.9691,86.46395
156,,,0.055,83.9691,-0.044,83.9691,-0.044,83.9691,-0.14400000000000002,83.9691,-0.244,83.9691,-0.34400000000000003,83.9691,83.9691,86.46395
157,,,0.056,83.9691,-0.043000000000000003,83.9691,-0.043000000000000003,83.9691,-0.14300000000000002,83.9691,-0.243,83.9691,-0.343,83.9691,83.9691,86.46395
158,,,0.057,83.9691,-0.042,83.9691,-0.042,83.9691,-0.14200000000000002,83.9691,-0.242,83.9691,-0.342,83.9691,83.9691,86.46395
159,,,0.058,83.9691,-0.041,83.9691,-0.041,83.9691,-0.14100000000000001,83.9691,-0.241,83.9691,-0.341,83.9691,83.9691,86.46395
160,,,0.059000000000000004,83.9691,-0.04,83.9691,-0.04,83.9691,-0.14,83.9691,-0.24,83.9691,-0.34,83.9691,83.9691,86.46395
161,,,0.06,83.9691,-0.039,83.9691,-0.039,83.9691,-0.139,83.9691,-0.23900000000000002,83.9691,-0.339,83.9691,83.9691,86.46395
162,,,0.061,83.9691,-0.038,83.9691,-0.038,83.9691,-0.138,83.9691,-0.23800000000000002,83.9691,-0.338,83.9691,83.9691,86.46395
163,,,0.062,83.9691,-0.037,83.9691,-0.037,83.9691,-0.137,83.9691,-0.23700000000000002,83.9691,-0.337,83.9691,83.9691,86.46395
164,,,0.063,83.9691,-0.036000000000000004,83.9691,-0.036000000000000004,83.9691,-0.136,83.9691,-0.23600000000000002,83.9691,-0.336,83.9691,83.9691,86.46395
165,,,0.064,83.9691,-0.035,83.9691,-0.035,83.9691,-0.135,83.9691,-0.23500000000000001,83.9691,-0.335,83.9691,83.9691,86.46395
166,,,0.065,83.9691,-0.034,83.9691,-0.034,83.9691,-0.134,83.9691,-0.234,83.9691,-0.334,83.9691,83.9691,86.46395
167,,,0.066,83.9691,-0.033,83.9691,-0.033,83.9691,-0.133,83.9691,-0.233,83.9691,-0.333,83.9691,83.9691,86.46395
168,,,0.067,83.9691,-0.032,83.9691,-0.032,83.9691,-0.132,83.9691,-0.232,83.9691,-0.332,83.9691,83.9691,86.46395
169,,,0.068,83.9691,-0.031,83.9691,-0.031,83.9691,-0.131,83.9691,-0.231,83.9691,-0.331,83.9691,83.9691,86.46395
170,,,0.069,83.9691,-0.03,83.9691,-0.03,83.9691,-0.13,83.9691,-0.23,83.9691,-0.33,83.9691,83.9691,86.46395
171,,,0.07,83.9691,-0.029,83.9691,-0.029,83.9691,-0.129,83.9691,-0.229,83.9691,-0.329,83.9691,83.9691,86.46395
172,,,0.07100000000000001,83.9691,-0.028,83.9691,-0.028,83.9691,-0.128,83.9691,-0.228,83.9691,-0.328,83.9691,83.9691,86.46395
173,,,0.07200000000000001,83.9691,-0.027,83.9691,-0.027,83.9691,-0.127,83.9691,-0.227,83.9691,-0.327,83.9691,83.9691,86.46395
174,,,0.073,83.9691,-0.026000000000000002,83.9691,-0.026000000000000002,83.9691,-0.126,83.9691,-0.226,83.9691,-0.326,83.9691,83.9691,86.46395
175,,,0.074,83.9691,-0.025,83.9691,-0.025,83.9691,-0.125,83.9691,-0.225,83.9691,-0.325,83.9691,83.9691,86.46395
176,,,0.075,83.9691,-0.024,83.9691,-0.024,83.9691,-0.124,83.9691,-0.224,83.9691,-0.324,83.9691,83.9691,86.46395
177,,,0.076,83.9691,-0.023,83.9691,-0.023,83.9691,-0.123,83.9691,-0.223,83.9691,-0.323,83.9691,83.9691,86.46395
178,,,0.077,83.9691,-0.022,83.9691,-0.022,83.9691,-0.122,83.9691,-0.222,83.9691,-0.322,83.9691,83.9691,86.46395
179,,,0.078,83.9691,-0.021,83.9691,-0.021,83.9691,-0.121,83.9691,-0.221,83.9691,-0.321,83.9691,83.9691,86.46395
180,,,0.079,83.9691,-0.02,83.9691,-0.02,83.9691,-0.12,83.9691,-0.22,83.9691,-0.32,83.9691,83.9691,86.46395
181,,,0.08,83.9691,-0.019,83.9691,-0.019,83.9691,-0.11900000000000001,83.9691,-0.219,83.9691,-0.319,83.9691,83.9691,86.46395
182,,,0.081,83.9691,-0.018000000000000002,83.9691,-0.018000000000000002,83.9691,-0.11800000000000001,83.9691,-0.218,83.9691,-0.318,83.9691,83.9691,86.46395
183,,,0.082,83.9691,-0.017,83.9691,-0.017,83.9691,-0.117,83.9691,-0.217,83.9691,-0.317,83.9691,83.9691,86.46395
184,,,0.083,83.9691,-0.016,83.9691,-0.016,83.9691,-0.116,83.9691,-0.216,83.9691,-0.316,83.9691,83.9691,86.46395
185,,,0.084,83.9691,-0.015,83.9691,-0.015,83.9691,-0.115,83.9691,-0.215,83.9691,-0.315,83.9691,83.9691,86.46395
186,,,0.085,83.9691,-0.014,83.9691,-0.014,83.9691,-0.114,83.9691,-0.214,83.9691,-0.314,83.9691,83.9691,86.46395
187,,,0.08600000000000001,83.9691,-0.013000000000000001,83.9691,-0.013000000000000001,83.9691,-0.113,83.9691,-0.213,83.9691,-0.313,83.9691,83.9691,86.46395
188,,,0.08700000000000001,83.9691,-0.012,83.9691,-0.012,83.9691,-0.112,83.9691,-0.212,83.9691,-0.312,83.9691,83.9691,86.46395
189,,,0.088,83.9691,-0.011,83.9691,-0.011,83.9691,-0.111,83.9691,-0.211,83.9691,-0.311,83.9691,83.9691,86.46395
190,,,0.089,83.9691,-0.01,83.9691,-0.01,83.9691,-0.11,83.9691,-0.21,83.9691,-0.31,83.9691,83.9691,86.46395
191,,,0.09,83.9691,-0.009000000000000001,83.9691,-0.009000000000000001,83.9691,-0.109,83.9691,-0.209,83.9691,-0.309,83.9691,83.9691,86.46395
192,,,0.091,83.9691,-0.008,83.9691,-0.008,83.9691,-0.108,83.9691,-0.20800000000000002,83.9691,-0.308,83.9691,83.9691,86.46395
193,,,0.092,83.9691,-0.007,83.9691,-0.007,83.9691,-0.107,83.9691,-0.20700000000000002,83.9691,-0.307,83.9691,83.9691,86.46395
194,,,0.093,83.9691,-0.006,83.9691,-0.006,83.9691,-0.106,83.9691,-0.20600000000000002,83.9691,-0.306,83.9691,83.9691,86.46395
195,,,0.094,83.9691,-0.005,83.9691,-0.005,83.9691,-0.105,83.9691,-0.20500000000000002,83.9691,-0.305,83.9691,83.9691,86.46395
196,,,0.095,83.9691,-0.004,83.9691,-0.004,83.9691,-0.10400000000000001,83.9691,-0.20400000000000001,83.9691,-0.304,83.9691,83.9691,86.46395
197,,,0.096,83.9691,-0.003,83.9691,-0.003,83.9691,-0.10300000000000001,83.9691,-0.203,83.9691,-0.303,83.9691,83.9691,86.46395
198,,,0.097,83.9691,-0.002,83.9691,-0.002,83.9691,-0.10200000000000001,83.9691,-0.202,83.9691,-0.302,83.9691,83.9691,86.46395
199,,,0.098,83.9691,-0.001,83.9691,-0.001,83.9691,-0.101,83.9691,-0.201,83.9691,-0.301,83.9691,83.9691,86.46395
200,,,0.099,83.9691,-0.0,83.9691,-0.0,83.9691,-0.1,83.9691,-0.2,83.9691,-0.3,83.9691,83.9691,86.46395
201,,,0.1,83.9691,0.0,83.9691,0.0,83.9691,-0.099,83.9691,-0.199,83.9691,-0.299,83.9691,83.9691,86.46395
202,,,,,0.001,83.9691,0.001,83.9691,-0.098,83.9691,-0.198,83.9691,-0.298,83.9691,83.9691,86.46395
203,,,,,0.002,83.9691,0.002,83.9691,-0.097,83.9691,-0.197,83.9691,-0.297,83.9691,83.9691,86.46395
204,,,,,0.003,83.9691,0.003,83.9691,-0.096,83.9691,-0.196,83.9691,-0.296,83.9691,83.9691,86.46395
205,,,,,0.004,83.9691,0.004,83.9691,-0.095,83.9691,-0.195,83.9691,-0.295,83.9691,83.9691,86.46395
206,,,,,0.005,83.9691,0.005,83.9691,-0.094,83.9691,-0.194,83.9691,-0.294,83.9691,83.9691,86.46395
207,,,,,0.006,83.9691,0.006,83.9691,-0.093,83.9691,-0.193,83.9691,-0.293,83.9691,83.9691,86.46395
208,,,,,0.007,83.9691,0.007,83.9691,-0.092,83.9691,-0.192,83.9691,-0.292,83.9691,83.9691,86.46395
209,,,,,0.008,83.9691,0.008,83.9691,-0.091,83.9691,-0.191,83.9691,-0.291,83.9691,83.9691,86.46395
210,,,,,0.009000000000000001,83.9691,0.009000000000000001,83.9691,-0.09,83.9691,-0.19,83.9691,-0.29,83.9691,83.9691,86.46395
211,,,,,0.01,83.9691,0.01,83.9691,-0.089,83.9691,-0.189,83.9691,-0.289,83.9691,83.9691,86.46395
212,,,,,0.011,83.9691,0.011,83.9691,-0.088,83.9691,-0.188,83.9691,-0.28800000000000003,83.9691,83.9691,86.46395
213,,,,,0.012,83.9691,0.012,83.9691,-0.08700000000000001,83.9691,-0.187,83.9691,-0.28700000000000003,83.9691,83.9691,86.46395
214,,,,,0.013000000000000001,83.9691,0.013000000000000001,83.9691,-0.08600000000000001,83.9691,-0.186,83.9691,-0.28600000000000003,83.9691,83.9691,86.46395
215,,,,,0.014,83.9691,0.014,83.9691,-0.085,83.9691,-0.185,83.9691,-0.28500000000000003,83.9691,83.9691,86.46395
216,,,,,0.015,83.9691,0.015,83.9691,-0.084,83.9691,-0.184,83.9691,-0.28400000000000003,83.9691,83.9691,86.46395
217,,,,,0.016,83.9691,0.016,83.9691,-0.083,83.9691,-0.183,83.9691,-0.28300000000000003,83.9691,83.9691,86.46395
218,,,,,0.017,83.9691,0.017,83.9691,-0.082,83.9691,-0.182,83.9691,-0.28200000000000003,83.9691,83.9691,86.46395
219,,,,,0.018000000000000002,83.9691,0.018000000000000002,83.9691,-0.081,83.9691,-0.181,83.9691,-0.281,83.9691,83.9691,86.46395
220,,,,,0.019,83.9691,0.019,83.9691,-0.08,83.9691,-0.18,83.9691,-0.28,83.9691,83.9691,86.46395
221,,,,,0.02,83.9691,0.02,83.9691,-0.079,83.9691,-0.179,83.9691,-0.279,83.9691,83.9691,86.46395
222,,,,,0.021,83.9691,0.021,83.9691,-0.078,83.9691,-0.178,83.9691,-0.278,83.9691,83.9691,86.46395
223,,,,,0.022,83.9691,0.022,83.9691,-0.077,83.9691,-0.177,83.9691,-0.277,83.9691,83.9691,86.46395
224,,,,,0.023,83.9691,0.023,83.9691,-0.076,83.9691,-0.176,83.9691,-0.276,83.9691,83.9691,86.46395
225,,,,,0.024,83.9691,0.024,83.9691,-0.075,83.9691,-0.17500000000000002,83.9691,-0.275,83.9691,83.9691,86.46395
226,,,,,0.025,83.9691,0.025,83.9691,-0.074,83.9691,-0.17400000000000002,83.9691,-0.274,83.9691,83.9691,86.46395
227,,,,,0.026000000000000002,83.9691,0.026000000000000002,83.9691,-0.073,83.9691,-0.17300000000000001,83.9691,-0.273,83.9691,83.9691,86.46395
228,,,,,0.027,83.9691,0.027,83.9691,-0.07200000000000001,83.9691,-0.17200000000000001,83.9691,-0.272,83.9691,83.9691,86.46395
229,,,,,0.028,83.9691,0.028,83.9691,-0.07100000000000001,83.9691,-0.171,83.9691,-0.271,83.9691,83.9691,86.46395
230,,,,,0.029,83.9691,0.029,83.9691,-0.07,83.9691,-0.17,83.9691,-0.27,83.9691,83.9691,86.46395
231,,,,,0.03,83.9691,0.03,83.9691,-0.069,83.9691,-0.169,83.9691,-0.269,83.9691,83.9691,86.46395
232,,,,,0.031,83.9691,0.031,83.9691,-0.068,83.9691,-0.168,83.9691,-0.268,83.9691,83.9691,86.46395
233,,,,,0.032,83.9691,0.032,83.9691,-0.067,83.9691,-0.167,83.9691,-0.267,83.9691,83.9691,86.46395
234,,,,,0.033,83.9691,0.033,83.9691,-0.066,83.9691,-0.166,83.9691,-0.266,83.9691,83.9691,86.46395
235,,,,,0.034,83.9691,0.034,83.9691,-0.065,83.9691,-0.165,83.9691,-0.265,83.9691,83.9691,86.46395
236,,,,,0.035,83.9691,0.035,83.9691,-0.064,83.9691,-0.164,83.9691,-0.264,83.9691,83.9691,86.46395
237,,,,,0.036000000000000004,83.9691,0.036000000000000004,83.9691,-0.063,83.9691,-0.163,83.9691,-0.263,83.9691,83.9691,86.46395
238,,,,,0.037,83.9691,0.037,83.9691,-0.062,83.9691,-0.162,83.9691,-0.262,83.9691,83.9691,86.46395
239,,,,,0.038,83.9691,0.038,83.9691,-0.061,83.9691,-0.161,83.9691,-0.261,83.9691,83.9691,86.46395
240,,,,,0.039,83.9691,0.039,83.9691,-0.06,83.9691,-0.16,83.9691,-0.26,83.9691,83.9691,86.46395
241,,,,,0.04,83.9691,0.04,83.9691,-0.059000000000000004,83.9691,-0.159,83.9691,-0.259,83.9691,83.9691,86.46395
242,,,,,0.041,83.9691,0.041,83.9691,-0.058,83.9691,-0.158,83.9691,-0.258,83.9691,83.9691,86.46395
243,,,,,0.042,83.9691,0.042,83.9691,-0.057,83.9691,-0.157,83.9691,-0.257,83.9691,83.9691,86.46395
244,,,,,0.043000000000000003,83.9691,0.043000000000000003,83.9691,-0.056,83.9691,-0.156,83.9691,-0.256,83.9691,83.9691,86.46395
245,,,,,0.044,83.9691,0.044,83.9691,-0.055,83.9691,-0.155,83.9691,-0.255,83.9691,83.9691,86.46395
246,,,,,0.045,83.9691,0.045,83.9691,-0.054,83.9691,-0.154,83.9691,-0.254,83.9691,83.9691,86.46395
247,,,,,0.046,83.9691,0.046,83.9691,-0.053,83.9691,-0.153,83.9691,-0.253,83.9691,83.9691,86.46395
248,,,,,0.047,83.9691,0.047,83.9691,-0.052000000000000005,83.9691,-0.152,83.9691,-0.252,83.9691,83.9691,86.46395
249,,,,,0.048,83.9691,0.048,83.9691,-0.051000000000000004,83.9691,-0.151,83.9691,-0.251,83.9691,83.9691,86.46395
250,,,,,0.049,83.9691,0.049,83.9691,-0.05,83.9691,-0.15,83.9691,-0.25,83.9691,83.9691,86.46395
251,,,,,0.05,83.9691,0.05,83.9691,-0.049,83.9691,-0.149,83.9691,-0.249,83.9691,83.9691,86.46395
252,,,,,0.051000000000000004,83.9691,0.051000000000000004,83.9691,-0.048,83.9691,-0.148,83.9691,-0.248,83.9691,83.9691,86.46395
253,,,,,0.052000000000000005,83.9691,0.052000000000000005,83.9691,-0.047,83.9691,-0.147,83.9691,-0.247,83.9691,83.9691,86.46395
254,,,,,0.053,83.9691,0.053,83.9691,-0.046,83.9691,-0.146,83.9691,-0.246,83.9691,83.9691,86.46395
255,,,,,0.054,83.9691,0.054,83.9691,-0.045,83.9691,-0.145,83.9691,-0.245,83.9691,83.9691,86.46395
256,,,,,0.055,83.9691,0.055,83.9691,-0.044,83.9691,-0.14400000000000002,83.9691,-0.244,83.9691,83.9691,86.46395
257,,,,,0.056,83.9691,0.056,83.9691,-0.043000000000000003,83.9691,-0.14300000000000002,83.9691,-0.243,83.9691,83.9691,86.46395
258,,,,,0.057,83.9691,0.057,83.9691,-0.042,83.9691,-0.14200000000000002,83.9691,-0.242,83.9691,83.9691,86.46395
259,,,,,0.058,83.9691,0.058,83.9691,-0.041,83.9691,-0.14100000000000001,83.9691,-0.241,83.9691,83.9691,86.46395
260,,,,,0.059000000000000004,83.9691,0.059000000000000004,83.9691,-0.04,83.9691,-0.14,83.9691,-0.24,83.9691,83.9691,86.46395
261,,,,,0.06,83.9691,0.06,83.9691,-0.039,83.9691,-0.139,83.9691,-0.23900000000000002,83.9691,83.9691,86.46395
262,,,,,0.061,83.9691,0.061,83.9691,-0.038,83.9691,-0.138,83.9691,-0.23800000000000002,83.9691,83.9691,86.46395
263,,,,,0.062,83.9691,0.062,83.9691,-0.037,83.9691,-0.137,83.9691,-0.23700000000000002,83.9691,83.9691,86.46395
264,,,,,0.063,83.9691,0.063,83.9691,-0.036000000000000004,83.9691,-0.136,83.9691,-0.23600000000000002,83.9691,83.9691,86.46395
265,,,,,0.064,83.9691,0.064,83.9691,-0.035,83.9691,-0.135,83.9691,-0.23500000000000001,83.9691,83.9691,86.46395
266,,,,,0.065,83.9691,0.065,83.9691,-0.034,83.9691,-0.134,83.9691,-0.234,83.9691,83.9691,86.46395
267,,,,,0.066,83.9691,0.066,83.9691,-0.033,83.9691,-0.133,83.9691,-0.233,83.9691,83.9691,86.46395
268,,,,,0.067,83.9691,0.067,83.9691,-0.032,83.9691,-0.132,83.9691,-0.232,83.9691,83.9691,86.46395
269,,,,,0.068,83.9691,0.068,83.9691,-0.031,83.9691,-0.131,83.9691,-0.231,83.9691,83.9691,86.46395
270,,,,,0.069,83.9691,0.069,83.9691,-0.03,83.9691,-0.13,83.9691,-0.23,83.9691,83.9691,86.46395
271,,,,,0.07,83.9691,0.07,83.9691,-0.029,83.9691,-0.129,83.9691,-0.229,83.9691,83.9691,86.46395
272,,,,,0.07100000000000001,83.9691,0.07100000000000001,83.9691,-0.028,83.9691,-0.128,83.9691,-0.228,83.9691,83.9691,86.46395
273,,,,,0.07200000000000001,83.9691,0.07200000000000001,83.9691,-0.027,83.9691,-0.127,83.9691,-0.227,83.9691,83.9691,86.46395
274,,,,,0.073,83.9691,0.073,83.9691,-0.026000000000000002,83.9691,-0.126,83.9691,-0.226,83.9691,83.9691,86.46395
275,,,,,0.074,83.9691,0.074,83.9691,-0.025,83.9691,-0.125,83.9691,-0.225,83.9691,83.9691,86.46395
276,,,,,0.075,83.9691,0.075,83.9691,-0.024,83.9691,-0.124,83.9691,-0.224,83.9691,83.9691,86.46395
277,,,,,0.076,83.9691,0.076,83.9691,-0.023,83.9691,-0.123,83.9691,-0.223,83.9691,83.9691,86.46395
278,,,,,0.077,83.9691,0.077,83.9691,-0.022,83.9691,-0.122,83.9691,-0.222,83.9691,83.9691,86.46395
279,,,,,0.078,83.9691,0.078,83.9691,-0.021,83.9691,-0.121,83.9691,-0.221,83.9691,83.9691,86.46395
280,,,,,0.079,83.9691,0.079,83.9691,-0.02,83.9691,-0.12,83.9691,-0.22,83.9691,83.9691,86.46395
281,,,,,0.08,83.9691,0.08,83.9691,-0.019,83.9691,-0.11900000000000001,83.9691,-0.219,83.9691,83.9691,86.46395
282,,,,,0.081,83.9691,0.081,83.9691,-0.018000000000000002,83.9691,-0.11800000000000001,83.9691,-0.218,83.9691,83.9691,86.46395
283,,,,,0.082,83.9691,0.082,83.9691,-0.017,83.9691,-0.117,83.9691,-0.217,83.9691,83.9691,86.46395
284,,,,,0.083,83.9691,0.083,83.9691,-0.016,83.9691,-0.116,83.9691,-0.216,83.9691,83.9691,86.46395
285,,,,,0.084,83.9691,0.084,83.9691,-0.015,83.9691,-0.115,83.9691,-0.215,83.9691,83.9691,86.46395
286,,,,,0.085,83.9691,0.085,83.9691,-0.014,83.9691,-0.114,83.9691,-0.214,83.9691,83.9691,86.46395
287,,,,,0.08600000000000001,83.9691,0.08600000000000001,83.9691,-0.013000000000000001,83.9691,-0.113,83.9691,-0.213,83.9691,83.9691,86.46395
288,,,,,0.08700000000000001,83.9691,0.08700000000000001,83.9691,-0.012,83.9691,-0.112,83.9691,-0.212,83.9691,83.9691,86.46395
289,,,,,0.088,83.9691,0.088,83.9691,-0.011,83.9691,-0.111,83.9691,-0.211,83.9691,83.9691,86.46395
290,,,,,0.089,83.9691,0.089,83.9691,-0.01,83.9691,-0.11,83.9691,-0.21,83.9691,83.9691,86.46395
291,,,,,0.09,83.9691,0.09,83.9691,-0.009000000000000001,83.9691,-0.109,83.9691,-0.209,83.9691,83.9691,86.46395
292,,,,,0.091,83.9691,0.091,83.9691,-0.008,83.9691,-0.108,83.9691,-0.20800000000000002,83.9691,83.9691,86.46395
293,,,,,0.092,83.9691,0.092,83.9691,-0.007,83.9691,-0.107,83.9691,-0.20700000000000002,83.9691,83.9691,86.46395
294,,,,,0.093,83.9691,0.093,83.9691,-0.006,83.9691,-0.106,83.9691,-0.20600000000000002,83.9691,83.9691,86.46395
295,,,,,0.094,83.9691,0.094,83.9691,-0.005,83.9691,-0.105,83.9691,-0.20500000000000002,83.9691,83.9691,86.46395
296,,,,,0.095,83.9691,0.095,83.9691,-0.004,83.9691,-0.10400000000000001,83.9691,-0.20400000000000001,83.9691,83.9691,86.46395
297,,,,,0.096,83.9691,0.096,83.9691,-0.003,83.9691,-0.10300000000000001,83.9691,-0.203,83.9691,83.9691,86.46395
298,,,,,0.097,83.9691,0.097,83.9691,-0.002,83.9691,-0.10200000000000001,83.9691,-0.202,83.9691,83.9691,86.46395
299,,,,,0.098,83.9691,0.098,83.9691,-0.001,83.9691,-0.101,83.9691,-0.201,83.9691,83.9691,86.46395
300,,,,,0.099,83.9691,0.099,83.9691,-0.0,83.9691,-0.1,83.9691,-0.2,83.9691,83.9691,86.46395
301,,,,,0.1,83.9691,0.1,83.9691,0.0,83.9691,-0.099,83.9691,-0.199,83.9691,83.9691,86.46395
302,,,,,0.101,83.9691,0.101,83.9691,0.001,83.9691,-0.098,83.9691,-0.198,83.9691,83.9691,86.46395
303,,,,,0.10200000000000001,83.9691,0.10200000000000001,83.9691,0.002,83.9691,-0.097,83.9691,-0.197,83.9691,83.9691,86.46395
304,,,,,0.10300000000000001,83.9691,0.10300000000000001,83.9691,0.003,83.9691,-0.096,83.9691,-0.196,83.9691,83.9691,86.46395
305,,,,,0.10400000000000001,83.9691,0.10400000000000001,83.9691,0.004,83.9691,-0.095,83.9691,-0.195,83.9691,83.9691,86.46395
306,,,,,0.105,83.9691,0.105,83.9691,0.005,83.9691,-0.094,83.9691,-0.194,83.9691,83.9691,86.46395
307,,,,,0.106,83.9691,0.106,83.9691,0.006,83.9691,-0.093,83.9691,-0.193,83.9691,83.9691,86.46395
308,,,,,0.107,83.9691,0.107,83.9691,0.007,83.9691,-0.092,83.9691,-0.192,83.9691,83.9691,86.46395
309,,,,,0.108,83.9691,0.108,83.9691,0.008,83.9691,-0.091,83.9691,-0.191,83.9691,83.9691,86.46395
310,,,,,0.109,83.9691,0.109,83.9691,0.009000000000000001,83.9691,-0.09,83.9691,-0.19,83.9691,83.9691,86.46395
311,,,,,0.11,83.9691,0.11,83.9691,0.01,83.9691,-0.089,83.9691,-0.189,83.9691,83.9691,86.46395
312,,,,,0.111,83.9691,0.111,83.9691,0.011,83.9691,-0.088,83.9691,-0.188,83.9691,83.9691,86.46395
313,,,,,0.112,83.9691,0.112,83.9691,0.012,83.9691,-0.08700000000000001,83.9691,-0.187,83.9691,83.9691,86.46395
314,,,,,0.113,83.9691,0.113,83.9691,0.013000000000000001,83.9691,-0.08600000000000001,83.9691,-0.186,83.9691,83.9691,86.46395
315,,,,,0.114,83.9691,0.114,83.9691,0.014,83.9691,-0.085,83.9691,-0.185,83.9691,83.9691,86.46395
316,,,,,0.115,83.9691,0.115,83.9691,0.015,83.9691,-0.084,83.9691,-0.184,83.9691,83.9691,86.46395
317,,,,,0.116,83.9691,0.116,83.9691,0.016,83.9691,-0.083,83.9691,-0.183,83.9691,83.9691,86.46395
318,,,,,0.117,83.9691,0.117,83.9691,0.017,83.9691,-0.082,83.9691,-0.182,83.9691,83.9691,86.46395
319,,,,,0.11800000000000001,83.9691,0.11800000000000001,83.9691,0.018000000000000002,83.9691,-0.081,83.9691,-0.181,83.9691,83.9691,86.46395
320,,,,,0.11900000000000001,83.9691,0.11900000000000001,83.9691,0.019,83.9691,-0.08,83.9691,-0.18,83.9691,83.9691,86.46395
321,,,,,0.12,83.9691,0.12,83.9691,0.02,83.9691,-0.079,83.9691,-0.179,83.9691,83.9691,86.46395
322,,,,,0.121,83.9691,0.121,83.9691,0.021,83.9691,-0.078,83.9691,-0.178,83.9691,83.9691,86.46395
323,,,,,0.122,83.9691,0.122,83.9691,0.022,83.9691,-0.077,83.9691,-0.177,83.9691,83.9691,86.46395
324,,,,,0.123,83.9691,0.123,83.9691,0.023,83.9691,-0.076,83.9691,-0.176,83.9691,83.9691,86.46395
325,,,,,0.124,83.9691,0.124,83.9691,0.024,83.9691,-0.075,83.9691,-0.17500000000000002,83.9691,83.9691,86.46395
326,,,,,0.125,83.9691,0.125,83.9691,0.025,83.9691,-0.074,83.9691,-0.17400000000000002,83.9691,83.9691,86.46395
327,,,,,0.126,83.9691,0.126,83.9691,0.026000000000000002,83.9691,-0.073,83.9691,-0.17300000000000001,83.9691,83.9691,86.46395
328,,,,,0.127,83.9691,0.127,83.9691,0.027,83.9691,-0.07200000000000001,83.9691,-0.17200000000000001,83.9691,83.9691,86.46395
329,,,,,0.128,83.9691,0.128,83.9691,0.028,83.9691,-0.07100000000000001,83.9691,-0.171,83.9691,83.9691,86.46395
330,,,,,0.129,83.9691,0.129,83.9691,0.029,83.9691,-0.07,83.9691,-0.17,83.9691,83.9691,86.46395
331,,,,,0.13,83.9691,0.13,83.9691,0.03,83.9691,-0.069,83.9691,-0.169,83.9691,83.9691,86.46395
332,,,,,0.131,83.9691,0.131,83.9691,0.031,83.9691,-0.068,83.9691,-0.168,83.9691,83.9691,86.46395
333,,,,,0.132,83.9691,0.132,83.9691,0.032,83.9691,-0.067,83.9691,-0.167,83.9691,83.9691,86.46395
334,,,,,0.133,83.9691,0.133,83.9691,0.033,83.9691,-0.066,83.9691,-0.166,83.9691,83.9691,86.46395
335,,,,,0.134,83.9691,0.134,83.9691,0.034,83.9691,-0.065,83.9691,-0.165,83.9691,83.9691,86.46395
336,,,,,0.135,83.9691,0.135,83.9691,0.035,83.9691,-0.064,83.9691,-0.164,83.9691,83.9691,86.46395
337,,,,,0.136,83.9691,0.136,83.9691,0.036000000000000004,83.9691,-0.063,83.9691,-0.163,83.9691,83.9691,86.46395
338,,,,,0.137,83.9691,0.137,83.9691,0.037,83.9691,-0.062,83.9691,-0.162,83.9691,83.9691,86.46395
339,,,,,0.138,83.9691,0.138,83.9691,0.038,83.9691,-0.061,83.9691,-0.161,83.9691,83.9691,86.46395
340,,,,,0.139,83.9691,0.139,83.9691,0.039,83.9691,-0.06,83.9691,-0.16,83.9691,83.9691,86.46395
341,,,,,0.14,83.9691,0.14,83.9691,0.04,83.9691,-0.059000000000000004,83.9691,-0.159,83.9691,83.9691,86.46395
342,,,,,0.14100000000000001,83.9691,0.14100000000000001,83.9691,0.041,83.9691,-0.058,83.9691,-0.158,83.9691,83.9691,86.46395
343,,,,,0.14200000000000002,83.9691,0.14200000000000002,83.9691,0.042,83.9691,-0.057,83.9691,-0.157,83.9691,83.9691,86.46395
344,,,,,0.14300000000000002,83.9691,0.14300000000000002,83.9691,0.043000000000000003,83.9691,-0.056,83.9691,-0.156,83.9691,83.9691,86.46395
345,,,,,0.14400000000000002,83.9691,0.14400000000000002,83.9691,0.044,83.9691,-0.055,83.9691,-0.155,83.9691,83.9691,86.46395
346,,,,,0.145,83.9691,0.145,83.9691,0.045,83.9691,-0.054,83.9691,-0.154,83.9691,83.9691,86.46395
347,,,,,0.146,83.9691,0.146,83.9691,0.046,83.9691,-0.053,83.9691,-0.153,83.9691,83.9691,86.46395
348,,,,,0.147,83.9691,0.147,83.9691,0.047,83.9691,-0.052000000000000005,83.9691,-0.152,83.9691,83.9691,86.46395
349,,,,,0.148,83.9691,0.148,83.9691,0.048,83.9691,-0.051000000000000004,83.9691,-0.151,83.9691,83.9691,86.46395
350,,,,,0.149,83.9691,0.149,83.9691,0.049,83.9691,-0.05,83.9691,-0.15,83.9691,83.9691,86.46395
351,,,,,0.15,83.9691,0.15,83.9691,0.05,83.9691,-0.049,83.9691,-0.149,83.9691,83.9691,86.46395
352,,,,,0.151,83.9691,0.151,83.9691,0.051000000000000004,83.9691,-0.048,83.9691,-0.148,83.9691,83.9691,86.46395
353,,,,,0.152,83.9691,0.152,83.9691,0.052000000000000005,83.9691,-0.047,83.9691,-0.147,83.9691,83.9691,86.46395
354,,,,,0.153,83.9691,0.153,83.9691,0.053,83.9691,-0.046,83.9691,-0.146,83.9691,83.9691,86.46395
355,,,,,0.154,83.9691,0.154,83.9691,0.054,83.9691,-0.045,83.9691,-0.145,83.9691,83.9691,86.46395
356,,,,,0.155,83.9691,0.155,83.9691,0.055,83.9691,-0.044,83.9691,-0.14400000000000002,83.9691,83.9691,86.46395
357,,,,,0.156,83.9691,0.156,83.9691,0.056,83.9691,-0.043000000000000003,83.9691,-0.14300000000000002,83.9691,83.9691,86.46395
358,,,,,0.157,83.9691,0.157,83.9691,0.057,83.9691,-0.042,83.9691,-0.14200000000000002,83.9691,83.9691,86.46395
359,,,,,0.158,83.9691,0.158,83.9691,0.058,83.9691,-0.041,83.9691,-0.14100000000000001,83.9691,83.9691,86.46395
360,,,,,0.159,83.9691,0.159,83.9691,0.059000000000000004,83.9691,-0.04,83.9691,-0.14,83.9691,83.9691,86.46395
361,,,,,0.16,83.9691,0.16,83.9691,0.06,83.9691,-0.039,83.9691,-0.139,83.9691,83.9691,86.46395
362,,,,,0.161,83.9691,0.161,83.9691,0.061,83.9691,-0.038,83.9691,-0.138,83.9691,83.9691,86.46395
363,,,,,0.162,83.9691,0.162,83.9691,0.062,83.9691,-0.037,83.9691,-0.137,83.9691,83.9691,86.46395
364,,,,,0.163,83.9691,0.163,83.9691,0.063,83.9691,-0.036000000000000004,83.9691,-0.136,83.9691,83.9691,86.46395
365,,,,,0.164,83.9691,0.164,83.9691,0.064,83.9691,-0.035,83.9691,-0.135,83.9691,83.9691,86.46395
366,,,,,0.165,83.9691,0.165,83.9691,0.065,83.9691,-0.034,83.9691,-0.134,83.9691,83.9691,86.46395
367,,,,,0.166,83.9691,0.166,83.9691,0.066,83.9691,-0.033,83.9691,-0.133,83.9691,83.9691,86.46395
368,,,,,0.167,83.9691,0.167,83.9691,0.067,83.9691,-0.032,83.9691,-0.132,83.9691,83.9691,86.46395
369,,,,,0.168,83.9691,0.168,83.9691,0.068,83.9691,-0.031,83.9691,-0.131,83.9691,83.9691,86.46395
370,,,,,0.169,83.9691,0.169,83.9691,0.069,83.9691,-0.03,83.9691,-0.13,83.9691,83.9691,86.46395
371,,,,,0.17,83.9691,0.17,83.9691,0.07,83.9691,-0.029,83.9691,-0.129,83.9691,83.9691,86.46395
372,,,,,0.171,83.9691,0.171,83.9691,0.07100000000000001,83.9691,-0.028,83.9691,-0.128,83.9691,83.9691,86.46395
373,,,,,0.17200000000000001,83.9691,0.17200000000000001,83.9691,0.07200000000000001,83.9691,-0.027,83.9691,-0.127,83.9691,83.9691,86.46395
374,,,,,0.17300000000000001,83.9691,0.17300000000000001,83.9691,0.073,83.9691,-0.026000000000000002,83.9691,-0.126,83.9691,83.9691,86.46395
375,,,,,0.17400000000000002,83.9691,0.17400000000000002,83.9691,0.074,83.9691,-0.025,83.9691,-0.125,83.9691,83.9691,86.46395
376,,,,,0.17500000000000002,83.9691,0.17500000000000002,83.9691,0.075,83.9691,-0.024,83.9691,-0.124,83.9691,83.9691,86.46395
377,,,,,0.176,83.9691,0.176,83.9691,0.076,83.9691,-0.023,83.9691,-0.123,83.9691,83.9691,86.46395
378,,,,,0.177,83.9691,0.177,83.9691,0.077,83.9691,-0.022,83.9691,-0.122,83.9691,83.9691,86.46395
379,,,,,0.178,83.9691,0.178,83.9691,0.078,83.9691,-0.021,83.9691,-0.121,83.9691,83.9691,86.46395
380,,,,,0.179,83.9691,0.179,83.9691,0.079,83.9691,-0.02,83.9691,-0.12,83.9691,83.9691,86.46395
381,,,,,0.18,83.9691,0.18,83.9691,0.08,83.9691,-0.019,83.9691,-0.11900000000000001,83.9691,83.9691,86.46395
382,,,,,0.181,83.9691,0.181,83.9691,0.081,83.9691,-0.018000000000000002,83.9691,-0.11800000000000001,83.9691,83.9691,86.46395
383,,,,,0.182,83.9691,0.182,83.9691,0.082,83.9691,-0.017,83.9691,-0.117,83.9691,83.9691,86.46395
384,,,,,0.183,83.9691,0.183,83.9691,0.083,83.9691,-0.016,83.9691,-0.116,83.9691,83.9691,86.46395
385,,,,,0.184,83.9691,0.184,83.9691,0.084,83.9691,-0.015,83.9691,-0.115,83.9691,83.9691,86.46395
386,,,,,0.185,83.9691,0.185,83.9691,0.085,83.9691,-0.014,83.9691,-0.114,83.9691,83.9691,86.46395
387,,,,,0.186,83.9691,0.186,83.9691,0.08600000000000001,83.9691,-0.013000000000000001,83.9691,-0.113,83.9691,83.9691,86.46395
388,,,,,0.187,83.9691,0.187,83.9691,0.08700000000000001,83.9691,-0.012,83.9691,-0.112,83.9691,83.9691,86.46395
389,,,,,0.188,83.9691,0.188,83.9691,0.088,83.9691,-0.011,83.9691,-0.111,83.9691,83.9691,86.46395
390,,,,,0.189,83.9691,0.189,83.9691,0.089,83.9691,-0.01,83.9691,-0.11,83.9691,83.9691,86.46395
391,,,,,0.19,83.9691,0.19,83.9691,0.09,83.9691,-0.009000000000000001,83.9691,-0.109,83.9691,83.9691,86.46395
392,,,,,0.191,83.9691,0.191,83.9691,0.091,83.9691,-0.008,83.9691,-0.108,83.9691,83.9691,86.46395
393,,,,,0.192,83.9691,0.192,83.9691,0.092,83.9691,-0.007,83.9691,-0.107,83.9691,83.9691,86.46395
394,,,,,0.193,83.9691,0.193,83.9691,0.093,83.9691,-0.006,83.9691,-0.106,83.9691,83.9691,86.46395
395,,,,,0.194,83.9691,0.194,83.9691,0.094,83.9691,-0.005,83.9691,-0.105,83.9691,83.9691,86.46395
396,,,,,0.195,83.9691,0.195,83.9691,0.095,83.9691,-0.004,83.9691,-0.10400000000000001,83.9691,83.9691,86.46395
397,,,,,0.196,83.9691,0.196,83.9691,0.096,83.9691,-0.003,83.9691,-0.10300000000000001,83.9691,83.9691,86.46395
398,,,,,0.197,83.9691,0.197,83.9691,0.097,83.9691,-0.002,83.9691,-0.10200000000000001,83.9691,83.9691,86.46395
399,,,,,0.198,83.9691,0.198,83.9691,0.098,83.9691,-0.001,83.9691,-0.101,83.9691,83.9691,86.46395
400,,,,,0.199,83.9691,0.199,83.9691,0.099,83.9691,-0.0,83.9691,-0.1,83.9691,83.9691,86.46395
401,,,,,0.2,83.9691,0.2,83.9691,0.1,83.9691,0.0,83.9691,-0.099,83.9691,83.9691,86.46395
402,,,,,,,0.201,83.9691,0.101,83.9691,0.001,83.9691,-0.098,83.9691,83.9691,86.46395
403,,,,,,,0.202,83.9691,0.10200000000000001,83.9691,0.002,83.9691,-0.097,83.9691,83.9691,86.46395
404,,,,,,,0.203,83.9691,0.10300000000000001,83.9691,0.003,83.9691,-0.096,83.9691,83.9691,86.46395
405,,,,,,,0.20400000000000001,83.9691,0.10400000000000001,83.9691,0.004,83.9691,-0.095,83.9691,83.9691,86.46395
406,,,,,,,0.20500000000000002,83.9691,0.105,83.9691,0.005,83.9691,-0.094,83.9691,83.9691,86.46395
407,,,,,,,0.20600000000000002,83.9691,0.106,83.9691,0.006,83.9691,-0.093,83.9691,83.9691,86.46395
408,,,,,,,0.20700000000000002,83.9691,0.107,83.9691,0.007,83.9691,-0.092,83.9691,83.9691,86.46395
409,,,,,,,0.20800000000000002,83.9691,0.108,83.9691,0.008,83.9691,-0.091,83.9691,83.9691,86.46395
410,,,,,,,0.209,83.9691,0.109,83.9691,0.009000000000000001,83.9691,-0.09,83.9691,83.9691,86.46395
411,,,,,,,0.21,83.9691,0.11,83.9691,0.01,83.9691,-0.089,83.9691,83.9691,86.46395
412,,,,,,,0.211,83.9691,0.111,83.9691,0.011,83.9691,-0.088,83.9691,83.9691,86.46395
413,,,,,,,0.212,83.9691,0.112,83.9691,0.012,83.9691,-0.08700000000000001,83.9691,83.9691,86.46395
414,,,,,,,0.213,83.9691,0.113,83.9691,0.013000000000000001,83.9691,-0.08600000000000001,83.9691,83.9691,86.46395
415,,,,,,,0.214,83.9691,0.114,83.9691,0.014,83.9691,-0.085,83.9691,83.9691,86.46395
416,,,,,,,0.215,83.9691,0.115,83.9691,0.015,83.9691,-0.084,83.9691,83.9691,86.46395
417,,,,,,,0.216,83.9691,0.116,83.9691,0.016,83.9691,-0.083,83.9691,83.9691,86.46395
418,,,,,,,0.217,83.9691,0.117,83.9691,0.017,83.9691,-0.082,83.9691,83.9691,86.46395
419,,,,,,,0.218,83.9691,0.11800000000000001,83.9691,0.018000000000000002,83.9691,-0.081,83.9691,83.9691,86.46395
420,,,,,,,0.219,83.9691,0.11900000000000001,83.9691,0.019,83.9691,-0.08,83.9691,83.9691,86.46395
421,,,,,,,0.22,83.9691,0.12,83.9691,0.02,83.9691,-0.079,83.9691,83.9691,86.46395
422,,,,,,,0.221,83.9691,0.121,83.9691,0.021,83.9691,-0.078,83.9691,83.9691,86.46395
423,,,,,,,0.222,83.9691,0.122,83.9691,0.022,83.9691,-0.077,83.9691,83.9691,86.46395
424,,,,,,,0.223,83.9691,0.123,83.9691,0.023,83.9691,-0.076,83.9691,83.9691,86.46395
425,,,,,,,0.224,83.9691,0.124,83.9691,0.024,83.9691,-0.075,83.9691,83.9691,86.46395
426,,,,,,,0.225,83.9691,0.125,83.9691,0.025,83.9691,-0.074,83.9691,83.9691,86.46395
427,,,,,,,0.226,83.9691,0.126,83.9691,0.026000000000000002,83.9691,-0.073,83.9691,83.9691,86.46395
428,,,,,,,0.227,83.9691,0.127,83.9691,0.027,83.9691,-0.07200000000000001,83.9691,83.9691,86.46395
429,,,,,,,0.228,83.9691,0.128,83.9691,0.028,83.9691,-0.07100000000000001,83.9691,83.9691,86.46395
430,,,,,,,0.229,83.9691,0.129,83.9691,0.029,83.9691,-0.07,83.9691,83.9691,86.46395
431,,,,,,,0.23,83.9691,0.13,83.9691,0.03,83.9691,-0.069,83.9691,83.9691,86.46395
432,,,,,,,0.231,83.9691,0.131,83.9691,0.031,83.9691,-0.068,83.9691,83.9691,86.46395
433,,,,,,,0.232,83.9691,0.132,83.9691,0.032,83.9691,-0.067,83.9691,83.9691,86.46395
434,,,,,,,0.233,83.9691,0.133,83.9691,0.033,83.9691,-0.066,83.9691,83.9691,86.46395
435,,,,,,,0.234,83.9691,0.134,83.9691,0.034,83.9691,-0.065,83.9691,83.9691,86.46395
436,,,,,,,0.23500000000000001,83.9691,0.135,83.9691,0.035,83.9691,-0.064,83.9691,83.9691,86.46395
437,,,,,,,0.23600000000000002,83.9691,0.136,83.9691,0.036000000000000004,83.9691,-0.063,83.9691,83.9691,86.46395
438,,,,,,,0.23700000000000002,83.9691,0.137,83.9691,0.037,83.9691,-0.062,83.9691,83.9691,86.46395
439,,,,,,,0.23800000000000002,83.9691,0.138,83.9691,0.038,83.9691,-0.061,83.9691,83.9691,86.46395
440,,,,,,,0.23900000000000002,83.9691,0.139,83.9691,0.039,83.9691,-0.06,83.9691,83.9691,86.46395
441,,,,,,,0.24,83.9691,0.14,83.9691,0.04,83.9691,-0.059000000000000004,83.9691,83.9691,86.46395
442,,,,,,,0.241,83.9691,0.14100000000000001,83.9691,0.041,83.9691,-0.058,83.9691,83.9691,86.46395
443,,,,,,,0.242,83.9691,0.14200000000000002,83.9691,0.042,83.9691,-0.057,83.9691,83.9691,86.46395
444,,,,,,,0.243,83.9691,0.14300000000000002,83.9691,0.043000000000000003,83.9691,-0.056,83.9691,83.9691,86.46395
445,,,,,,,0.244,83.9691,0.14400000000000002,83.9691,0.044,83.9691,-0.055,83.9691,83.9691,86.46395
446,,,,,,,0.245,83.9691,0.145,83.9691,0.045,83.9691,-0.054,83.9691,83.9691,86.46395
447,,,,,,,0.246,83.9691,0.146,83.9691,0.046,83.9691,-0.053,83.9691,83.9691,86.46395
448,,,,,,,0.247,83.9691,0.147,83.9691,0.047,83.9691,-0.052000000000000005,83.9691,83.9691,86.46395
449,,,,,,,0.248,83.9691,0.148,83.9691,0.048,83.9691,-0.051000000000000004,83.9691,83.9691,86.46395
450,,,,,,,0.249,83.9691,0.149,83.9691,0.049,83.9691,-0.05,83.9691,83.9691,86.46395
451,,,,,,,0.25,83.9691,0.15,83.9691,0.05,83.9691,-0.049,83.9691,83.9691,86.46395
452,,,,,,,0.251,83.9691,0.151,83.9691,0.051000000000000004,83.9691,-0.048,83.9691,83.9691,86.46395
453,,,,,,,0.252,83.9691,0.152,83.9691,0.052000000000000005,83.9691,-0.047,83.9691,83.9691,86.46395
454,,,,,,,0.253,83.9691,0.153,83.9691,0.053,83.9691,-0.046,83.9691,83.9691,86.46395
455,,,,,,,0.254,83.9691,0.154,83.9691,0.054,83.9691,-0.045,83.9691,83.9691,86.46395
456,,,,,,,0.255,83.9691,0.155,83.9691,0.055,83.9691,-0.044,83.9691,83.9691,86.46395
457,,,,,,,0.256,83.9691,0.156,83.9691,0.056,83.9691,-0.043000000000000003,83.9691,83.9691,86.46395
458,,,,,,,0.257,83.9691,0.157,83.9691,0.057,83.9691,-0.042,83.9691,83.9691,86.46395
459,,,,,,,0.258,83.9691,0.158,83.9691,0.058,83.9691,-0.041,83.9691,83.9691,86.46395
460,,,,,,,0.259,83.9691,0.159,83.9691,0.059000000000000004,83.9691,-0.04,83.9691,83.9691,86.46395
461,,,,,,,0.26,83.9691,0.16,83.9691,0.06,83.9691,-0.039,83.9691,83.9691,86.46395
462,,,,,,,0.261,83.9691,0.161,83.9691,0.061,83.9691,-0.038,83.9691,83.9691,86.46395
463,,,,,,,0.262,83.9691,0.162,83.9691,0.062,83.9691,-0.037,83.9691,83.9691,86.46395
464,,,,,,,0.263,83.9691,0.163,83.9691,0.063,83.9691,-0.036000000000000004,83.9691,83.9691,86.46395
465,,,,,,,0.264,83.9691,0.164,83.9691,0.064,83.9691,-0.035,83.9691,83.9691,86.46395
466,,,,,,,0.265,83.9691,0.165,83.9691,0.065,83.9691,-0.034,83.9691,83.9691,86.46395
467,,,,,,,0.266,83.9691,0.166,83.9691,0.066,83.9691,-0.033,83.9691,83.9691,86.46395
468,,,,,,,0.267,83.9691,0.167,83.9691,0.067,83.9691,-0.032,83.9691,83.9691,86.46395
469,,,,,,,0.268,83.9691,0.168,83.9691,0.068,83.9691,-0.031,83.9691,83.9691,86.46395
470,,,,,,,0.269,83.9691,0.169,83.9691,0.069,83.9691,-0.03,83.9691,83.9691,86.46395
471,,,,,,,0.27,83.9691,0.17,83.9691,0.07,83.9691,-0.029,83.9691,83.9691,86.46395
472,,,,,,,0.271,83.9691,0.171,83.9691,0.07100000000000001,83.9691,-0.028,83.9691,83.9691,86.46395
473,,,,,,,0.272,83.9691,0.17200000000000001,83.9691,0.07200000000000001,83.9691,-0.027,83.9691,83.9691,86.46395
474,,,,,,,0.273,83.9691,0.17300000000000001,83.9691,0.073,83.9691,-0.026000000000000002,83.9691,83.9691,86.46395
475,,,,,,,0.274,83.9691,0.17400000000000002,83.9691,0.074,83.9691,-0.025,83.9691,83.9691,86.46395
476,,,,,,,0.275,83.9691,0.17500000000000002,83.9691,0.075,83.9691,-0.024,83.9691,83.9691,86.46395
477,,,,,,,0.276,83.9691,0.176,83.9691,0.076,83.9691,-0.023,83.9691,83.9691,86.46395
478,,,,,,,0.277,83.9691,0.177,83.9691,0.077,83.9691,-0.022,83.9691,83.9691,86.46395
479,,,,,,,0.278,83.9691,0.178,83.9691,0.078,83.9691,-0.021,83.9691,83.9691,86.46395
480,,,,,,,0.279,83.9691,0.179,83.9691,0.079,83.9691,-0.02,83.9691,83.9691,86.46395
481,,,,,,,0.28,83.9691,0.18,83.9691,0.08,83.9691,-0.019,83.9691,83.9691,86.46395
482,,,,,,,0.281,83.9691,0.181,83.9691,0.081,83.9691,-0.018000000000000002,83.9691,83.9691,86.46395
483,,,,,,,0.28200000000000003,83.9691,0.182,83.9691,0.082,83.9691,-0.017,83.9691,83.9691,86.46395
484,,,,,,,0.28300000000000003,83.9691,0.183,83.9691,0.083,83.9691,-0.016,83.9691,83.9691,86.46395
485,,,,,,,0.28400000000000003,83.9691,0.184,83.9691,0.084,83.9691,-0.015,83.9691,83.9691,86.46395
486,,,,,,,0.28500000000000003,83.9691,0.185,83.9691,0.085,83.9691,-0.014,83.9691,83.9691,86.46395
487,,,,,,,0.28600000000000003,83.9691,0.186,83.9691,0.08600000000000001,83.9691,-0.013000000000000001,83.9691,83.9691,86.46395
488,,,,,,,0.28700000000000003,83.9691,0.187,83.9691,0.08700000000000001,83.9691,-0.012,83.9691,83.9691,86.46395
489,,,,,,,0.28800000000000003,83.9691,0.188,83.9691,0.088,83.9691,-0.011,83.9691,83.9691,86.46395
490,,,,,,,0.289,83.9691,0.189,83.9691,0.089,83.9691,-0.01,83.9691,83.9691,86.46395
491,,,,,,,0.29,83.9691,0.19,83.9691,0.09,83.9691,-0.009000000000000001,83.9691,83.9691,86.46395
492,,,,,,,0.291,83.9691,0.191,83.9691,0.091,83.9691,-0.008,83.9691,83.9691,86.46395
493,,,,,,,0.292,83.9691,0.192,83.9691,0.092,83.9691,-0.007,83.9691,83.9691,86.46395
494,,,,,,,0.293,83.9691,0.193,83.9691,0.093,83.9691,-0.006,83.9691,83.9691,86.46395
495,,,,,,,0.294,83.9691,0.194,83.9691,0.094,83.9691,-0.005,83.9691,83.9691,86.46395
496,,,,,,,0.295,83.9691,0.195,83.9691,0.095,83.9691,-0.004,83.9691,83.9691,86.46395
497,,,,,,,0.296,83.9691,0.196,83.9691,0.096,83.9691,-0.003,83.9691,83.9691,86.46395
498,,,,,,,0.297,83.9691,0.197,83.9691,0.097,83.9691,-0.002,83.9691,83.9691,86.46395
499,,,,,,,0.298,83.9691,0.198,83.9691,0.098,83.9691,-0.001,83.9691,83.9691,86.46395
500,,,,,,,0.299,83.9691,0.199,83.9691,0.099,83.9691,-0.0,83.9691,83.9691,86.46395
501,,,,,,,0.3,83.9691,0.2,83.9691,0.1,83.9691,0.0,83.9691,83.9691,86.46395
502,,,,,,,,,0.201,83.9691,0.101,83.9691,0.001,83.9691,83.9691,86.46395
503,,,,,,,,,0.202,83.9691,0.10200000000000001,83.9691,0.002,83.9691,83.9691,86.46395
504,,,,,,,,,0.203,83.9691,0.10300000000000001,83.9691,0.003,83.9691,83.9691,86.46395
505,,,,,,,,,0.20400000000000001,83.9691,0.10400000000000001,83.9691,0.004,83.9691,83.9691,86.46395
506,,,,,,,,,0.20500000000000002,83.9691,0.105,83.9691,0.005,83.9691,83.9691,86.46395
507,,,,,,,,,0.20600000000000002,83.9691,0.106,83.9691,0.006,83.9691,83.9691,86.46395
508,,,,,,,,,0.20700000000000002,83.9691,0.107,83.9691,0.007,83.9691,83.9691,86.46395
509,,,,,,,,,0.20800000000000002,83.9691,0.108,83.9691,0.008,83.9691,83.9691,86.46395
510,,,,,,,,,0.209,83.9691,0.109,83.9691,0.009000000000000001,83.9691,83.9691,86.46395
511,,,,,,,,,0.21,83.9691,0.11,83.9691,0.01,83.9691,83.9691,86.46395
512,,,,,,,,,0.211,83.9691,0.111,83.9691,0.011,83.9691,83.9691,86.46395
513,,,,,,,,,0.212,83.9691,0.112,83.9691,0.012,83.9691,83.9691,86.46395
514,,,,,,,,,0.213,83.9691,0.113,83.9691,0.013000000000000001,83.9691,83.9691,86.46395
515,,,,,,,,,0.214,83.9691,0.114,83.9691,0.014,83.9691,83.9691,86.46395
516,,,,,,,,,0.215,83.9691,0.115,83.9691,0.015,83.9691,83.9691,86.46395
517,,,,,,,,,0.216,83.9691,0.116,83.9691,0.016,83.9691,83.9691,86.46395
518,,,,,,,,,0.217,83.9691,0.117,83.9691,0.017,83.9691,83.9691,86.46395
519,,,,,,,,,0.218,83.9691,0.11800000000000001,83.9691,0.018000000000000002,83.9691,83.9691,86.46395
520,,,,,,,,,0.219,83.9691,0.11900000000000001,83.9691,0.019,83.9691,83.9691,86.46395
521,,,,,,,,,0.22,83.9691,0.12,83.9691,0.02,83.9691,83.9691,86.46395
522,,,,,,,,,0.221,83.9691,0.121,83.9691,0.021,83.9691,83.9691,86.46395
523,,,,,,,,,0.222,83.9691,0.122,83.9691,0.022,83.9691,83.9691,86.46395
524,,,,,,,,,0.223,83.9691,0.123,83.9691,0.023,83.9691,83.9691,86.46395
525,,,,,,,,,0.224,83.9691,0.124,83.9691,0.024,83.9691,83.9691,86.46395
526,,,,,,,,,0.225,83.9691,0.125,83.9691,0.025,83.9691,83.9691,86.46395
527,,,,,,,,,0.226,83.9691,0.126,83.9691,0.026000000000000002,83.9691,83.9691,86.46395
528,,,,,,,,,0.227,83.9691,0.127,83.9691,0.027,83.9691,83.9691,86.46395
529,,,,,,,,,0.228,83.9691,0.128,83.9691,0.028,83.9691,83.9691,86.46395
530,,,,,,,,,0.229,83.9691,0.129,83.9691,0.029,83.9691,83.9691,86.46395
531,,,,,,,,,0.23,83.9691,0.13,83.9691,0.03,83.9691,83.9691,86.46395
532,,,,,,,,,0.231,83.9691,0.131,83.9691,0.031,83.9691,83.9691,86.46395
533,,,,,,,,,0.232,83.9691,0.132,83.9691,0.032,83.9691,83.9691,86.46395
534,,,,,,,,,0.233,83.9691,0.133,83.9691,0.033,83.9691,83.9691,86.46395
535,,,,,,,,,0.234,83.9691,0.134,83.9691,0.034,83.9691,83.9691,86.46395
536,,,,,,,,,0.23500000000000001,83.9691,0.135,83.9691,0.035,83.9691,83.9691,86.46395
537,,,,,,,,,0.23600000000000002,83.9691,0.136,83.9691,0.036000000000000004,83.9691,83.9691,86.46395
538,,,,,,,,,0.23700000000000002,83.9691,0.137,83.9691,0.037,83.9691,83.9691,86.46395
539,,,,,,,,,0.23800000000000002,83.9691,0.138,83.9691,0.038,83.9691,83.9691,86.46395
540,,,,,,,,,0.23900000000000002,83.9691,0.139,83.9691,0.039,83.9691,83.9691,86.46395
541,,,,,,,,,0.24,83.9691,0.14,83.9691,0.04,83.9691,83.9691,86.46395
542,,,,,,,,,0.241,83.9691,0.14100000000000001,83.9691,0.041,83.9691,83.9691,86.46395
543,,,,,,,,,0.242,83.9691,0.14200000000000002,83.9691,0.042,83.9691,83.9691,86.46395
544,,,,,,,,,0.243,83.9691,0.14300000000000002,83.9691,0.043000000000000003,83.9691,83.9691,86.46395
545,,,,,,,,,0.244,83.9691,0.14400000000000002,83.9691,0.044,83.9691,83.9691,86.46395
546,,,,,,,,,0.245,83.9691,0.145,83.9691,0.045,83.9691,83.9691,86.46395
547,,,,,,,,,0.246,83.9691,0.146,83.9691,0.046,83.9691,83.9691,86.46395
548,,,,,,,,,0.247,83.9691,0.147,83.9691,0.047,83.9691,83.9691,86.46395
549,,,,,,,,,0.248,83.9691,0.148,83.9691,0.048,83.9691,83.9691,86.46395
550,,,,,,,,,0.249,83.9691,0.149,83.9691,0.049,83.9691,83.9691,86.46395
551,,,,,,,,,0.25,83.9691,0.15,83.9691,0.05,83.9691,83.9691,86.46395
552,,,,,,,,,0.251,83.9691,0.151,83.9691,0.051000000000000004,83.9691,83.9691,86.46395
553,,,,,,,,,0.252,83.9691,0.152,83.9691,0.052000000000000005,83.9691,83.9691,86.46395
554,,,,,,,,,0.253,83.9691,0.153,83.9691,0.053,83.9691,83.9691,86.46395
555,,,,,,,,,0.254,83.9691,0.154,83.9691,0.054,83.9691,83.9691,86.46395
556,,,,,,,,,0.255,83.9691,0.155,83.9691,0.055,83.9691,83.9691,86.46395
557,,,,,,,,,0.256,83.9691,0.156,83.9691,0.056,83.9691,83.9691,86.46395
558,,,,,,,,,0.257,83.9691,0.157,83.9691,0.057,83.9691,83.9691,86.46395
559,,,,,,,,,0.258,83.9691,0.158,83.9691,0.058,83.9691,83.9691,86.46395
560,,,,,,,,,0.259,83.9691,0.159,83.9691,0.059000000000000004,83.9691,83.9691,86.46395
561,,,,,,,,,0.26,83.9691,0.16,83.9691,0.06,83.9691,83.9691,86.46395
562,,,,,,,,,0.261,83.9691,0.161,83.9691,0.061,83.9691,83.9691,86.46395
563,,,,,,,,,0.262,83.9691,0.162,83.9691,0.062,83.9691,83.9691,86.46395
564,,,,,,,,,0.263,83.9691,0.163,83.9691,0.063,83.9691,83.9691,86.46395
565,,,,,,,,,0.264,83.9691,0.164,83.9691,0.064,83.9691,83.9691,86.46395
566,,,,,,,,,0.265,83.9691,0.165,83.9691,0.065,83.9691,83.9691,86.46395
567,,,,,,,,,0.266,83.9691,0.166,83.9691,0.066,83.9691,83.9691,86.46395
568,,,,,,,,,0.267,83.9691,0.167,83.9691,0.067,83.9691,83.9691,86.46395
569,,,,,,,,,0.268,83.9691,0.168,83.9691,0.068,83.9691,83.9691,86.46395
570,,,,,,,,,0.269,83.9691,0.169,83.9691,0.069,83.9691,83.9691,86.46395
571,,,,,,,,,0.27,83.9691,0.17,83.9691,0.07,83.9691,83.9691,86.46395
572,,,,,,,,,0.271,83.9691,0.171,83.9691,0.07100000000000001,83.9691,83.9691,86.46395
573,,,,,,,,,0.272,83.9691,0.17200000000000001,83.9691,0.07200000000000001,83.9691,83.9691,86.46395
574,,,,,,,,,0.273,83.9691,0.17300000000000001,83.9691,0.073,83.9691,83.9691,86.46395
575,,,,,,,,,0.274,83.9691,0.17400000000000002,83.9691,0.074,83.9691,83.9691,86.46395
576,,,,,,,,,0.275,83.9691,0.17500000000000002,83.9691,0.075,83.9691,83.9691,86.46395
577,,,,,,,,,0.276,83.9691,0.176,83.9691,0.076,83.9691,83.9691,86.46395
578,,,,,,,,,0.277,83.9691,0.177,83.9691,0.077,83.9691,83.9691,86.46395
579,,,,,,,,,0.278,83.9691,0.178,83.9691,0.078,83.9691,83.9691,86.46395
580,,,,,,,,,0.279,83.9691,0.179,83.9691,0.079,83.9691,83.9691,86.46395
581,,,,,,,,,0.28,83.9691,0.18,83.9691,0.08,83.9691,83.9691,86.46395
582,,,,,,,,,0.281,83.9691,0.181,83.9691,0.081,83.9691,83.9691,86.46395
583,,,,,,,,,0.28200000000000003,83.9691,0.182,83.9691,0.082,83.9691,83.9691,86.46395
584,,,,,,,,,0.28300000000000003,83.9691,0.183,83.9691,0.083,83.9691,83.9691,86.46395
585,,,,,,,,,0.28400000000000003,83.9691,0.184,83.9691,0.084,83.9691,83.9691,86.46395
586,,,,,,,,,0.28500000000000003,83.9691,0.185,83.9691,0.085,83.9691,83.9691,86.46395
587,,,,,,,,,0.28600000000000003,83.9691,0.186,83.9691,0.08600000000000001,83.9691,83.9691,86.46395
588,,,,,,,,,0.28700000000000003,83.9691,0.187,83.9691,0.08700000000000001,83.9691,83.9691,86.46395
589,,,,,,,,,0.28800000000000003,83.9691,0.188,83.9691,0.088,83.9691,83.9691,86.46395
590,,,,,,,,,0.289,83.9691,0.189,83.9691,0.089,83.9691,83.9691,86.46395
591,,,,,,,,,0.29,83.9691,0.19,83.9691,0.09,83.9691,83.9691,86.46395
592,,,,,,,,,0.291,83.9691,0.191,83.9691,0.091,83.9691,83.9691,86.46395
593,,,,,,,,,0.292,83.9691,0.192,83.9691,0.092,83.9691,83.9691,86.46395
594,,,,,,,,,0.293,83.9691,0.193,83.9691,0.093,83.9691,83.9691,86.46395
595,,,,,,,,,0.294,83.9691,0.194,83.9691,0.094,83.9691,83.9691,86.46395
596,,,,,,,,,0.295,83.9691,0.195,83.9691,0.095,83.9691,83.9691,86.46395
597,,,,,,,,,0.296,83.9691,0.196,83.9691,0.096,83.9691,83.9691,86.46395
598,,,,,,,,,0.297,83.9691,0.197,83.9691,0.097,83.9691,83.9691,86.46395
599,,,,,,,,,0.298,83.9691,0.198,83.9691,0.098,83.9691,83.9691,86.46395
600,,,,,,,,,0.299,83.9691,0.199,83.9691,0.099,83.9691,83.9691,86.46395
601,,,,,,,,,0.3,83.9691,0.2,83.9691,0.1,83.9691,83.9691,86.46395
602,,,,,,,,,,,0.201,83.9691,0.101,83.9691,83.9691,86.46395
603,,,,,,,,,,,0.202,83.9691,0.10200000000000001,83.9691,83.9691,86.46395
604,,,,,,,,,,,0.203,83.9691,0.10300000000000001,83.9691,83.9691,86.46395
605,,,,,,,,,,,0.20400000000000001,83.9691,0.10400000000000001,83.9691,83.9691,86.46395
606,,,,,,,,,,,0.20500000000000002,83.9691,0.105,83.9691,83.9691,86.46395
607,,,,,,,,,,,0.20600000000000002,83.9691,0.106,83.9691,83.9691,86.46395
608,,,,,,,,,,,0.20700000000000002,83.9691,0.107,83.9691,83.9691,86.46395
609,,,,,,,,,,,0.20800000000000002,83.9691,0.108,83.9691,83.9691,86.46395
610,,,,,,,,,,,0.209,83.9691,0.109,83.9691,83.9691,86.46395
611,,,,,,,,,,,0.21,83.9691,0.11,83.9691,83.9691,86.46395
612,,,,,,,,,,,0.211,83.9691,0.111,83.9691,83.9691,86.46395
613,,,,,,,,,,,0.212,83.9691,0.112,83.9691,83.9691,86.46395
614,,,,,,,,,,,0.213,83.9691,0.113,83.9691,83.9691,86.46395
615,,,,,,,,,,,0.214,83.9691,0.114,83.9691,83.9691,86.46395
616,,,,,,,,,,,0.215,83.9691,0.115,83.9691,83.9691,86.46395
617,,,,,,,,,,,0.216,83.9691,0.116,83.9691,83.9691,86.46395
618,,,,,,,,,,,0.217,83.9691,0.117,83.9691,83.9691,86.46395
619,,,,,,,,,,,0.218,83.9691,0.11800000000000001,83.9691,83.9691,86.46395
620,,,,,,,,,,,0.219,83.9691,0.11900000000000001,83.9691,83.9691,86.46395
621,,,,,,,,,,,0.22,83.9691,0.12,83.9691,83.9691,86.46395
622,,,,,,,,,,,0.221,83.9691,0.121,83.9691,83.9691,86.46395
623,,,,,,,,,,,0.222,83.9691,0.122,83.9691,83.9691,86.46395
624,,,,,,,,,,,0.223,83.9691,0.123,83.9691,83.9691,86.46395
625,,,,,,,,,,,0.224,83.9691,0.124,83.9691,83.9691,86.46395
626,,,,,,,,,,,0.225,83.9691,0.125,83.9691,83.9691,86.46395
627,,,,,,,,,,,0.226,83.9691,0.126,83.9691,83.9691,86.46395
628,,,,,,,,,,,0.227,83.9691,0.127,83.9691,83.9691,86.46395
629,,,,,,,,,,,0.228,83.9691,0.128,83.9691,83.9691,86.46395
630,,,,,,,,,,,0.229,83.9691,0.129,83.9691,83.9691,86.46395
631,,,,,,,,,,,0.23,83.9691,0.13,83.9691,83.9691,86.46395
632,,,,,,,,,,,0.231,83.9691,0.131,83.9691,83.9691,86.46395
633,,,,,,,,,,,0.232,83.9691,0.132,83.9691,83.9691,86.46395
634,,,,,,,,,,,0.233,83.9691,0.133,83.9691,83.9691,86.46395
635,,,,,,,,,,,0.234,83.9691,0.134,83.9691,83.9691,86.46395
636,,,,,,,,,,,0.23500000000000001,83.9691,0.135,83.9691,83.9691,86.46395
637,,,,,,,,,,,0.23600000000000002,83.9691,0.136,83.9691,83.9691,86.46395
638,,,,,,,,,,,0.23700000000000002,83.9691,0.137,83.9691,83.9691,86.46395
639,,,,,,,,,,,0.23800000000000002,83.9691,0.138,83.9691,83.9691,86.46395
640,,,,,,,,,,,0.23900000000000002,83.9691,0.139,83.9691,83.9691,86.46395
641,,,,,,,,,,,0.24,83.9691,0.14,83.9691,83.9691,86.46395
642,,,,,,,,,,,0.241,83.9691,0.14100000000000001,83.9691,83.9691,86.46395
643,,,,,,,,,,,0.242,83.9691,0.14200000000000002,83.9691,83.9691,86.46395
644,,,,,,,,,,,0.243,83.9691,0.14300000000000002,83.9691,83.9691,86.46395
645,,,,,,,,,,,0.244,83.9691,0.14400000000000002,83.9691,83.9691,86.46395
646,,,,,,,,,,,0.245,83.9691,0.145,83.9691,83.9691,86.46395
647,,,,,,,,,,,0.246,83.9691,0.146,83.9691,83.9691,86.46395
648,,,,,,,,,,,0.247,83.9691,0.147,83.9691,83.9691,86.46395
649,,,,,,,,,,,0.248,83.9691,0.148,83.9691,83.9691,86.46395
650,,,,,,,,,,,0.249,83.9691,0.149,83.9691,83.9691,86.46395
651,,,,,,,,,,,0.25,83.9691,0.15,83.9691,83.9691,86.46395
652,,,,,,,,,,,0.251,83.9691,0.151,83.9691,83.9691,86.46395
653,,,,,,,,,,,0.252,83.9691,0.152,83.9691,83.9691,86.46395
654,,,,,,,,,,,0.253,83.9691,0.153,83.9691,83.9691,86.46395
655,,,,,,,,,,,0.254,83.9691,0.154,83.9691,83.9691,86.46395
656,,,,,,,,,,,0.255,83.9691,0.155,83.9691,83.9691,86.46395
657,,,,,,,,,,,0.256,83.9691,0.156,83.9691,83.9691,86.46395
658,,,,,,,,,,,0.257,83.9691,0.157,83.9691,83.9691,86.46395
659,,,,,,,,,,,0.258,83.9691,0.158,83.9691,83.9691,86.46395
660,,,,,,,,,,,0.259,83.9691,0.159,83.9691,83.9691,86.46395
661,,,,,,,,,,,0.26,83.9691,0.16,83.9691,83.9691,86.46395
662,,,,,,,,,,,0.261,83.9691,0.161,83.9691,83.9691,86.46395
663,,,,,,,,,,,0.262,83.9691,0.162,83.9691,83.9691,86.46395
664,,,,,,,,,,,0.263,83.9691,0.163,83.9691,83.9691,86.46395
665,,,,,,,,,,,0.264,83.9691,0.164,83.9691,83.9691,86.46395
666,,,,,,,,,,,0.265,83.9691,0.165,83.9691,83.9691,86.46395
667,,,,,,,,,,,0.266,83.9691,0.166,83.9691,83.9691,86.46395
668,,,,,,,,,,,0.267,83.9691,0.167,83.9691,83.9691,86.46395
669,,,,,,,,,,,0.268,83.9691,0.168,83.9691,83.9691,86.46395
670,,,,,,,,,,,0.269,83.9691,0.169,83.9691,83.9691,86.46395
671,,,,,,,,,,,0.27,83.9691,0.17,83.9691,83.9691,86.46395
672,,,,,,,,,,,0.271,83.9691,0.171,83.9691,83.9691,86.46395
673,,,,,,,,,,,0.272,83.9691,0.17200000000000001,83.9691,83.9691,86.46395
674,,,,,,,,,,,0.273,83.9691,0.17300000000000001,83.9691,83.9691,86.46395
675,,,,,,,,,,,0.274,83.9691,0.17400000000000002,83.9691,83.9691,86.46395
676,,,,,,,,,,,0.275,83.9691,0.17500000000000002,83.9691,83.9691,86.46395
677,,,,,,,,,,,0.276,83.9691,0.176,83.9691,83.9691,86.46395
678,,,,,,,,,,,0.277,83.9691,0.177,83.9691,83.9691,86.46395
679,,,,,,,,,,,0.278,83.9691,0.178,83.9691,83.9691,86.46395
680,,,,,,,,,,,0.279,83.9691,0.179,83.9691,83.9691,86.46395
681,,,,,,,,,,,0.28,83.9691,0.18,83.9691,83.9691,86.46395
682,,,,,,,,,,,0.281,83.9691,0.181,83.9691,83.9691,86.46395
683,,,,,,,,,,,0.28200000000000003,83.9691,0.182,83.9691,83.9691,86.46395
684,,,,,,,,,,,0.28300000000000003,83.9691,0.183,83.9691,83.9691,86.46395
685,,,,,,,,,,,0.28400000000000003,83.9691,0.184,83.9691,83.9691,86.46395
686,,,,,,,,,,,0.28500000000000003,83.9691,0.185,83.9691,83.9691,86.46395
687,,,,,,,,,,,0.28600000000000003,83.9691,0.186,83.9691,83.9691,86.46395
688,,,,,,,,,,,0.28700000000000003,83.9691,0.187,83.9691,83.9691,86.46395
689,,,,,,,,,,,0.28800000000000003,83.9691,0.188,83.9691,83.9691,86.46395
690,,,,,,,,,,,0.289,83.9691,0.189,83.9691,83.9691,86.46395
691,,,,,,,,,,,0.29,83.9691,0.19,83.9691,83.9691,86.46395
692,,,,,,,,,,,0.291,83.9691,0.191,83.9691,83.9691,86.46395
693,,,,,,,,,,,0.292,83.9691,0.192,83.9691,83.9691,86.46395
694,,,,,,,,,,,0.293,83.9691,0.193,83.9691,83.9691,86.46395
695,,,,,,,,,,,0.294,83.9691,0.194,83.9691,83.9691,86.46395
696,,,,,,,,,,,0.295,83.9691,0.195,83.9691,83.9691,86.46395
697,,,,,,,,,,,0.296,83.9691,0.196,83.9691,83.9691,86.46395
698,,,,,,,,,,,0.297,83.9691,0.197,83.9691,83.9691,86.46395
699,,,,,,,,,,,0.298,83.9691,0.198,83.9691,83.9691,86.46395
700,,,,,,,,,,,0.299,83.9691,0.199,83.9691,83.9691,86.46395
701,,,,,,,,,,,0.3,83.9691,0.2,83.9691,83.9691,86.46395
702,,,,,,,,,,,0.301,83.9691,0.201,83.9691,83.9691,86.46395
703,,,,,,,,,,,0.302,83.9691,0.202,83.9691,83.9691,86.46395
704,,,,,,,,,,,0.303,83.9691,0.203,83.9691,83.9691,86.46395
705,,,,,,,,,,,0.304,83.9691,0.20400000000000001,83.9691,83.9691,86.46395
706,,,,,,,,,,,0.305,83.9691,0.20500000000000002,83.9691,83.9691,86.46395
707,,,,,,,,,,,0.306,83.9691,0.20600000000000002,83.9691,83.9691,86.46395
708,,,,,,,,,,,0.307,83.9691,0.20700000000000002,83.9691,83.9691,86.46395
709,,,,,,,,,,,0.308,83.9691,0.20800000000000002,83.9691,83.9691,86.46395
710,,,,,,,,,,,0.309,83.9691,0.209,83.9691,83.9691,86.46395
711,,,,,,,,,,,0.31,83.9691,0.21,83.9691,83.9691,86.46395
712,,,,,,,,,,,0.311,83.9691,0.211,83.9691,83.9691,86.46395
713,,,,,,,,,,,0.312,83.9691,0.212,83.9691,83.9691,86.46395
714,,,,,,,,,,,0.313,83.9691,0.213,83.9691,83.9691,86.46395
715,,,,,,,,,,,0.314,83.9691,0.214,83.9691,83.9691,86.46395
716,,,,,,,,,,,0.315,83.9691,0.215,83.9691,83.9691,86.46395
717,,,,,,,,,,,0.316,83.9691,0.216,83.9691,83.9691,86.46395
718,,,,,,,,,,,0.317,83.9691,0.217,83.9691,83.9691,86.46395
719,,,,,,,,,,,0.318,83.9691,0.218,83.9691,83.9691,86.46395
720,,,,,,,,,,,0.319,83.9691,0.219,83.9691,83.9691,86.46395
721,,,,,,,,,,,0.32,83.9691,0.22,83.9691,83.9691,86.46395
722,,,,,,,,,,,0.321,83.9691,0.221,83.9691,83.9691,86.46395
723,,,,,,,,,,,0.322,83.9691,0.222,83.9691,83.9691,86.46395
724,,,,,,,,,,,0.323,83.9691,0.223,83.9691,83.9691,86.46395
725,,,,,,,,,,,0.324,83.9691,0.224,83.9691,83.9691,86.46395
726,,,,,,,,,,,0.325,83.9691,0.225,83.9691,83.9691,86.46395
727,,,,,,,,,,,0.326,83.9691,0.226,83.9691,83.9691,86.46395
728,,,,,,,,,,,0.327,83.9691,0.227,83.9691,83.9691,86.46395
729,,,,,,,,,,,0.328,83.9691,0.228,83.9691,83.9691,86.46395
730,,,,,,,,,,,0.329,83.9691,0.229,83.9691,83.9691,86.46395
731,,,,,,,,,,,0.33,83.9691,0.23,83.9691,83.9691,86.46395
732,,,,,,,,,,,0.331,83.9691,0.231,83.9691,83.9691,86.46395
733,,,,,,,,,,,0.332,83.9691,0.232,83.9691,83.9691,86.46395
734,,,,,,,,,,,0.333,83.9691,0.233,83.9691,83.9691,86.46395
735,,,,,,,,,,,0.334,83.9691,0.234,83.9691,83.9691,86.46395
736,,,,,,,,,,,0.335,83.9691,0.23500000000000001,83.9691,83.9691,86.46395
737,,,,,,,,,,,0.336,83.9691,0.23600000000000002,83.9691,83.9691,86.46395
738,,,,,,,,,,,0.337,83.9691,0.23700000000000002,83.9691,83.9691,86.46395
739,,,,,,,,,,,0.338,83.9691,0.23800000000000002,83.9691,83.9691,86.46395
740,,,,,,,,,,,0.339,83.9691,0.23900000000000002,83.9691,83.9691,86.46395
741,,,,,,,,,,,0.34,83.9691,0.24,83.9691,83.9691,86.46395
742,,,,,,,,,,,0.341,83.9691,0.241,83.9691,83.9691,86.46395
743,,,,,,,,,,,0.342,83.9691,0.242,83.9691,83.9691,86.46395
744,,,,,,,,,,,0.343,83.9691,0.243,83.9691,83.9691,86.46395
745,,,,,,,,,,,0.34400000000000003,83.9691,0.244,83.9691,83.9691,86.46395
746,,,,,,,,,,,0.34500000000000003,83.9691,0.245,83.9691,83.9691,86.46395
747,,,,,,,,,,,0.34600000000000003,83.9691,0.246,83.9691,83.9691,86.46395
748,,,,,,,,,,,0.34700000000000003,83.9691,0.247,83.9691,83.9691,86.46395
749,,,,,,,,,,,0.34800000000000003,83.9691,0.248,83.9691,83.9691,86.46395
750,,,,,,,,,,,0.34900000000000003,83.9691,0.249,83.9691,83.9691,86.46395
751,,,,,,,,,,,0.35000000000000003,83.9691,0.25,83.9691,83.9691,86.46395
752,,,,,,,,,,,0.35100000000000003,83.9691,0.251,83.9691,83.9691,86.46395
753,,,,,,,,,,,0.352,83.9691,0.252,83.9691,83.9691,86.46395
754,,,,,,,,,,,0.353,83.9691,0.253,83.9691,83.9691,86.46395
755,,,,,,,,,,,0.354,83.9691,0.254,83.9691,83.9691,86.46395
756,,,,,,,,,,,0.355,83.9691,0.255,83.9691,83.9691,86.46395
757,,,,,,,,,,,0.356,83.9691,0.256,83.9691,83.9691,86.46395
758,,,,,,,,,,,0.357,83.9691,0.257,83.9691,83.9691,86.46395
759,,,,,,,,,,,0.358,83.9691,0.258,83.9691,83.9691,86.46395
760,,,,,,,,,,,0.359,83.9691,0.259,83.9691,83.9691,86.46395
761,,,,,,,,,,,0.36,83.9691,0.26,83.9691,83.9691,86.46395
762,,,,,,,,,,,0.361,83.9691,0.261,83.9691,83.9691,86.46395
763,,,,,,,,,,,0.362,83.9691,0.262,83.9691,83.9691,86.46395
764,,,,,,,,,,,0.363,83.9691,0.263,83.9691,83.9691,86.46395
765,,,,,,,,,,,0.364,83.9691,0.264,83.9691,83.9691,86.46395
766,,,,,,,,,,,0.365,83.9691,0.265,83.9691,83.9691,86.46395
767,,,,,,,,,,,0.366,83.9691,0.266,83.9691,83.9691,86.46395
768,,,,,,,,,,,0.367,83.9691,0.267,83.9691,83.9691,86.46395
769,,,,,,,,,,,0.368,83.9691,0.268,83.9691,83.9691,86.46395
770,,,,,,,,,,,0.369,83.9691,0.269,83.9691,83.9691,86.46395
771,,,,,,,,,,,0.37,83.9691,0.27,83.9691,83.9691,86.46395
772,,,,,,,,,,,0.371,83.9691,0.271,83.9691,83.9691,86.46395
773,,,,,,,,,,,0.372,83.9691,0.272,83.9691,83.9691,86.46395
774,,,,,,,,,,,0.373,83.9691,0.273,83.9691,83.9691,86.46395
775,,,,,,,,,,,0.374,83.9691,0.274,83.9691,83.9691,86.46395
776,,,,,,,,,,,0.375,83.9691,0.275,83.9691,83.9691,86.46395
777,,,,,,,,,,,0.376,83.9691,0.276,83.9691,83.9691,86.46395
778,,,,,,,,,,,0.377,83.9691,0.277,83.9691,83.9691,86.46395
779,,,,,,,,,,,0.378,83.9691,0.278,83.9691,83.9691,86.46395
780,,,,,,,,,,,0.379,83.9691,0.279,83.9691,83.9691,86.46395
781,,,,,,,,,,,0.38,83.9691,0.28,83.9691,83.9691,86.46395
782,,,,,,,,,,,0.381,83.9691,0.281,83.9691,83.9691,86.46395
783,,,,,,,,,,,0.382,83.9691,0.28200000000000003,83.9691,83.9691,86.46395
784,,,,,,,,,,,0.383,83.9691,0.28300000000000003,83.9691,83.9691,86.46395
785,,,,,,,,,,,0.384,83.9691,0.28400000000000003,83.9691,83.9691,86.46395
786,,,,,,,,,,,0.385,83.9691,0.28500000000000003,83.9691,83.9691,86.46395
787,,,,,,,,,,,0.386,83.9691,0.28600000000000003,83.9691,83.9691,86.46395
788,,,,,,,,,,,0.387,83.9691,0.28700000000000003,83.9691,83.9691,86.46395
789,,,,,,,,,,,0.388,83.9691,0.28800000000000003,83.9691,83.9691,86.46395
790,,,,,,,,,,,0.389,83.9691,0.289,83.9691,83.9691,86.46395
791,,,,,,,,,,,0.39,83.9691,0.29,83.9691,83.9691,86.46395
792,,,,,,,,,,,0.391,83.9691,0.291,83.9691,83.9691,86.46395
793,,,,,,,,,,,0.392,83.9691,0.292,83.9691,83.9691,86.46395
794,,,,,,,,,,,0.393,83.9691,0.293,83.9691,83.9691,86.46395
795,,,,,,,,,,,0.394,83.9691,0.294,83.9691,83.9691,86.46395
796,,,,,,,,,,,0.395,83.9691,0.295,83.9691,83.9691,86.46395
797,,,,,,,,,,,0.396,83.9691,0.296,83.9691,83.9691,86.46395
798,,,,,,,,,,,0.397,83.9691,0.297,83.9691,83.9691,86.46395
799,,,,,,,,,,,0.398,83.9691,0.298,83.9691,83.9691,86.46395
800,,,,,,,,,,,0.399,83.9691,0.299,83.9691,83.9691,86.46395
801,,,,,,,,,,,0.4,83.9691,0.3,83.9691,83.9691,86.46395
802,,,,,,,,,,,,,0.301,83.9691,83.9691,86.46395
803,,,,,,,,,,,,,0.302,83.9691,83.9691,86.46395
804,,,,,,,,,,,,,0.303,83.9691,83.9691,86.46395
805,,,,,,,,,,,,,0.304,83.9691,83.9691,86.46395
806,,,,,,,,,,,,,0.305,83.9691,83.9691,86.46395
807,,,,,,,,,,,,,0.306,83.9691,83.9691,86.46395
808,,,,,,,,,,,,,0.307,83.9691,83.9691,86.46395
809,,,,,,,,,,,,,0.308,83.9691,83.9691,86.46395
810,,,,,,,,,,,,,0.309,83.9691,83.9691,86.46395
811,,,,,,,,,,,,,0.31,83.9691,83.9691,86.46395
812,,,,,,,,,,,,,0.311,83.9691,83.9691,86.46395
813,,,,,,,,,,,,,0.312,83.9691,83.9691,86.46395
814,,,,,,,,,,,,,0.313,83.9691,83.9691,86.46395
815,,,,,,,,,,,,,0.314,83.9691,83.9691,86.46395
816,,,,,,,,,,,,,0.315,83.9691,83.9691,86.46395
817,,,,,,,,,,,,,0.316,83.9691,83.9691,86.46395
818,,,,,,,,,,,,,0.317,83.9691,83.9691,86.46395
819,,,,,,,,,,,,,0.318,83.9691,83.9691,86.46395
820,,,,,,,,,,,,,0.319,83.9691,83.9691,86.46395
821,,,,,,,,,,,,,0.32,83.9691,83.9691,86.46395
822,,,,,,,,,,,,,0.321,83.9691,83.9691,86.46395
823,,,,,,,,,,,,,0.322,83.9691,83.9691,86.46395
824,,,,,,,,,,,,,0.323,83.9691,83.9691,86.46395
825,,,,,,,,,,,,,0.324,83.9691,83.9691,86.46395
826,,,,,,,,,,,,,0.325,83.9691,83.9691,86.46395
827,,,,,,,,,,,,,0.326,83.9691,83.9691,86.46395
828,,,,,,,,,,,,,0.327,83.9691,83.9691,86.46395
829,,,,,,,,,,,,,0.328,83.9691,83.9691,86.46395
830,,,,,,,,,,,,,0.329,83.9691,83.9691,86.46395
831,,,,,,,,,,,,,0.33,83.9691,83.9691,86.46395
832,,,,,,,,,,,,,0.331,83.9691,83.9691,86.46395
833,,,,,,,,,,,,,0.332,83.9691,83.9691,86.46395
834,,,,,,,,,,,,,0.333,83.9691,83.9691,86.46395
835,,,,,,,,,,,,,0.334,83.9691,83.9691,86.46395
836,,,,,,,,,,,,,0.335,83.9691,83.9691,86.46395
837,,,,,,,,,,,,,0.336,83.9691,83.9691,86.46395
838,,,,,,,,,,,,,0.337,83.9691,83.9691,86.46395
839,,,,,,,,,,,,,0.338,83.9691,83.9691,86.46395
840,,,,,,,,,,,,,0.339,83.9691,83.9691,86.46395
841,,,,,,,,,,,,,0.34,83.9691,83.9691,86.46395
842,,,,,,,,,,,,,0.341,83.9691,83.9691,86.46395
843,,,,,,,,,,,,,0.342,83.9691,83.9691,86.46395
844,,,,,,,,,,,,,0.343,83.9691,83.9691,86.46395
845,,,,,,,,,,,,,0.34400000000000003,83.9691,83.9691,86.46395
846,,,,,,,,,,,,,0.34500000000000003,83.9691,83.9691,86.46395
847,,,,,,,,,,,,,0.34600000000000003,83.9691,83.9691,86.46395
848,,,,,,,,,,,,,0.34700000000000003,83.9691,83.9691,86.46395
849,,,,,,,,,,,,,0.34800000000000003,83.9691,83.9691,86.46395
850,,,,,,,,,,,,,0.34900000000000003,83.9691,83.9691,86.46395
851,,,,,,,,,,,,,0.35000000000000003,83.9691,83.9691,86.46395
852,,,,,,,,,,,,,0.35100000000000003,83.9691,83.9691,86.46395
853,,,,,,,,,,,,,0.352,83.9691,83.9691,86.46395
854,,,,,,,,,,,,,0.353,83.9691,83.9691,86.46395
855,,,,,,,,,,,,,0.354,83.9691,83.9691,86.46395
856,,,,,,,,,,,,,0.355,83.9691,83.9691,86.46395
857,,,,,,,,,,,,,0.356,83.9691,83.9691,86.46395
858,,,,,,,,,,,,,0.357,83.9691,83.9691,86.46395
859,,,,,,,,,,,,,0.358,83.9691,83.9691,86.46395
860,,,,,,,,,,,,,0.359,83.9691,83.9691,86.46395
861,,,,,,,,,,,,,0.36,83.9691,83.9691,86.46395
862,,,,,,,,,,,,,0.361,83.9691,83.9691,86.46395
863,,,,,,,,,,,,,0.362,83.9691,83.9691,86.46395
864,,,,,,,,,,,,,0.363,83.9691,83.9691,86.46395
865,,,,,,,,,,,,,0.364,83.9691,83.9691,86.46395
866,,,,,,,,,,,,,0.365,83.9691,83.9691,86.46395
867,,,,,,,,,,,,,0.366,83.9691,83.9691,86.46395
868,,,,,,,,,,,,,0.367,83.9691,83.9691,86.46395
869,,,,,,,,,,,,,0.368,83.9691,83.9691,86.46395
870,,,,,,,,,,,,,0.369,83.9691,83.9691,86.46395
871,,,,,,,,,,,,,0.37,83.9691,83.9691,86.46395
872,,,,,,,,,,,,,0.371,83.9691,83.9691,86.46395
873,,,,,,,,,,,,,0.372,83.9691,83.9691,86.46395
874,,,,,,,,,,,,,0.373,83.9691,83.9691,86.46395
875,,,,,,,,,,,,,0.374,83.9691,83.9691,86.46395
876,,,,,,,,,,,,,0.375,83.9691,83.9691,86.46395
877,,,,,,,,,,,,,0.376,83.9691,83.9691,86.46395
878,,,,,,,,,,,,,0.377,83.9691,83.9691,86.46395
879,,,,,,,,,,,,,0.378,83.9691,83.9691,86.46395
880,,,,,,,,,,,,,0.379,83.9691,83.9691,86.46395
881,,,,,,,,,,,,,0.38,83.9691,83.9691,86.46395
882,,,,,,,,,,,,,0.381,83.9691,83.9691,86.46395
883,,,,,,,,,,,,,0.382,83.9691,83.9691,86.46395
884,,,,,,,,,,,,,0.383,83.9691,83.9691,86.46395
885,,,,,,,,,,,,,0.384,83.9691,83.9691,86.46395
886,,,,,,,,,,,,,0.385,83.9691,83.9691,86.46395
887,,,,,,,,,,,,,0.386,83.9691,83.9691,86.46395
888,,,,,,,,,,,,,0.387,83.9691,83.9691,86.46395
889,,,,,,,,,,,,,0.388,83.9691,83.9691,86.46395
890,,,,,,,,,,,,,0.389,83.9691,83.9691,86.46395
891,,,,,,,,,,,,,0.39,83.9691,83.9691,86.46395
892,,,,,,,,,,,,,0.391,83.9691,83.9691,86.46395
893,,,,,,,,,,,,,0.392,83.9691,83.9691,86.46395
894,,,,,,,,,,,,,0.393,83.9691,83.9691,86.46395
895,,,,,,,,,,,,,0.394,83.9691,83.9691,86.46395
896,,,,,,,,,,,,,0.395,83.9691,83.9691,86.46395
897,,,,,,,,,,,,,0.396,83.9691,83.9691,86.46395
898,,,,,,,,,,,,,0.397,83.9691,83.9691,86.46395
899,,,,,,,,,,,,,0.398,83.9691,83.9691,86.46395
900,,,,,,,,,,,,,0.399,83.9691,83.9691,86.46395
901,,,,,,,,,,,,,0.4,83.9691,83.9691,86.46395
902,,,,,,,,,,,,,0.401,83.9691,83.9691,86.46395
903,,,,,,,,,,,,,0.402,83.9691,83.9691,86.46395
904,,,,,,,,,,,,,0.403,83.9691,83.9691,86.46395
905,,,,,,,,,,,,,0.404,83.9691,83.9691,86.46395
906,,,,,,,,,,,,,0.405,83.9691,83.9691,86.46395
907,,,,,,,,,,,,,0.406,83.9691,83.9691,86.46395
908,,,,,,,,,,,,,0.40700000000000003,83.9691,83.9691,86.46395
909,,,,,,,,,,,,,0.40800000000000003,83.9691,83.9691,86.46395
910,,,,,,,,,,,,,0.40900000000000003,83.9691,83.9691,86.46395
911,,,,,,,,,,,,,0.41000000000000003,83.9691,83.9691,86.46395
912,,,,,,,,,,,,,0.41100000000000003,83.9691,83.9691,86.46395
913,,,,,,,,,,,,,0.41200000000000003,83.9691,83.9691,86.46395
914,,,,,,,,,,,,,0.41300000000000003,83.9691,83.9691,86.46395
915,,,,,,,,,,,,,0.41400000000000003,83.9691,83.9691,86.46395
916,,,,,,,,,,,,,0.41500000000000004,83.9691,83.9691,86.46395
917,,,,,,,,,,,,,0.41600000000000004,83.9691,83.9691,86.46395
918,,,,,,,,,,,,,0.417,83.9691,83.9691,86.46395
919,,,,,,,,,,,,,0.418,83.9691,83.9691,86.46395
920,,,,,,,,,,,,,0.419,83.9691,83.9691,86.46395
921,,,,,,,,,,,,,0.42,83.9691,83.9691,86.46395
922,,,,,,,,,,,,,0.421,83.9691,83.9691,86.46395
923,,,,,,,,,,,,,0.422,83.9691,83.9691,86.46395
924,,,,,,,,,,,,,0.423,83.9691,83.9691,86.46395
925,,,,,,,,,,,,,0.424,83.9691,83.9691,86.46395
926,,,,,,,,,,,,,0.425,83.9691,83.9691,86.46395
927,,,,,,,,,,,,,0.426,83.9691,83.9691,86.46395
928,,,,,,,,,,,,,0.427,83.9691,83.9691,86.46395
929,,,,,,,,,,,,,0.428,83.9691,83.9691,86.46395
930,,,,,,,,,,,,,0.429,83.9691,83.9691,86.46395
931,,,,,,,,,,,,,0.43,83.9691,83.9691,86.46395
932,,,,,,,,,,,,,0.431,83.9691,83.9691,86.46395
933,,,,,,,,,,,,,0.432,83.9691,83.9691,86.46395
934,,,,,,,,,,,,,0.433,83.9691,83.9691,86.46395
935,,,,,,,,,,,,,0.434,83.9691,83.9691,86.46395
936,,,,,,,,,,,,,0.435,83.9691,83.9691,86.46395
937,,,,,,,,,,,,,0.436,83.9691,83.9691,86.46395
938,,,,,,,,,,,,,0.437,83.9691,83.9691,86.46395
939,,,,,,,,,,,,,0.438,83.9691,83.9691,86.46395
940,,,,,,,,,,,,,0.439,83.9691,83.9691,86.46395
941,,,,,,,,,,,,,0.44,83.9691,83.9691,86.46395
942,,,,,,,,,,,,,0.441,83.9691,83.9691,86.46395
943,,,,,,,,,,,,,0.442,83.9691,83.9691,86.46395
944,,,,,,,,,,,,,0.443,83.9691,83.9691,86.46395
945,,,,,,,,,,,,,0.444,83.9691,83.9691,86.46395
946,,,,,,,,,,,,,0.445,83.9691,83.9691,86.46395
947,,,,,,,,,,,,,0.446,83.9691,83.9691,86.46395
948,,,,,,,,,,,,,0.447,83.9691,83.9691,86.46395
949,,,,,,,,,,,,,0.448,83.9691,83.9691,86.46395
950,,,,,,,,,,,,,0.449,83.9691,83.9691,86.46395
951,,,,,,,,,,,,,0.45,83.9691,83.9691,86.46395
952,,,,,,,,,,,,,0.451,83.9691,83.9691,86.46395
953,,,,,,,,,,,,,0.452,83.9691,83.9691,86.46395
954,,,,,,,,,,,,,0.453,83.9691,83.9691,86.46395
955,,,,,,,,,,,,,0.454,83.9691,83.9691,86.46395
956,,,,,,,,,,,,,0.455,83.9691,83.9691,86.46395
957,,,,,,,,,,,,,0.456,83.9691,83.9691,86.46395
958,,,,,,,,,,,,,0.457,83.9691,83.9691,86.46395
959,,,,,,,,,,,,,0.458,83.9691,83.9691,86.46395
960,,,,,,,,,,,,,0.459,83.9691,83.9691,86.46395
961,,,,,,,,,,,,,0.46,83.9691,83.9691,86.46395
962,,,,,,,,,,,,,0.461,83.9691,83.9691,86.46395
963,,,,,,,,,,,,,0.462,83.9691,83.9691,86.46395
964,,,,,,,,,,,,,0.463,83.9691,83.9691,86.46395
965,,,,,,,,,,,,,0.464,83.9691,83.9691,86.46395
966,,,,,,,,,,,,,0.465,83.9691,83.9691,86.46395
967,,,,,,,,,,,,,0.466,83.9691,83.9691,86.46395
968,,,,,,,,,,,,,0.467,83.9691,83.9691,86.46395
969,,,,,,,,,,,,,0.468,83.9691,83.9691,86.46395
970,,,,,,,,,,,,,0.46900000000000003,83.9691,83.9691,86.46395
971,,,,,,,,,,,,,0.47000000000000003,83.9691,83.9691,86.46395
972,,,,,,,,,,,,,0.47100000000000003,83.9691,83.9691,86.46395
973,,,,,,,,,,,,,0.47200000000000003,83.9691,83.9691,86.46395
974,,,,,,,,,,,,,0.47300000000000003,83.9691,83.9691,86.46395
975,,,,,,,,,,,,,0.47400000000000003,83.9691,83.9691,86.46395
976,,,,,,,,,,,,,0.47500000000000003,83.9691,83.9691,86.46395
977,,,,,,,,,,,,,0.47600000000000003,83.9691,83.9691,86.46395
978,,,,,,,,,,,,,0.47700000000000004,83.9691,83.9691,86.46395
979,,,,,,,,,,,,,0.47800000000000004,83.9691,83.9691,86.46395
980,,,,,,,,,,,,,0.47900000000000004,83.9691,83.9691,86.46395
981,,,,,,,,,,,,,0.48,83.9691,83.9691,86.46395
982,,,,,,,,,,,,,0.481,83.9691,83.9691,86.46395
983,,,,,,,,,,,,,0.482,83.9691,83.9691,86.46395
984,,,,,,,,,,,,,0.483,83.9691,83.9691,86.46395
985,,,,,,,,,,,,,0.484,83.9691,83.9691,86.46395
986,,,,,,,,,,,,,0.485,83.9691,83.9691,86.46395
987,,,,,,,,,,,,,0.486,83.9691,83.9691,86.46395
988,,,,,,,,,,,,,0.487,83.9691,83.9691,86.46395
989,,,,,,,,,,,,,0.488,83.9691,83.9691,86.46395
990,,,,,,,,,,,,,0.489,83.9691,83.9691,86.46395
991,,,,,,,,,,,,,0.49,83.9691,83.9691,86.46395
992,,,,,,,,,,,,,0.491,83.9691,83.9691,86.46395
993,,,,,,,,,,,,,0.492,83.9691,83.9691,86.46395
994,,,,,,,,,,,,,0.493,83.9691,83.9691,86.46395
995,,,,,,,,,,,,,0.494,83.9691,83.9691,86.46395
996,,,,,,,,,,,,,0.495,83.9691,83.9691,86.46395
997,,,,,,,,,,,,,0.496,83.9691,83.9691,86.46395
998,,,,,,,,,,,,,0.497,83.9691,83.9691,86.46395
999,,,,,,,,,,,,,0.498,83.9691,83.9691,86.46395
1000,,,,,,,,,,,,,0.499,83.9691,83.9691,86.46395
1001,,,,,,,,,,,,,0.5,83.9691,83.9691,86.46395
