,eta(H=0.10),payoff(H=0.10),eta(H=0.20),payoff(H=0.20),eta(H=0.30),payoff(H=0.30),eta(H=0.40),payoff(H=0.40),eta(H=0.50),payoff(H=0.50),pure online,best price
0,0.0,86.22540000000006,0.0,86.22540000000006,0.0,86.22540000000006,0.0,86.22540000000006,0.0,86.22540000000006,84.1728,86.45955000000001
1,0.00101010101010101,86.04443950000004,0.0010050251256281408,85.95940800000005,0.001003344481605351,85.76318300000005,0.0010025062656641604,85.56991100000003,0.001002004008016032,85.22903250000005,84.1728,86.45955000000001
2,0.00202020202020202,86.04849550000009,0.0020100502512562816,85.97996500000004,0.002006688963210702,85.72888400000004,0.0020050125313283208,85.59511350000004,0.002004008016032064,85.22200850000003,84.1728,86.45955000000001
3,0.0030303030303030303,86.05470900000005,0.0030150753768844224,85.98835700000005,0.0030100334448160534,85.74768300000005,0.0030075187969924814,85.57059700000005,0.0030060120240480957,85.28099650000004,84.1728,86.45955000000001
4,0.00404040404040404,86.06413400000005,0.004020100502512563,85.99989550000005,0.004013377926421404,85.73062900000005,0.0040100250626566416,85.55313950000003,0.004008016032064128,85.18838800000003,84.1728,86.45955000000001
5,0.00505050505050505,86.03821950000007,0.0050251256281407045,85.98857650000004,0.005016722408026755,85.73759200000005,0.005012531328320802,85.56345100000003,0.00501002004008016,85.22043450000004,84.1728,86.45955000000001
6,0.006060606060606061,86.04664850000005,0.006030150753768845,85.98722400000005,0.006020066889632107,85.73060200000005,0.006015037593984963,85.58104950000003,0.0060120240480961915,85.16281650000003,84.1728,86.45955000000001
7,0.007070707070707071,86.03293450000004,0.007035175879396985,85.97104300000007,0.007023411371237458,85.74930200000006,0.007017543859649123,85.58414900000004,0.007014028056112224,85.23179100000003,84.1728,86.45955000000001
8,0.00808080808080808,86.03573550000004,0.008040201005025126,85.98180750000006,0.008026755852842809,85.70788400000006,0.008020050125313283,85.57701300000005,0.008016032064128256,85.20909650000004,84.1728,86.45955000000001
9,0.00909090909090909,86.05279950000005,0.009045226130653268,85.96895500000005,0.00903010033444816,85.70694050000006,0.009022556390977444,85.57072300000004,0.009018036072144287,85.25666100000004,84.1728,86.45955000000001
10,0.0101010101010101,86.04334850000005,0.010050251256281409,85.98839100000002,0.01003344481605351,85.72462950000005,0.010025062656641603,85.57367650000002,0.01002004008016032,85.22234500000005,84.1728,86.45955000000001
11,0.011111111111111112,86.02880750000006,0.011055276381909548,85.98014500000004,0.011036789297658861,85.74828200000005,0.011027568922305764,85.56292200000004,0.011022044088176352,85.21656500000003,84.1728,86.45955000000001
12,0.012121212121212121,86.06451350000005,0.01206030150753769,85.98769950000005,0.012040133779264214,85.72720300000006,0.012030075187969926,85.59006300000003,0.012024048096192383,85.23523000000003,84.1728,86.45955000000001
13,0.013131313131313131,86.04321550000004,0.013065326633165831,86.00194150000003,0.013043478260869565,85.76596500000005,0.013032581453634085,85.52902100000003,0.013026052104208416,85.23946200000005,84.1728,86.45955000000001
14,0.014141414141414142,86.04819350000004,0.01407035175879397,85.97322200000005,0.014046822742474915,85.74786200000004,0.014035087719298246,85.58809250000003,0.014028056112224447,85.18106150000003,84.1728,86.45955000000001
15,0.015151515151515152,86.01304050000005,0.015075376884422112,85.99207850000005,0.015050167224080266,85.71965600000007,0.015037593984962405,85.58370350000004,0.01503006012024048,85.24886250000004,84.1728,86.45955000000001
16,0.01616161616161616,86.03714450000003,0.016080402010050253,85.98756500000005,0.016053511705685617,85.74240650000004,0.016040100250626566,85.57054550000004,0.01603206412825651,85.21690650000006,84.1728,86.45955000000001
17,0.01717171717171717,86.06442900000005,0.017085427135678392,85.96440400000003,0.01705685618729097,85.76433600000004,0.017042606516290727,85.53917750000005,0.017034068136272545,85.25101150000003,84.1728,86.45955000000001
18,0.01818181818181818,86.04309150000003,0.018090452261306535,85.96821700000005,0.01806020066889632,85.74232800000003,0.01804511278195489,85.60304400000003,0.018036072144288574,85.22183050000004,84.1728,86.45955000000001
19,0.01919191919191919,86.06458350000005,0.019095477386934675,85.99628100000005,0.01906354515050167,85.73519300000007,0.019047619047619046,85.58500950000001,0.019038076152304607,85.21234450000006,84.1728,86.45955000000001
20,0.0202020202020202,86.04005000000004,0.020100502512562818,85.99642400000008,0.02006688963210702,85.74561600000004,0.020050125313283207,85.58475750000002,0.02004008016032064,85.25527000000004,84.1728,86.45955000000001
21,0.021212121212121213,86.05139750000006,0.021105527638190957,85.98980300000007,0.021070234113712373,85.72903250000005,0.021052631578947368,85.57350750000002,0.02104208416833667,85.20775100000006,84.1728,86.45955000000001
22,0.022222222222222223,86.01716850000005,0.022110552763819097,85.98344050000004,0.022073578595317722,85.73138100000003,0.02205513784461153,85.58096750000001,0.022044088176352703,85.22528350000005,84.1728,86.45955000000001
23,0.023232323232323233,86.06640650000004,0.02311557788944724,85.98738000000006,0.023076923076923075,85.74563200000007,0.02305764411027569,85.59417100000005,0.023046092184368736,85.21856300000005,84.1728,86.45955000000001
24,0.024242424242424242,86.05402400000006,0.02412060301507538,86.01232000000005,0.024080267558528427,85.72448550000004,0.02406015037593985,85.56449650000003,0.024048096192384766,85.20984650000003,84.1728,86.45955000000001
25,0.025252525252525252,86.04400250000003,0.02512562814070352,85.99698900000004,0.025083612040133776,85.70027750000006,0.02506265664160401,85.59785550000004,0.0250501002004008,85.22559800000003,84.1728,86.45955000000001
26,0.026262626262626262,86.04240700000005,0.026130653266331662,85.95687650000005,0.02608695652173913,85.75361200000005,0.02606516290726817,85.59926800000005,0.026052104208416832,85.26889300000003,84.1728,86.45955000000001
27,0.02727272727272727,86.04462950000007,0.0271356783919598,85.98940950000005,0.027090301003344478,85.75498650000006,0.02706766917293233,85.57278850000003,0.027054108216432865,85.26726200000006,84.1728,86.45955000000001
28,0.028282828282828285,86.04880150000004,0.02814070351758794,85.98007500000003,0.02809364548494983,85.76019350000006,0.028070175438596492,85.61046500000002,0.028056112224448895,85.21488900000001,84.1728,86.45955000000001
29,0.029292929292929294,86.03748650000006,0.029145728643216084,85.99287350000006,0.02909698996655518,85.73099700000003,0.029072681704260653,85.55657200000002,0.029058116232464928,85.26404950000004,84.1728,86.45955000000001
30,0.030303030303030304,86.03210050000006,0.030150753768844223,86.01850350000005,0.030100334448160532,85.71070100000003,0.03007518796992481,85.56880350000003,0.03006012024048096,85.22622100000002,84.1728,86.45955000000001
31,0.031313131313131314,86.01925100000005,0.031155778894472366,85.97572100000006,0.03110367892976588,85.72333000000006,0.03107769423558897,85.60721950000003,0.03106212424849699,85.23966500000003,84.1728,86.45955000000001
32,0.03232323232323232,86.04808300000006,0.032160804020100506,85.99421650000002,0.032107023411371234,85.73546100000003,0.03208020050125313,85.59137100000004,0.03206412825651302,85.19576000000004,84.1728,86.45955000000001
33,0.03333333333333333,86.05886050000004,0.033165829145728645,85.97098500000004,0.03311036789297658,85.74239350000006,0.03308270676691729,85.57949450000002,0.033066132264529056,85.20876600000004,84.1728,86.45955000000001
34,0.03434343434343434,86.06462650000006,0.034170854271356785,85.99096400000003,0.03411371237458194,85.72482400000005,0.034085213032581455,85.60216950000003,0.03406813627254509,85.22894350000004,84.1728,86.45955000000001
35,0.03535353535353535,86.03366500000007,0.03517587939698493,85.98846900000004,0.03511705685618729,85.75840700000006,0.03508771929824561,85.57697150000004,0.03507014028056112,85.20505500000003,84.1728,86.45955000000001
36,0.03636363636363636,86.04632750000006,0.03618090452261307,85.97975050000005,0.03612040133779264,85.72680950000006,0.03609022556390978,85.59922250000002,0.03607214428857715,85.20170300000004,84.1728,86.45955000000001
37,0.03737373737373737,86.04001450000004,0.03718592964824121,85.98354400000004,0.03712374581939799,85.73347400000004,0.037092731829573934,85.62205700000001,0.03707414829659318,85.20336850000002,84.1728,86.45955000000001
38,0.03838383838383838,86.06438300000006,0.03819095477386935,85.98424400000003,0.03812709030100334,85.73034150000005,0.03809523809523809,85.54730750000003,0.038076152304609215,85.26124400000005,84.1728,86.45955000000001
39,0.03939393939393939,86.02974100000007,0.03919597989949749,86.00218300000003,0.03913043478260869,85.74146950000004,0.039097744360902256,85.58769900000004,0.03907815631262525,85.26035750000003,84.1728,86.45955000000001
40,0.0404040404040404,85.85286650000006,0.040201005025125636,85.78044200000005,0.04013377926421404,85.42030800000002,0.040100250626566414,85.186929,0.04008016032064128,84.78139800000001,84.1728,86.45955000000001
41,0.04141414141414142,85.85732600000004,0.041206030150753775,85.81388200000004,0.0411371237458194,85.41422550000001,0.04110275689223058,85.17514650000001,0.041082164328657314,84.75236950000001,84.1728,86.45955000000001
42,0.04242424242424243,85.89120150000005,0.042211055276381915,85.78205750000004,0.042140468227424746,85.43418950000004,0.042105263157894736,85.17034800000002,0.04208416833667334,84.80144050000004,84.1728,86.45955000000001
43,0.043434343434343436,85.88314800000003,0.043216080402010054,85.80573200000002,0.043143812709030095,85.39276100000004,0.04310776942355889,85.21952300000004,0.04308617234468937,84.83163250000003,84.1728,86.45955000000001
44,0.044444444444444446,85.94318600000005,0.044221105527638194,85.82588550000003,0.044147157190635444,85.38727600000006,0.04411027568922306,85.20219750000003,0.044088176352705406,84.7499225,84.1728,86.45955000000001
45,0.045454545454545456,85.88741450000005,0.04522613065326633,85.80255000000005,0.0451505016722408,85.42141400000003,0.045112781954887216,85.21130600000001,0.04509018036072144,84.77009650000001,84.1728,86.45955000000001
46,0.046464646464646465,85.89086250000003,0.04623115577889448,85.79440150000002,0.04615384615384615,85.44041500000006,0.04611528822055138,85.21107700000002,0.04609218436873747,84.79819250000001,84.1728,86.45955000000001
47,0.047474747474747475,85.88933500000006,0.04723618090452262,85.79955000000004,0.0471571906354515,85.44340000000007,0.04711779448621554,85.18155650000003,0.047094188376753505,84.781935,84.1728,86.45955000000001
48,0.048484848484848485,85.88352250000007,0.04824120603015076,85.80416150000005,0.048160535117056855,85.42111950000006,0.0481203007518797,85.18388150000001,0.04809619238476953,84.81986350000003,84.1728,86.45955000000001
49,0.049494949494949494,85.89350000000005,0.0492462311557789,85.78928550000003,0.049163879598662204,85.38207000000006,0.04912280701754386,85.1538075,0.049098196392785565,84.78266000000002,84.1728,86.45955000000001
50,0.050505050505050504,85.88182650000002,0.05025125628140704,85.78258500000001,0.05016722408026755,85.43265900000003,0.05012531328320802,85.197701,0.0501002004008016,84.81837700000003,84.1728,86.45955000000001
51,0.051515151515151514,85.88960500000005,0.051256281407035184,85.77425250000002,0.0511705685618729,85.40922950000005,0.05112781954887218,85.2109075,0.05110220440881763,84.76066350000002,84.1728,86.45955000000001
52,0.052525252525252523,85.87732950000004,0.052261306532663324,85.79311300000003,0.05217391304347826,85.41613100000004,0.05213032581453634,85.187531,0.052104208416833664,84.77750950000004,84.1728,86.45955000000001
53,0.05353535353535353,85.89692600000006,0.05326633165829146,85.79002650000004,0.05317725752508361,85.45298350000004,0.053132832080200504,85.1896565,0.0531062124248497,84.7626295,84.1728,86.45955000000001
54,0.05454545454545454,85.90722050000002,0.0542713567839196,85.79014200000005,0.054180602006688956,85.39448100000004,0.05413533834586466,85.20454250000003,0.05410821643286573,84.79393350000001,84.1728,86.45955000000001
55,0.05555555555555555,85.88332450000006,0.05527638190954774,85.78738900000003,0.055183946488294305,85.43009650000005,0.05513784461152882,85.16921250000003,0.055110220440881756,84.77772150000001,84.1728,86.45955000000001
56,0.05656565656565657,85.88731900000005,0.05628140703517588,85.79570700000005,0.05618729096989966,85.46530050000004,0.056140350877192984,85.2091675,0.05611222444889779,84.81401100000002,84.1728,86.45955000000001
57,0.05757575757575758,85.90871700000005,0.05728643216080403,85.77710600000002,0.05719063545150501,85.41527450000005,0.05714285714285714,85.20689150000001,0.05711422845691382,84.79845350000002,84.1728,86.45955000000001
58,0.05858585858585859,85.90434150000004,0.05829145728643217,85.77902700000001,0.05819397993311036,85.40044700000006,0.058145363408521306,85.18547100000004,0.058116232464929855,84.78183900000002,84.1728,86.45955000000001
59,0.0595959595959596,85.88803550000004,0.05929648241206031,85.79933600000004,0.059197324414715716,85.41111800000004,0.05914786967418546,85.16860550000001,0.05911823647294589,84.79199150000002,84.1728,86.45955000000001
60,0.06060606060606061,85.88390050000004,0.06030150753768845,85.81451650000005,0.060200668896321065,85.43550700000006,0.06015037593984962,85.16559250000002,0.06012024048096192,84.79105150000004,84.1728,86.45955000000001
61,0.06161616161616162,85.87490900000007,0.061306532663316586,85.76673700000006,0.061204013377926414,85.40766950000003,0.061152882205513785,85.17068800000004,0.06112224448897795,84.78914250000003,84.1728,86.45955000000001
62,0.06262626262626263,85.90687150000005,0.06231155778894473,85.80698400000004,0.06220735785953176,85.43536550000003,0.06215538847117794,85.18804050000003,0.06212424849699398,84.76404399999998,84.1728,86.45955000000001
63,0.06363636363636363,85.91181950000005,0.06331658291457287,85.80860600000003,0.06321070234113711,85.42338400000004,0.06315789473684211,85.15740100000002,0.06312625250501001,84.80705550000002,84.1728,86.45955000000001
64,0.06464646464646465,85.90403600000005,0.06432160804020101,85.79579450000003,0.06421404682274247,85.44469950000004,0.06416040100250626,85.17996649999999,0.06412825651302605,84.74503600000001,84.1728,86.45955000000001
65,0.06565656565656566,85.88158400000003,0.06532663316582915,85.78690700000004,0.06521739130434782,85.43948200000005,0.06516290726817042,85.18271150000001,0.06513026052104208,84.78244000000002,84.1728,86.45955000000001
66,0.06666666666666667,85.91587200000005,0.06633165829145729,85.80445600000004,0.06622073578595317,85.43664950000006,0.06616541353383458,85.19601500000002,0.06613226452905811,84.79775700000002,84.1728,86.45955000000001
67,0.06767676767676768,85.88435900000005,0.06733668341708543,85.78601050000006,0.06722408026755852,85.41260300000005,0.06716791979949875,85.19684550000004,0.06713426853707415,84.76782600000003,84.1728,86.45955000000001
68,0.06868686868686869,85.90415500000006,0.06834170854271357,85.78996500000004,0.06822742474916388,85.44799300000003,0.06817042606516291,85.193339,0.06813627254509018,84.79026450000002,84.1728,86.45955000000001
69,0.0696969696969697,85.90926450000003,0.06934673366834171,85.77300600000004,0.06923076923076922,85.43352950000005,0.06917293233082707,85.20175650000002,0.06913827655310621,84.77156200000002,84.1728,86.45955000000001
70,0.0707070707070707,85.89013600000004,0.07035175879396986,85.82097250000005,0.07023411371237458,85.43892750000005,0.07017543859649122,85.21877000000002,0.07014028056112225,84.78328050000002,84.1728,86.45955000000001
71,0.07171717171717172,85.90584750000004,0.071356783919598,85.8066325,0.07123745819397992,85.44906550000003,0.07117794486215538,85.20924000000005,0.07114228456913826,84.81135000000003,84.1728,86.45955000000001
72,0.07272727272727272,85.90134100000004,0.07236180904522614,85.79450750000004,0.07224080267558528,85.41867600000003,0.07218045112781955,85.18217600000003,0.0721442885771543,84.78197600000001,84.1728,86.45955000000001
73,0.07373737373737374,85.88915550000006,0.07336683417085428,85.77901200000002,0.07324414715719063,85.41793550000006,0.07318295739348371,85.18681050000004,0.07314629258517033,84.78982050000002,84.1728,86.45955000000001
74,0.07474747474747474,85.90731250000005,0.07437185929648242,85.78514600000003,0.07424749163879597,85.41952550000005,0.07418546365914787,85.19314050000003,0.07414829659318636,84.77547450000003,84.1728,86.45955000000001
75,0.07575757575757576,85.87257800000005,0.07537688442211056,85.81849750000002,0.07525083612040133,85.41111500000005,0.07518796992481203,85.21405850000001,0.0751503006012024,84.76685500000002,84.1728,86.45955000000001
76,0.07676767676767676,85.88969150000005,0.0763819095477387,85.81301250000004,0.07625418060200669,85.40793550000004,0.07619047619047618,85.23153500000002,0.07615230460921843,84.75856250000001,84.1728,86.45955000000001
77,0.07777777777777778,85.89512350000005,0.07738693467336684,85.81797300000002,0.07725752508361203,85.42654800000003,0.07719298245614035,85.24687800000001,0.07715430861723446,84.79197800000003,84.1728,86.45955000000001
78,0.07878787878787878,85.89492150000004,0.07839195979899498,85.78397350000003,0.07826086956521738,85.40514200000004,0.07819548872180451,85.17786800000002,0.0781563126252505,84.77436900000001,84.1728,86.45955000000001
79,0.0797979797979798,85.89598400000006,0.07939698492462312,85.77608900000006,0.07926421404682274,85.43620000000003,0.07919799498746867,85.1780545,0.07915831663326653,84.75767100000003,84.1728,86.45955000000001
80,0.0808080808080808,85.76878850000004,0.08040201005025127,85.65995850000002,0.08026755852842808,85.21651150000004,0.08020050125313283,84.97239849999998,0.08016032064128256,84.5670585,84.1728,86.45955000000001
81,0.08181818181818182,85.73097750000002,0.08140703517587941,85.65034650000004,0.08127090301003344,85.21612400000005,0.08120300751879699,84.95685900000001,0.0811623246492986,84.59923649999999,84.1728,86.45955000000001
82,0.08282828282828283,85.72851750000004,0.08241206030150755,85.6608305,0.0822742474916388,85.20066050000003,0.08220551378446116,84.95243249999999,0.08216432865731463,84.58447750000002,84.1728,86.45955000000001
83,0.08383838383838384,85.77936300000002,0.08341708542713569,85.60852350000003,0.08327759197324414,85.22959850000005,0.08320802005012531,84.96066300000003,0.08316633266533066,84.57677250000002,84.1728,86.45955000000001
84,0.08484848484848485,85.75146050000004,0.08442211055276383,85.63691650000003,0.08428093645484949,85.21156100000002,0.08421052631578947,84.98110249999999,0.08416833667334668,84.57747900000001,84.1728,86.45955000000001
85,0.08585858585858586,85.72133400000003,0.08542713567839197,85.59891350000002,0.08528428093645483,85.22465950000002,0.08521303258145363,84.97936650000001,0.08517034068136271,84.59100100000002,84.1728,86.45955000000001
86,0.08686868686868687,85.75383950000004,0.08643216080402011,85.66767450000003,0.08628762541806019,85.20779350000002,0.08621553884711779,84.980019,0.08617234468937875,84.594814,84.1728,86.45955000000001
87,0.08787878787878788,85.74682350000003,0.08743718592964825,85.65964950000003,0.08729096989966555,85.21225200000003,0.08721804511278196,84.94025350000001,0.08717434869739478,84.5715135,84.1728,86.45955000000001
88,0.08888888888888889,85.77470600000007,0.08844221105527639,85.65462750000003,0.08829431438127089,85.20716450000003,0.08822055137844612,84.92917399999999,0.08817635270541081,84.5640085,84.1728,86.45955000000001
89,0.0898989898989899,85.76886450000003,0.08944723618090453,85.65854100000004,0.08929765886287624,85.23929150000005,0.08922305764411027,84.96019100000001,0.08917835671342685,84.56026299999999,84.1728,86.45955000000001
90,0.09090909090909091,85.74271750000005,0.09045226130653267,85.61746300000004,0.0903010033444816,85.21419100000006,0.09022556390977443,84.949467,0.09018036072144288,84.58937500000003,84.1728,86.45955000000001
91,0.09191919191919191,85.73373100000003,0.09145728643216082,85.63144050000001,0.09130434782608694,85.22063500000004,0.09122807017543859,84.97064800000001,0.09118236472945891,84.60362850000001,84.1728,86.45955000000001
92,0.09292929292929293,85.77527450000005,0.09246231155778896,85.63356250000001,0.0923076923076923,85.21811200000005,0.09223057644110276,84.961483,0.09218436873747494,84.59801850000002,84.1728,86.45955000000001
93,0.09393939393939393,85.73510400000005,0.0934673366834171,85.64754400000001,0.09331103678929765,85.21381350000004,0.09323308270676692,84.97008200000002,0.09318637274549098,84.57215800000003,84.1728,86.45955000000001
94,0.09494949494949495,85.76676300000001,0.09447236180904524,85.65743750000004,0.094314381270903,85.20795050000004,0.09423558897243108,84.96044649999999,0.09418837675350701,84.57060900000002,84.1728,86.45955000000001
95,0.09595959595959595,85.76835950000002,0.09547738693467338,85.63019900000002,0.09531772575250835,85.23103800000004,0.09523809523809523,85.0032635,0.09519038076152304,84.5934155,84.1728,86.45955000000001
96,0.09696969696969697,85.75908950000004,0.09648241206030152,85.61390300000004,0.09632107023411371,85.21867800000004,0.0962406015037594,84.96338899999999,0.09619238476953906,84.61054500000002,84.1728,86.45955000000001
97,0.09797979797979799,85.77307200000003,0.09748743718592966,85.64293750000004,0.09732441471571905,85.23116050000002,0.09724310776942356,84.960437,0.0971943887775551,84.5698725,84.1728,86.45955000000001
98,0.09898989898989899,85.75637000000003,0.0984924623115578,85.65490600000001,0.09832775919732441,85.21790900000005,0.09824561403508772,84.95397000000001,0.09819639278557113,84.58768650000002,84.1728,86.45955000000001
99,0.1,85.78524900000005,0.09949748743718594,85.65939400000003,0.09933110367892975,85.24434750000003,0.09924812030075188,84.985266,0.09919839679358716,84.58414000000002,84.1728,86.45955000000001
100,,,0.10050251256281408,85.62252250000002,0.1003344481605351,85.23520000000005,0.10025062656641603,84.973287,0.1002004008016032,84.59313300000001,84.1728,86.45955000000001
101,,,0.10150753768844221,85.64415750000002,0.10133779264214046,85.22481850000003,0.1012531328320802,84.94102800000002,0.10120240480961923,84.59453900000003,84.1728,86.45955000000001
102,,,0.10251256281407037,85.65530800000002,0.1023411371237458,85.20745300000004,0.10225563909774436,84.95253199999998,0.10220440881763526,84.58767600000002,84.1728,86.45955000000001
103,,,0.10351758793969851,85.65776350000002,0.10334448160535116,85.19905250000002,0.10325814536340852,84.9775845,0.1032064128256513,84.58818000000001,84.1728,86.45955000000001
104,,,0.10452261306532665,85.60554600000003,0.10434782608695652,85.18300400000003,0.10426065162907268,84.97825900000002,0.10420841683366733,84.5688855,84.1728,86.45955000000001
105,,,0.10552763819095479,85.65337800000003,0.10535117056856186,85.18279400000003,0.10526315789473684,84.96569,0.10521042084168336,84.58805400000003,84.1728,86.45955000000001
106,,,0.10653266331658293,85.64419900000004,0.10635451505016721,85.19905200000001,0.10626566416040101,84.97226250000001,0.1062124248496994,84.56135900000001,84.1728,86.45955000000001
107,,,0.10753768844221107,85.64637650000003,0.10735785953177257,85.25055000000002,0.10726817042606517,84.96955399999999,0.10721442885771543,84.578902,84.1728,86.45955000000001
108,,,0.1085427135678392,85.64070600000005,0.10836120401337791,85.25817950000004,0.10827067669172932,84.9505085,0.10821643286573146,84.5745155,84.1728,86.45955000000001
109,,,0.10954773869346734,85.61765450000001,0.10936454849498327,85.21944800000006,0.10927318295739348,84.91864149999999,0.10921843687374748,84.57110400000002,84.1728,86.45955000000001
110,,,0.11055276381909548,85.66806900000002,0.11036789297658861,85.20544050000004,0.11027568922305764,84.9450055,0.11022044088176351,84.592807,84.1728,86.45955000000001
111,,,0.11155778894472362,85.65665200000004,0.11137123745819397,85.20804550000003,0.11127819548872181,84.9997555,0.11122244488977955,84.58097400000001,84.1728,86.45955000000001
112,,,0.11256281407035176,85.63526600000003,0.11237458193979932,85.21590250000004,0.11228070175438597,84.947747,0.11222444889779558,84.59256050000002,84.1728,86.45955000000001
113,,,0.11356783919597992,85.69264000000003,0.11337792642140467,85.23806400000004,0.11328320802005012,84.96855099999999,0.11322645290581161,84.59307850000002,84.1728,86.45955000000001
114,,,0.11457286432160806,85.63596400000003,0.11438127090301002,85.22008650000002,0.11428571428571428,84.95464750000001,0.11422845691382764,84.58557100000002,84.1728,86.45955000000001
115,,,0.1155778894472362,85.67099800000003,0.11538461538461538,85.22043800000003,0.11528822055137844,84.96311099999998,0.11523046092184368,84.5977135,84.1728,86.45955000000001
116,,,0.11658291457286434,85.65262100000002,0.11638795986622072,85.22672300000002,0.11629072681704261,84.95676250000002,0.11623246492985971,84.58607049999998,84.1728,86.45955000000001
117,,,0.11758793969849247,85.66262400000001,0.11739130434782608,85.20459600000005,0.11729323308270677,84.959622,0.11723446893787574,84.5907055,84.1728,86.45955000000001
118,,,0.11859296482412061,85.60494350000002,0.11839464882943143,85.20356450000004,0.11829573934837093,84.98327149999999,0.11823647294589178,84.59735450000001,84.1728,86.45955000000001
119,,,0.11959798994974875,85.61629550000004,0.11939799331103677,85.24128350000005,0.11929824561403508,84.9546445,0.11923847695390781,84.58103650000001,84.1728,86.45955000000001
120,,,0.1206030150753769,85.51267399999999,0.12040133779264213,85.07632550000002,0.12030075187969924,84.84264800000003,0.12024048096192384,84.4977705,84.1728,86.45955000000001
121,,,0.12160804020100503,85.50837450000003,0.12140468227424749,85.08138000000001,0.12130325814536341,84.807167,0.12124248496993988,84.49293750000001,84.1728,86.45955000000001
122,,,0.12261306532663317,85.51015450000001,0.12240802675585283,85.12190450000003,0.12230576441102757,84.8188195,0.1222444889779559,84.4899015,84.1728,86.45955000000001
123,,,0.12361809045226133,85.51844650000002,0.12341137123745818,85.0941855,0.12330827067669173,84.81676299999998,0.12324649298597193,84.50192000000004,84.1728,86.45955000000001
124,,,0.12462311557788947,85.53069000000002,0.12441471571906353,85.10469750000001,0.12431077694235589,84.805281,0.12424849699398796,84.50323,84.1728,86.45955000000001
125,,,0.1256281407035176,85.53805750000001,0.1254180602006689,85.08649600000003,0.12531328320802004,84.83314500000002,0.125250501002004,84.49220500000001,84.1728,86.45955000000001
126,,,0.12663316582914574,85.51120200000001,0.12642140468227422,85.08429850000003,0.12631578947368421,84.80494399999998,0.12625250501002003,84.50772550000002,84.1728,86.45955000000001
127,,,0.12763819095477388,85.521907,0.12742474916387958,85.07464500000003,0.12731829573934836,84.82539549999998,0.12725450901803606,84.48805300000001,84.1728,86.45955000000001
128,,,0.12864321608040202,85.51524050000002,0.12842809364548494,85.07772500000003,0.12832080200501253,84.81885400000002,0.1282565130260521,84.49175,84.1728,86.45955000000001
129,,,0.12964824120603016,85.53413400000002,0.1294314381270903,85.08471450000003,0.1293233082706767,84.799634,0.12925851703406813,84.50073000000003,84.1728,86.45955000000001
130,,,0.1306532663316583,85.53798300000001,0.13043478260869565,85.08093300000004,0.13032581453634084,84.81835000000001,0.13026052104208416,84.49875800000002,84.1728,86.45955000000001
131,,,0.13165829145728644,85.48238750000003,0.13143812709030098,85.08707100000005,0.13132832080200502,84.7958245,0.1312625250501002,84.50094850000002,84.1728,86.45955000000001
132,,,0.13266331658291458,85.53329650000002,0.13244147157190633,85.07894800000004,0.13233082706766916,84.83455049999999,0.13226452905811623,84.50083200000002,84.1728,86.45955000000001
133,,,0.13366834170854272,85.55171950000002,0.1334448160535117,85.0959105,0.13333333333333333,84.81215750000001,0.13326653306613226,84.49127700000003,84.1728,86.45955000000001
134,,,0.13467336683417086,85.52145800000001,0.13444816053511705,85.096359,0.1343358395989975,84.82968449999997,0.1342685370741483,84.49198000000001,84.1728,86.45955000000001
135,,,0.135678391959799,85.50340800000002,0.1354515050167224,85.08118150000001,0.13533834586466165,84.8189305,0.13527054108216433,84.49146800000001,84.1728,86.45955000000001
136,,,0.13668341708542714,85.504357,0.13645484949832776,85.11006,0.13634085213032582,84.81149,0.13627254509018036,84.48888550000001,84.1728,86.45955000000001
137,,,0.13768844221105528,85.51622400000004,0.13745819397993309,85.09393400000003,0.13734335839598996,84.805035,0.1372745490981964,84.48599200000001,84.1728,86.45955000000001
138,,,0.13869346733668342,85.52952400000001,0.13846153846153844,85.08049950000003,0.13834586466165413,84.81197100000001,0.13827655310621242,84.49357800000003,84.1728,86.45955000000001
139,,,0.13969849246231159,85.49594050000002,0.1394648829431438,85.08979600000002,0.1393483709273183,84.83942599999997,0.13927855711422846,84.50167700000003,84.1728,86.45955000000001
140,,,0.14070351758793972,85.515816,0.14046822742474915,85.08972150000002,0.14035087719298245,84.82361799999998,0.1402805611222445,84.51203050000004,84.1728,86.45955000000001
141,,,0.14170854271356786,85.52425500000001,0.1414715719063545,85.08122700000001,0.14135338345864662,84.814561,0.1412825651302605,84.50860250000001,84.1728,86.45955000000001
142,,,0.142713567839196,85.49787200000003,0.14247491638795984,85.0985775,0.14235588972431076,84.8064975,0.14228456913827653,84.50450700000002,84.1728,86.45955000000001
143,,,0.14371859296482414,85.54206300000003,0.1434782608695652,85.09357250000004,0.14335839598997493,84.82737849999998,0.14328657314629256,84.4928565,84.1728,86.45955000000001
144,,,0.14472361809045228,85.51279200000005,0.14448160535117055,85.10622400000003,0.1443609022556391,84.82427849999999,0.1442885771543086,84.50021350000002,84.1728,86.45955000000001
145,,,0.14572864321608042,85.54146700000001,0.1454849498327759,85.08508100000003,0.14536340852130325,84.812227,0.14529058116232463,84.48715750000001,84.1728,86.45955000000001
146,,,0.14673366834170856,85.52344750000002,0.14648829431438126,85.083048,0.14636591478696742,84.8119525,0.14629258517034066,84.50266600000003,84.1728,86.45955000000001
147,,,0.1477386934673367,85.51445950000002,0.14749163879598662,85.07984200000001,0.14736842105263157,84.81691450000001,0.1472945891783567,84.48579950000003,84.1728,86.45955000000001
148,,,0.14874371859296484,85.52000300000003,0.14849498327759195,85.09100900000001,0.14837092731829574,84.83007000000002,0.14829659318637273,84.49651350000002,84.1728,86.45955000000001
149,,,0.14974874371859298,85.52517750000001,0.1494983277591973,85.10395350000005,0.1493734335839599,84.8053405,0.14929859719438876,84.48370200000002,84.1728,86.45955000000001
150,,,0.15075376884422112,85.5188605,0.15050167224080266,85.10257400000002,0.15037593984962405,84.81115849999999,0.1503006012024048,84.5000535,84.1728,86.45955000000001
151,,,0.15175879396984926,85.52120850000001,0.15150501672240801,85.07113450000004,0.15137844611528822,84.82751799999998,0.15130260521042083,84.48597350000003,84.1728,86.45955000000001
152,,,0.1527638190954774,85.54815900000003,0.15250836120401337,85.07190750000002,0.15238095238095237,84.83516850000001,0.15230460921843686,84.4959575,84.1728,86.45955000000001
153,,,0.15376884422110554,85.48345150000002,0.15351170568561873,85.08993300000004,0.15338345864661654,84.81049399999999,0.1533066132264529,84.49123650000001,84.1728,86.45955000000001
154,,,0.15477386934673368,85.5200475,0.15451505016722406,85.08014700000003,0.1543859649122807,84.80968800000001,0.15430861723446893,84.49290000000002,84.1728,86.45955000000001
155,,,0.15577889447236182,85.52849000000002,0.1555183946488294,85.08990900000002,0.15538847117794485,84.83331799999999,0.15531062124248496,84.48869950000002,84.1728,86.45955000000001
156,,,0.15678391959798996,85.5097135,0.15652173913043477,85.06730100000001,0.15639097744360902,84.818937,0.156312625250501,84.491949,84.1728,86.45955000000001
157,,,0.1577889447236181,85.50747500000001,0.15752508361204012,85.05868050000004,0.15739348370927317,84.8080345,0.15731462925851702,84.49365,84.1728,86.45955000000001
158,,,0.15879396984924624,85.49441600000002,0.15852842809364548,85.08583800000002,0.15839598997493734,84.83679949999998,0.15831663326653306,84.4917205,84.1728,86.45955000000001
159,,,0.15979899497487438,85.50187350000002,0.1595317725752508,85.08215800000002,0.1593984962406015,84.82581150000001,0.1593186372745491,84.49402,84.1728,86.45955000000001
160,,,0.16080402010050254,85.423101,0.16053511705685616,84.98556150000002,0.16040100250626566,84.7378115,0.16032064128256512,84.44185600000002,84.1728,86.45955000000001
161,,,0.16180904522613068,85.41784000000001,0.16153846153846152,84.97842500000002,0.16140350877192983,84.71382749999998,0.16132264529058116,84.43973900000002,84.1728,86.45955000000001
162,,,0.16281407035175882,85.41724250000003,0.16254180602006688,84.99998250000002,0.16240601503759397,84.70709150000002,0.1623246492985972,84.43679200000003,84.1728,86.45955000000001
163,,,0.16381909547738696,85.42000900000002,0.16354515050167223,84.9942715,0.16340852130325814,84.73262350000002,0.16332665330661322,84.43921950000004,84.1728,86.45955000000001
164,,,0.1648241206030151,85.42164250000003,0.1645484949832776,84.98151950000002,0.1644110275689223,84.714156,0.16432865731462926,84.43438400000001,84.1728,86.45955000000001
165,,,0.16582914572864324,85.42218150000004,0.16555183946488292,84.9794035,0.16541353383458646,84.732265,0.1653306613226453,84.4462225,84.1728,86.45955000000001
166,,,0.16683417085427138,85.43866999999999,0.16655518394648827,84.97967650000002,0.16641604010025063,84.7149995,0.16633266533066132,84.44681050000003,84.1728,86.45955000000001
167,,,0.16783919597989952,85.41728050000002,0.16755852842809363,84.99580550000003,0.16741854636591477,84.7198905,0.16733466933867733,84.43759000000003,84.1728,86.45955000000001
168,,,0.16884422110552766,85.42652450000001,0.16856187290969898,84.98841050000001,0.16842105263157894,84.72531,0.16833667334669336,84.44408000000001,84.1728,86.45955000000001
169,,,0.1698492462311558,85.42399300000002,0.16956521739130434,84.99514500000001,0.16942355889724312,84.73554900000002,0.1693386773547094,84.43365000000003,84.1728,86.45955000000001
170,,,0.17085427135678394,85.44508600000002,0.17056856187290967,84.98996650000001,0.17042606516290726,84.72047899999998,0.17034068136272543,84.45421600000002,84.1728,86.45955000000001
171,,,0.17185929648241208,85.39849050000002,0.17157190635451502,84.98000750000001,0.17142857142857143,84.7139855,0.17134268537074146,84.44032700000001,84.1728,86.45955000000001
172,,,0.17286432160804022,85.415089,0.17257525083612038,84.98228550000002,0.17243107769423557,84.72398949999999,0.1723446893787575,84.43169200000003,84.1728,86.45955000000001
173,,,0.17386934673366836,85.44324000000003,0.17357859531772574,84.97926500000003,0.17343358395989975,84.71575750000002,0.17334669338677353,84.43731550000003,84.1728,86.45955000000001
174,,,0.1748743718592965,85.40105100000004,0.1745819397993311,84.977977,0.17443609022556392,84.729153,0.17434869739478956,84.434026,84.1728,86.45955000000001
175,,,0.17587939698492464,85.4095785,0.17558528428093645,84.98272750000004,0.17543859649122806,84.72842,0.1753507014028056,84.4391095,84.1728,86.45955000000001
176,,,0.17688442211055277,85.38739100000001,0.17658862876254178,84.9914755,0.17644110275689223,84.71422850000002,0.17635270541082163,84.44461300000002,84.1728,86.45955000000001
177,,,0.17788944723618091,85.38717350000003,0.17759197324414713,84.9705755,0.17744360902255638,84.716857,0.17735470941883766,84.44219550000003,84.1728,86.45955000000001
178,,,0.17889447236180905,85.40507750000002,0.1785953177257525,84.97842250000004,0.17844611528822055,84.7406945,0.1783567134268537,84.43919600000004,84.1728,86.45955000000001
179,,,0.1798994974874372,85.42121500000002,0.17959866220735785,84.9851945,0.17944862155388472,84.712918,0.17935871743486972,84.43907450000003,84.1728,86.45955000000001
180,,,0.18090452261306533,85.417336,0.1806020066889632,84.99437200000003,0.18045112781954886,84.7272025,0.18036072144288576,84.43271700000003,84.1728,86.45955000000001
181,,,0.18190954773869347,85.41916750000001,0.18160535117056853,84.9891795,0.18145363408521303,84.7105595,0.1813627254509018,84.43522050000001,84.1728,86.45955000000001
182,,,0.18291457286432164,85.4086965,0.18260869565217389,85.0065505,0.18245614035087718,84.73361400000002,0.18236472945891782,84.43801100000002,84.1728,86.45955000000001
183,,,0.18391959798994978,85.4059215,0.18361204013377924,85.00737700000002,0.18345864661654135,84.73729200000001,0.18336673346693386,84.436093,84.1728,86.45955000000001
184,,,0.18492462311557792,85.437448,0.1846153846153846,85.00014750000003,0.18446115288220552,84.72111699999998,0.1843687374749499,84.44571500000002,84.1728,86.45955000000001
185,,,0.18592964824120606,85.39683900000003,0.18561872909698995,84.972969,0.18546365914786966,84.7268645,0.18537074148296592,84.43972600000001,84.1728,86.45955000000001
186,,,0.1869346733668342,85.42931100000001,0.1866220735785953,84.98590550000003,0.18646616541353384,84.74201099999998,0.18637274549098196,84.43560850000001,84.1728,86.45955000000001
187,,,0.18793969849246234,85.45102050000003,0.18762541806020064,84.99218600000002,0.18746867167919798,84.72213300000001,0.187374749498998,84.443325,84.1728,86.45955000000001
188,,,0.18894472361809048,85.41257900000002,0.188628762541806,84.98940200000001,0.18847117794486215,84.73235050000002,0.18837675350701402,84.4430595,84.1728,86.45955000000001
189,,,0.18994974874371862,85.43342100000001,0.18963210702341135,84.99825100000004,0.18947368421052632,84.73382499999998,0.18937875751503006,84.43736299999999,84.1728,86.45955000000001
190,,,0.19095477386934676,85.42282050000001,0.1906354515050167,85.00714300000003,0.19047619047619047,84.72318450000002,0.1903807615230461,84.44545600000001,84.1728,86.45955000000001
191,,,0.1919597989949749,85.43938700000004,0.19163879598662206,84.98158000000002,0.19147869674185464,84.742403,0.19138276553106212,84.4331025,84.1728,86.45955000000001
192,,,0.19296482412060303,85.39521600000002,0.19264214046822742,84.99763750000002,0.1924812030075188,84.71284,0.19238476953907813,84.44031400000003,84.1728,86.45955000000001
193,,,0.19396984924623117,85.40031050000002,0.19364548494983275,84.97080200000002,0.19348370927318295,84.726554,0.19338677354709416,84.4468805,84.1728,86.45955000000001
194,,,0.1949748743718593,85.41874650000001,0.1946488294314381,85.01205450000002,0.19448621553884712,84.72334449999998,0.1943887775551102,84.4470105,84.1728,86.45955000000001
195,,,0.19597989949748745,85.44441350000001,0.19565217391304346,84.98772150000002,0.19548872180451127,84.72227799999999,0.19539078156312623,84.4429585,84.1728,86.45955000000001
196,,,0.1969849246231156,85.41228300000002,0.19665551839464882,84.98766000000002,0.19649122807017544,84.7229365,0.19639278557114226,84.43658400000002,84.1728,86.45955000000001
197,,,0.19798994974874373,85.373074,0.19765886287625417,84.98955400000003,0.1974937343358396,84.7365935,0.1973947895791583,84.43682400000003,84.1728,86.45955000000001
198,,,0.19899497487437187,85.41134750000002,0.1986622073578595,84.97546050000003,0.19849624060150375,84.730812,0.19839679358717432,84.44061350000001,84.1728,86.45955000000001
199,,,0.2,85.41221850000002,0.19966555183946486,85.00540800000003,0.19949874686716793,84.71747199999997,0.19939879759519036,84.44519900000002,84.1728,86.45955000000001
200,,,,,0.2006688963210702,84.90173800000004,0.20050125313283207,84.63799500000002,0.2004008016032064,84.39057900000003,84.1728,86.45955000000001
201,,,,,0.20167224080267557,84.8926045,0.20150375939849624,84.643427,0.20140280561122242,84.40066400000002,84.1728,86.45955000000001
202,,,,,0.20267558528428092,84.911347,0.2025062656641604,84.65389449999999,0.20240480961923846,84.4004115,84.1728,86.45955000000001
203,,,,,0.20367892976588628,84.91119350000001,0.20350877192982456,84.63437000000002,0.2034068136272545,84.39005900000002,84.1728,86.45955000000001
204,,,,,0.2046822742474916,84.92028750000003,0.20451127819548873,84.64679100000002,0.20440881763527052,84.40230200000002,84.1728,86.45955000000001
205,,,,,0.20568561872909696,84.91634800000001,0.20551378446115287,84.651793,0.20541082164328656,84.39413950000002,84.1728,86.45955000000001
206,,,,,0.20668896321070232,84.896365,0.20651629072681704,84.6420345,0.2064128256513026,84.39340850000004,84.1728,86.45955000000001
207,,,,,0.20769230769230768,84.90476050000002,0.2075187969924812,84.65196149999998,0.20741482965931862,84.39646150000002,84.1728,86.45955000000001
208,,,,,0.20869565217391303,84.90616600000001,0.20852130325814536,84.6355685,0.20841683366733466,84.38963750000002,84.1728,86.45955000000001
209,,,,,0.20969899665551836,84.92240450000001,0.20952380952380953,84.6654025,0.2094188376753507,84.39029550000002,84.1728,86.45955000000001
210,,,,,0.21070234113712372,84.89397800000002,0.21052631578947367,84.64327250000001,0.21042084168336672,84.39054100000001,84.1728,86.45955000000001
211,,,,,0.21170568561872907,84.91168900000001,0.21152882205513784,84.64394050000001,0.21142284569138275,84.39407500000003,84.1728,86.45955000000001
212,,,,,0.21270903010033443,84.90540900000002,0.21253132832080202,84.65292050000001,0.2124248496993988,84.40213500000002,84.1728,86.45955000000001
213,,,,,0.21371237458193978,84.92806400000002,0.21353383458646616,84.65060150000002,0.21342685370741482,84.39062500000003,84.1728,86.45955000000001
214,,,,,0.21471571906354514,84.90725750000001,0.21453634085213033,84.636106,0.21442885771543085,84.39397100000004,84.1728,86.45955000000001
215,,,,,0.21571906354515047,84.92094600000003,0.21553884711779447,84.6535835,0.2154308617234469,84.39484500000002,84.1728,86.45955000000001
216,,,,,0.21672240802675583,84.91118600000001,0.21654135338345865,84.64783750000001,0.21643286573146292,84.39537350000002,84.1728,86.45955000000001
217,,,,,0.21772575250836118,84.91494400000002,0.21754385964912282,84.64378800000001,0.21743486973947895,84.39002750000002,84.1728,86.45955000000001
218,,,,,0.21872909698996654,84.9007215,0.21854636591478696,84.64989150000001,0.21843687374749496,84.39247100000003,84.1728,86.45955000000001
219,,,,,0.2197324414715719,84.89989800000004,0.21954887218045113,84.6456565,0.219438877755511,84.41015850000004,84.1728,86.45955000000001
220,,,,,0.22073578595317722,84.9256745,0.22055137844611528,84.6564915,0.22044088176352702,84.40076100000002,84.1728,86.45955000000001
221,,,,,0.22173913043478258,84.8884625,0.22155388471177945,84.65056950000002,0.22144288577154306,84.38984700000003,84.1728,86.45955000000001
222,,,,,0.22274247491638793,84.90375900000001,0.22255639097744362,84.64931150000004,0.2224448897795591,84.39262000000002,84.1728,86.45955000000001
223,,,,,0.2237458193979933,84.92510250000002,0.22355889724310776,84.65868050000002,0.22344689378757512,84.39955200000001,84.1728,86.45955000000001
224,,,,,0.22474916387959865,84.92981700000001,0.22456140350877193,84.65445000000001,0.22444889779559116,84.39538950000001,84.1728,86.45955000000001
225,,,,,0.225752508361204,84.9056685,0.22556390977443608,84.64458350000001,0.2254509018036072,84.39712450000002,84.1728,86.45955000000001
226,,,,,0.22675585284280933,84.89698700000001,0.22656641604010025,84.645918,0.22645290581162322,84.38962350000001,84.1728,86.45955000000001
227,,,,,0.2277591973244147,84.91010800000001,0.22756892230576442,84.65243600000001,0.22745490981963926,84.40215600000002,84.1728,86.45955000000001
228,,,,,0.22876254180602004,84.91778500000001,0.22857142857142856,84.65115950000002,0.2284569138276553,84.38614600000002,84.1728,86.45955000000001
229,,,,,0.2297658862876254,84.89076750000001,0.22957393483709274,84.6442495,0.22945891783567132,84.39498250000001,84.1728,86.45955000000001
230,,,,,0.23076923076923075,84.9140945,0.23057644110275688,84.64265600000002,0.23046092184368736,84.38821,84.1728,86.45955000000001
231,,,,,0.23177257525083608,84.92389950000002,0.23157894736842105,84.64008650000001,0.2314629258517034,84.39451550000003,84.1728,86.45955000000001
232,,,,,0.23277591973244144,84.91256600000001,0.23258145363408522,84.6444935,0.23246492985971942,84.39293900000003,84.1728,86.45955000000001
233,,,,,0.2337792642140468,84.90838850000003,0.23358395989974937,84.64675350000002,0.23346693386773545,84.39132400000003,84.1728,86.45955000000001
234,,,,,0.23478260869565215,84.90890650000003,0.23458646616541354,84.63745200000001,0.2344689378757515,84.3982,84.1728,86.45955000000001
235,,,,,0.2357859531772575,84.91302300000004,0.23558897243107768,84.6470975,0.23547094188376752,84.39449250000003,84.1728,86.45955000000001
236,,,,,0.23678929765886286,84.90607849999998,0.23659147869674185,84.63742850000001,0.23647294589178355,84.39483150000001,84.1728,86.45955000000001
237,,,,,0.2377926421404682,84.92287150000003,0.23759398496240602,84.63557200000001,0.2374749498997996,84.39367300000002,84.1728,86.45955000000001
238,,,,,0.23879598662207355,84.91450400000002,0.23859649122807017,84.642642,0.23847695390781562,84.39024700000002,84.1728,86.45955000000001
239,,,,,0.2397993311036789,84.91429400000003,0.23959899749373434,84.64236000000001,0.23947895791583165,84.39323850000002,84.1728,86.45955000000001
240,,,,,0.24080267558528426,84.83422,0.24060150375939848,84.59894100000001,0.24048096192384769,84.355979,84.1728,86.45955000000001
241,,,,,0.24180602006688962,84.84656900000002,0.24160401002506265,84.59052549999998,0.24148296593186372,84.35328350000002,84.1728,86.45955000000001
242,,,,,0.24280936454849497,84.83866300000001,0.24260651629072683,84.5864115,0.24248496993987975,84.35581850000001,84.1728,86.45955000000001
243,,,,,0.2438127090301003,84.84761850000001,0.24360902255639097,84.58737800000003,0.24348697394789579,84.35991750000002,84.1728,86.45955000000001
244,,,,,0.24481605351170566,84.84346750000002,0.24461152882205514,84.5990185,0.2444889779559118,84.35006600000001,84.1728,86.45955000000001
245,,,,,0.245819397993311,84.84993300000002,0.24561403508771928,84.5857995,0.24549098196392782,84.35514200000001,84.1728,86.45955000000001
246,,,,,0.24682274247491637,84.84515950000001,0.24661654135338346,84.590298,0.24649298597194386,84.35360900000002,84.1728,86.45955000000001
247,,,,,0.24782608695652172,84.83167800000001,0.24761904761904763,84.58347649999999,0.2474949899799599,84.35254800000003,84.1728,86.45955000000001
248,,,,,0.24882943143812705,84.84202850000001,0.24862155388471177,84.58323600000001,0.24849699398797592,84.3581495,84.1728,86.45955000000001
249,,,,,0.2498327759197324,84.8334355,0.24962406015037594,84.589706,0.24949899799599196,84.35549700000001,84.1728,86.45955000000001
250,,,,,0.2508361204013378,84.84071500000002,0.2506265664160401,84.58102600000001,0.250501002004008,84.35273400000001,84.1728,86.45955000000001
251,,,,,0.2518394648829431,84.84470900000002,0.25162907268170426,84.5845805,0.251503006012024,84.34489100000002,84.1728,86.45955000000001
252,,,,,0.25284280936454845,84.82352,0.25263157894736843,84.5825255,0.25250501002004005,84.35774900000001,84.1728,86.45955000000001
253,,,,,0.25384615384615383,84.8450195,0.2536340852130326,84.587477,0.2535070140280561,84.35277200000002,84.1728,86.45955000000001
254,,,,,0.25484949832775916,84.83971749999999,0.2546365914786967,84.58482000000001,0.2545090180360721,84.35327250000003,84.1728,86.45955000000001
255,,,,,0.25585284280936454,84.84442999999999,0.2556390977443609,84.58791700000002,0.25551102204408815,84.3564295,84.1728,86.45955000000001
256,,,,,0.2568561872909699,84.83335600000001,0.25664160401002506,84.597309,0.2565130260521042,84.3567295,84.1728,86.45955000000001
257,,,,,0.2578595317725752,84.8454515,0.25764411027568923,84.5927545,0.2575150300601202,84.35001550000001,84.1728,86.45955000000001
258,,,,,0.2588628762541806,84.83876000000001,0.2586466165413534,84.58184000000001,0.25851703406813625,84.35919700000002,84.1728,86.45955000000001
259,,,,,0.2598662207357859,84.838543,0.2596491228070175,84.59184450000001,0.2595190380761523,84.35650550000003,84.1728,86.45955000000001
260,,,,,0.2608695652173913,84.84475,0.2606516290726817,84.59236500000002,0.2605210420841683,84.35491250000001,84.1728,86.45955000000001
261,,,,,0.2618729096989966,84.82561050000001,0.26165413533834586,84.57873550000002,0.26152304609218435,84.35414300000004,84.1728,86.45955000000001
262,,,,,0.26287625418060195,84.85203100000003,0.26265664160401003,84.5793945,0.2625250501002004,84.35941100000001,84.1728,86.45955000000001
263,,,,,0.26387959866220734,84.83398600000001,0.2636591478696742,84.583776,0.2635270541082164,84.35877950000001,84.1728,86.45955000000001
264,,,,,0.26488294314381267,84.83685050000001,0.2646616541353383,84.57803150000001,0.26452905811623245,84.3506145,84.1728,86.45955000000001
265,,,,,0.26588628762541805,84.83146850000001,0.2656641604010025,84.58761200000001,0.2655310621242485,84.35423850000004,84.1728,86.45955000000001
266,,,,,0.2668896321070234,84.833885,0.26666666666666666,84.58773399999998,0.2665330661322645,84.34956000000003,84.1728,86.45955000000001
267,,,,,0.26789297658862876,84.84963400000001,0.26766917293233083,84.58478499999998,0.26753507014028055,84.350288,84.1728,86.45955000000001
268,,,,,0.2688963210702341,84.82482600000002,0.268671679197995,84.58490900000001,0.2685370741482966,84.34842500000003,84.1728,86.45955000000001
269,,,,,0.2698996655518394,84.83580800000001,0.2696741854636591,84.59064650000002,0.2695390781563126,84.35962250000001,84.1728,86.45955000000001
270,,,,,0.2709030100334448,84.84281200000002,0.2706766917293233,84.583374,0.27054108216432865,84.35099100000002,84.1728,86.45955000000001
271,,,,,0.27190635451505013,84.85125500000001,0.27167919799498746,84.57741200000001,0.2715430861723447,84.353378,84.1728,86.45955000000001
272,,,,,0.2729096989966555,84.82745950000002,0.27268170426065164,84.58296900000002,0.2725450901803607,84.34788350000001,84.1728,86.45955000000001
273,,,,,0.27391304347826084,84.85105050000001,0.2736842105263158,84.596444,0.27354709418837675,84.35610450000001,84.1728,86.45955000000001
274,,,,,0.27491638795986617,84.85089350000003,0.2746867167919799,84.57442400000001,0.2745490981963928,84.35116200000002,84.1728,86.45955000000001
275,,,,,0.27591973244147155,84.82872300000002,0.2756892230576441,84.58646700000001,0.2755511022044088,84.3510645,84.1728,86.45955000000001
276,,,,,0.2769230769230769,84.83436150000001,0.27669172932330827,84.5926345,0.27655310621242485,84.35423150000001,84.1728,86.45955000000001
277,,,,,0.27792642140468227,84.83817250000001,0.27769423558897244,84.5777205,0.2775551102204409,84.35230000000003,84.1728,86.45955000000001
278,,,,,0.2789297658862876,84.82996050000001,0.2786967418546366,84.595433,0.2785571142284569,84.35333550000003,84.1728,86.45955000000001
279,,,,,0.2799331103678929,84.8231445,0.2796992481203007,84.59099700000002,0.27955911823647295,84.35577850000001,84.1728,86.45955000000001
280,,,,,0.2809364548494983,84.767578,0.2807017543859649,84.53851,0.280561122244489,84.30515550000003,84.1728,86.45955000000001
281,,,,,0.28193979933110364,84.76781650000001,0.28170426065162907,84.5359855,0.281563126252505,84.31152600000003,84.1728,86.45955000000001
282,,,,,0.282943143812709,84.78068249999998,0.28270676691729324,84.53268250000002,0.282565130260521,84.31249,84.1728,86.45955000000001
283,,,,,0.28394648829431435,84.775186,0.2837092731829574,84.547797,0.283567134268537,84.30786750000001,84.1728,86.45955000000001
284,,,,,0.2849498327759197,84.77029099999999,0.2847117794486215,84.537642,0.28456913827655306,84.307034,84.1728,86.45955000000001
285,,,,,0.28595317725752506,84.7700465,0.2857142857142857,84.53578700000003,0.2855711422845691,84.3097035,84.1728,86.45955000000001
286,,,,,0.2869565217391304,84.775666,0.28671679197994987,84.53282900000002,0.2865731462925851,84.29883600000002,84.1728,86.45955000000001
287,,,,,0.28795986622073577,84.76174400000001,0.28771929824561404,84.54163900000003,0.28757515030060116,84.30948950000001,84.1728,86.45955000000001
288,,,,,0.2889632107023411,84.77469150000005,0.2887218045112782,84.52799650000001,0.2885771543086172,84.30851550000003,84.1728,86.45955000000001
289,,,,,0.2899665551839465,84.76604100000002,0.28972431077694233,84.5312935,0.2895791583166332,84.30018600000002,84.1728,86.45955000000001
290,,,,,0.2909698996655518,84.779852,0.2907268170426065,84.532975,0.29058116232464926,84.29695350000003,84.1728,86.45955000000001
291,,,,,0.29197324414715714,84.76839900000002,0.29172932330827067,84.54007399999999,0.2915831663326653,84.30277850000002,84.1728,86.45955000000001
292,,,,,0.2929765886287625,84.7684095,0.29273182957393484,84.5282705,0.2925851703406813,84.30878450000002,84.1728,86.45955000000001
293,,,,,0.29397993311036785,84.76241200000001,0.293734335839599,84.5317295,0.29358717434869736,84.30405500000002,84.1728,86.45955000000001
294,,,,,0.29498327759197324,84.754318,0.29473684210526313,84.53366000000003,0.2945891783567134,84.30115900000001,84.1728,86.45955000000001
295,,,,,0.29598662207357856,84.7704315,0.2957393483709273,84.5246085,0.2955911823647294,84.30400900000002,84.1728,86.45955000000001
296,,,,,0.2969899665551839,84.75981000000002,0.2967418546365915,84.539701,0.29659318637274545,84.30054900000002,84.1728,86.45955000000001
297,,,,,0.2979933110367893,84.76160450000002,0.29774436090225564,84.54705650000001,0.2975951903807615,84.31509700000001,84.1728,86.45955000000001
298,,,,,0.2989966555183946,84.7966215,0.2987468671679198,84.5309795,0.2985971943887775,84.31006550000002,84.1728,86.45955000000001
299,,,,,0.3,84.769148,0.29974937343358393,84.52529900000002,0.29959919839679355,84.30298750000003,84.1728,86.45955000000001
300,,,,,,,0.3007518796992481,84.5262225,0.3006012024048096,84.29816050000002,84.1728,86.45955000000001
301,,,,,,,0.3017543859649123,84.5333825,0.3016032064128256,84.30026950000001,84.1728,86.45955000000001
302,,,,,,,0.30275689223057645,84.53811000000002,0.30260521042084165,84.304162,84.1728,86.45955000000001
303,,,,,,,0.3037593984962406,84.52332249999999,0.3036072144288577,84.31477150000003,84.1728,86.45955000000001
304,,,,,,,0.30476190476190473,84.53167500000002,0.3046092184368737,84.30143800000002,84.1728,86.45955000000001
305,,,,,,,0.3057644110275689,84.54432449999999,0.30561122244488975,84.30680000000001,84.1728,86.45955000000001
306,,,,,,,0.3067669172932331,84.53208850000001,0.3066132264529058,84.30072900000003,84.1728,86.45955000000001
307,,,,,,,0.30776942355889725,84.5410375,0.3076152304609218,84.30107250000002,84.1728,86.45955000000001
308,,,,,,,0.3087719298245614,84.52641550000001,0.30861723446893785,84.30578150000002,84.1728,86.45955000000001
309,,,,,,,0.30977443609022554,84.52789650000001,0.3096192384769539,84.31076000000002,84.1728,86.45955000000001
310,,,,,,,0.3107769423558897,84.52705550000002,0.3106212424849699,84.30571450000002,84.1728,86.45955000000001
311,,,,,,,0.3117794486215539,84.5341245,0.31162324649298595,84.29485750000002,84.1728,86.45955000000001
312,,,,,,,0.31278195488721805,84.52396350000001,0.312625250501002,84.30086650000001,84.1728,86.45955000000001
313,,,,,,,0.3137844611528822,84.534102,0.313627254509018,84.3068415,84.1728,86.45955000000001
314,,,,,,,0.31478696741854634,84.53222600000002,0.31462925851703405,84.3088165,84.1728,86.45955000000001
315,,,,,,,0.3157894736842105,84.523542,0.3156312625250501,84.30694400000002,84.1728,86.45955000000001
316,,,,,,,0.3167919799498747,84.54389200000001,0.3166332665330661,84.30588050000003,84.1728,86.45955000000001
317,,,,,,,0.31779448621553885,84.535821,0.31763527054108215,84.30547650000001,84.1728,86.45955000000001
318,,,,,,,0.318796992481203,84.5385785,0.3186372745490982,84.31185700000002,84.1728,86.45955000000001
319,,,,,,,0.31979949874686714,84.5343255,0.3196392785571142,84.3001605,84.1728,86.45955000000001
320,,,,,,,0.3208020050125313,84.4771035,0.32064128256513025,84.26115750000002,84.1728,86.45955000000001
321,,,,,,,0.3218045112781955,84.4766545,0.3216432865731463,84.25233250000004,84.1728,86.45955000000001
322,,,,,,,0.32280701754385965,84.474936,0.3226452905811623,84.25535750000003,84.1728,86.45955000000001
323,,,,,,,0.3238095238095238,84.48047799999999,0.32364729458917835,84.26369450000003,84.1728,86.45955000000001
324,,,,,,,0.32481203007518794,84.47955150000003,0.3246492985971944,84.260185,84.1728,86.45955000000001
325,,,,,,,0.3258145363408521,84.46903900000001,0.3256513026052104,84.25758950000002,84.1728,86.45955000000001
326,,,,,,,0.3268170426065163,84.473804,0.32665330661322645,84.25920400000004,84.1728,86.45955000000001
327,,,,,,,0.32781954887218046,84.48203800000002,0.3276553106212425,84.25322800000002,84.1728,86.45955000000001
328,,,,,,,0.3288220551378446,84.48127400000001,0.3286573146292585,84.25659750000003,84.1728,86.45955000000001
329,,,,,,,0.32982456140350874,84.480498,0.32965931863727455,84.25844300000003,84.1728,86.45955000000001
330,,,,,,,0.3308270676691729,84.473667,0.3306613226452906,84.25296900000002,84.1728,86.45955000000001
331,,,,,,,0.3318295739348371,84.47210450000003,0.3316633266533066,84.25685550000001,84.1728,86.45955000000001
332,,,,,,,0.33283208020050126,84.47013700000001,0.33266533066132264,84.25582600000001,84.1728,86.45955000000001
333,,,,,,,0.33383458646616543,84.46620600000003,0.3336673346693386,84.26028250000003,84.1728,86.45955000000001
334,,,,,,,0.33483709273182954,84.472095,0.33466933867735466,84.26085800000003,84.1728,86.45955000000001
335,,,,,,,0.3358395989974937,84.46725600000002,0.3356713426853707,84.25638900000003,84.1728,86.45955000000001
336,,,,,,,0.3368421052631579,84.47420850000002,0.3366733466933867,84.26381650000002,84.1728,86.45955000000001
337,,,,,,,0.33784461152882206,84.47757500000002,0.33767535070140275,84.25293750000002,84.1728,86.45955000000001
338,,,,,,,0.33884711779448623,84.48020450000001,0.3386773547094188,84.26072650000003,84.1728,86.45955000000001
339,,,,,,,0.33984962406015035,84.47552000000002,0.3396793587174348,84.25302450000001,84.1728,86.45955000000001
340,,,,,,,0.3408521303258145,84.46816750000002,0.34068136272545085,84.25173300000003,84.1728,86.45955000000001
341,,,,,,,0.3418546365914787,84.47146550000002,0.3416833667334669,84.24874150000002,84.1728,86.45955000000001
342,,,,,,,0.34285714285714286,84.4767885,0.3426853707414829,84.25415650000002,84.1728,86.45955000000001
343,,,,,,,0.34385964912280703,84.465439,0.34368737474949895,84.26149300000002,84.1728,86.45955000000001
344,,,,,,,0.34486215538847115,84.48523150000003,0.344689378757515,84.26422650000002,84.1728,86.45955000000001
345,,,,,,,0.3458646616541353,84.48358650000002,0.345691382765531,84.26477550000003,84.1728,86.45955000000001
346,,,,,,,0.3468671679197995,84.48173950000002,0.34669338677354705,84.25872650000002,84.1728,86.45955000000001
347,,,,,,,0.34786967418546366,84.47173000000001,0.3476953907815631,84.258475,84.1728,86.45955000000001
348,,,,,,,0.34887218045112783,84.48287600000002,0.3486973947895791,84.25573600000003,84.1728,86.45955000000001
349,,,,,,,0.34987468671679195,84.463847,0.34969939879759515,84.25785200000003,84.1728,86.45955000000001
350,,,,,,,0.3508771929824561,84.47604600000003,0.3507014028056112,84.25528450000004,84.1728,86.45955000000001
351,,,,,,,0.3518796992481203,84.49320450000002,0.3517034068136272,84.26617700000003,84.1728,86.45955000000001
352,,,,,,,0.35288220551378446,84.47454050000002,0.35270541082164325,84.24823900000003,84.1728,86.45955000000001
353,,,,,,,0.35388471177944864,84.47787000000001,0.3537074148296593,84.25121150000003,84.1728,86.45955000000001
354,,,,,,,0.35488721804511275,84.46933650000003,0.3547094188376753,84.25834950000002,84.1728,86.45955000000001
355,,,,,,,0.3558897243107769,84.47012400000003,0.35571142284569135,84.25557900000003,84.1728,86.45955000000001
356,,,,,,,0.3568922305764411,84.46226000000001,0.3567134268537074,84.24862700000001,84.1728,86.45955000000001
357,,,,,,,0.35789473684210527,84.47309800000002,0.3577154308617234,84.25709050000002,84.1728,86.45955000000001
358,,,,,,,0.35889724310776944,84.48889050000001,0.35871743486973945,84.25261100000003,84.1728,86.45955000000001
359,,,,,,,0.35989974937343355,84.47692,0.3597194388777555,84.25873750000002,84.1728,86.45955000000001
360,,,,,,,0.3609022556390977,84.41362500000001,0.3607214428857715,84.21692450000003,84.1728,86.45955000000001
361,,,,,,,0.3619047619047619,84.41704250000001,0.36172344689378755,84.21782700000003,84.1728,86.45955000000001
362,,,,,,,0.36290726817042607,84.40796150000001,0.3627254509018036,84.22474400000003,84.1728,86.45955000000001
363,,,,,,,0.36390977443609024,84.40812600000001,0.3637274549098196,84.22501850000002,84.1728,86.45955000000001
364,,,,,,,0.36491228070175435,84.41104400000002,0.36472945891783565,84.21307000000004,84.1728,86.45955000000001
365,,,,,,,0.3659147869674185,84.4112665,0.3657314629258517,84.22791500000002,84.1728,86.45955000000001
366,,,,,,,0.3669172932330827,84.416078,0.3667334669338677,84.21367250000003,84.1728,86.45955000000001
367,,,,,,,0.36791979949874687,84.40642050000001,0.36773547094188375,84.21963400000001,84.1728,86.45955000000001
368,,,,,,,0.36892230576441104,84.41965700000002,0.3687374749498998,84.22304450000004,84.1728,86.45955000000001
369,,,,,,,0.36992481203007516,84.40095800000002,0.3697394789579158,84.21894050000002,84.1728,86.45955000000001
370,,,,,,,0.37092731829573933,84.39860900000002,0.37074148296593185,84.22452700000002,84.1728,86.45955000000001
371,,,,,,,0.3719298245614035,84.40578450000001,0.3717434869739479,84.22053100000002,84.1728,86.45955000000001
372,,,,,,,0.37293233082706767,84.40254050000001,0.3727454909819639,84.22688600000002,84.1728,86.45955000000001
373,,,,,,,0.37393483709273184,84.40243400000001,0.37374749498997994,84.21619400000003,84.1728,86.45955000000001
374,,,,,,,0.37493734335839596,84.42128500000003,0.374749498997996,84.21822450000002,84.1728,86.45955000000001
375,,,,,,,0.37593984962406013,84.414027,0.375751503006012,84.22968750000003,84.1728,86.45955000000001
376,,,,,,,0.3769423558897243,84.41487250000002,0.37675350701402804,84.21610500000003,84.1728,86.45955000000001
377,,,,,,,0.3779448621553885,84.41211750000002,0.3777555110220441,84.22340300000003,84.1728,86.45955000000001
378,,,,,,,0.37894736842105264,84.411262,0.3787575150300601,84.22046350000002,84.1728,86.45955000000001
379,,,,,,,0.37994987468671676,84.412428,0.37975951903807614,84.22056650000002,84.1728,86.45955000000001
380,,,,,,,0.38095238095238093,84.41494250000001,0.3807615230460922,84.21825200000004,84.1728,86.45955000000001
381,,,,,,,0.3819548872180451,84.4074835,0.3817635270541082,84.21655800000002,84.1728,86.45955000000001
382,,,,,,,0.3829573934837093,84.41169550000001,0.38276553106212424,84.21951500000003,84.1728,86.45955000000001
383,,,,,,,0.38395989974937345,84.42093150000002,0.3837675350701403,84.22560100000003,84.1728,86.45955000000001
384,,,,,,,0.3849624060150376,84.41197700000001,0.38476953907815625,84.21828850000003,84.1728,86.45955000000001
385,,,,,,,0.38596491228070173,84.40240550000001,0.3857715430861723,84.22113350000004,84.1728,86.45955000000001
386,,,,,,,0.3869674185463659,84.40877500000002,0.3867735470941883,84.22109400000002,84.1728,86.45955000000001
387,,,,,,,0.3879699248120301,84.41243300000002,0.38777555110220435,84.21695550000001,84.1728,86.45955000000001
388,,,,,,,0.38897243107769425,84.4163865,0.3887775551102204,84.22634450000001,84.1728,86.45955000000001
389,,,,,,,0.3899749373433584,84.40506500000002,0.3897795591182364,84.22536700000003,84.1728,86.45955000000001
390,,,,,,,0.39097744360902253,84.39971850000003,0.39078156312625245,84.22345950000002,84.1728,86.45955000000001
391,,,,,,,0.3919799498746867,84.41469450000002,0.3917835671342685,84.22405800000003,84.1728,86.45955000000001
392,,,,,,,0.3929824561403509,84.40909400000001,0.3927855711422845,84.22411300000002,84.1728,86.45955000000001
393,,,,,,,0.39398496240601505,84.40977550000002,0.39378757515030055,84.22476600000002,84.1728,86.45955000000001
394,,,,,,,0.3949874686716792,84.41241750000002,0.3947895791583166,84.217725,84.1728,86.45955000000001
395,,,,,,,0.39598997493734334,84.40852950000001,0.3957915831663326,84.22458800000001,84.1728,86.45955000000001
396,,,,,,,0.3969924812030075,84.41819850000002,0.39679358717434865,84.21709600000004,84.1728,86.45955000000001
397,,,,,,,0.3979949874686717,84.40954600000002,0.3977955911823647,84.21928200000002,84.1728,86.45955000000001
398,,,,,,,0.39899749373433585,84.39952600000001,0.3987975951903807,84.22037950000002,84.1728,86.45955000000001
399,,,,,,,0.4,84.399869,0.39979959919839675,84.22038250000001,84.1728,86.45955000000001
400,,,,,,,,,0.4008016032064128,84.19176150000003,84.1728,86.45955000000001
401,,,,,,,,,0.4018036072144288,84.19404700000004,84.1728,86.45955000000001
402,,,,,,,,,0.40280561122244485,84.19473100000003,84.1728,86.45955000000001
403,,,,,,,,,0.4038076152304609,84.19574450000003,84.1728,86.45955000000001
404,,,,,,,,,0.4048096192384769,84.19259200000003,84.1728,86.45955000000001
405,,,,,,,,,0.40581162324649295,84.19317900000001,84.1728,86.45955000000001
406,,,,,,,,,0.406813627254509,84.19217600000003,84.1728,86.45955000000001
407,,,,,,,,,0.407815631262525,84.19197200000004,84.1728,86.45955000000001
408,,,,,,,,,0.40881763527054105,84.19171700000003,84.1728,86.45955000000001
409,,,,,,,,,0.4098196392785571,84.18952450000003,84.1728,86.45955000000001
410,,,,,,,,,0.4108216432865731,84.19402700000003,84.1728,86.45955000000001
411,,,,,,,,,0.41182364729458915,84.19625200000003,84.1728,86.45955000000001
412,,,,,,,,,0.4128256513026052,84.18783050000003,84.1728,86.45955000000001
413,,,,,,,,,0.4138276553106212,84.19606600000003,84.1728,86.45955000000001
414,,,,,,,,,0.41482965931863724,84.19482600000003,84.1728,86.45955000000001
415,,,,,,,,,0.4158316633266533,84.19647900000002,84.1728,86.45955000000001
416,,,,,,,,,0.4168336673346693,84.19468750000003,84.1728,86.45955000000001
417,,,,,,,,,0.41783567134268534,84.19219450000001,84.1728,86.45955000000001
418,,,,,,,,,0.4188376753507014,84.19248050000002,84.1728,86.45955000000001
419,,,,,,,,,0.4198396793587174,84.19321300000004,84.1728,86.45955000000001
420,,,,,,,,,0.42084168336673344,84.19432300000003,84.1728,86.45955000000001
421,,,,,,,,,0.4218436873747495,84.19618900000003,84.1728,86.45955000000001
422,,,,,,,,,0.4228456913827655,84.19174450000003,84.1728,86.45955000000001
423,,,,,,,,,0.42384769539078154,84.19073450000003,84.1728,86.45955000000001
424,,,,,,,,,0.4248496993987976,84.19341700000004,84.1728,86.45955000000001
425,,,,,,,,,0.4258517034068136,84.19099750000004,84.1728,86.45955000000001
426,,,,,,,,,0.42685370741482964,84.19179600000004,84.1728,86.45955000000001
427,,,,,,,,,0.4278557114228457,84.19108250000002,84.1728,86.45955000000001
428,,,,,,,,,0.4288577154308617,84.19466800000002,84.1728,86.45955000000001
429,,,,,,,,,0.42985971943887774,84.19073550000003,84.1728,86.45955000000001
430,,,,,,,,,0.4308617234468938,84.19364450000003,84.1728,86.45955000000001
431,,,,,,,,,0.4318637274549098,84.19138900000002,84.1728,86.45955000000001
432,,,,,,,,,0.43286573146292584,84.19824200000002,84.1728,86.45955000000001
433,,,,,,,,,0.4338677354709419,84.19209250000003,84.1728,86.45955000000001
434,,,,,,,,,0.4348697394789579,84.18960200000002,84.1728,86.45955000000001
435,,,,,,,,,0.43587174348697394,84.19419850000003,84.1728,86.45955000000001
436,,,,,,,,,0.4368737474949899,84.19575500000003,84.1728,86.45955000000001
437,,,,,,,,,0.43787575150300595,84.19343050000003,84.1728,86.45955000000001
438,,,,,,,,,0.438877755511022,84.19028700000004,84.1728,86.45955000000001
439,,,,,,,,,0.439879759519038,84.19501200000003,84.1728,86.45955000000001
440,,,,,,,,,0.44088176352705405,84.17489450000002,84.1728,86.45955000000001
441,,,,,,,,,0.4418837675350701,84.17688500000003,84.1728,86.45955000000001
442,,,,,,,,,0.4428857715430861,84.17855300000004,84.1728,86.45955000000001
443,,,,,,,,,0.44388777555110215,84.17789300000003,84.1728,86.45955000000001
444,,,,,,,,,0.4448897795591182,84.17733950000003,84.1728,86.45955000000001
445,,,,,,,,,0.4458917835671342,84.17756300000003,84.1728,86.45955000000001
446,,,,,,,,,0.44689378757515025,84.17871900000003,84.1728,86.45955000000001
447,,,,,,,,,0.4478957915831663,84.17760150000002,84.1728,86.45955000000001
448,,,,,,,,,0.4488977955911823,84.17724050000002,84.1728,86.45955000000001
449,,,,,,,,,0.44989979959919835,84.17902500000004,84.1728,86.45955000000001
450,,,,,,,,,0.4509018036072144,84.17773550000003,84.1728,86.45955000000001
451,,,,,,,,,0.4519038076152304,84.17951700000003,84.1728,86.45955000000001
452,,,,,,,,,0.45290581162324645,84.17809500000003,84.1728,86.45955000000001
453,,,,,,,,,0.4539078156312625,84.17773800000003,84.1728,86.45955000000001
454,,,,,,,,,0.4549098196392785,84.17810600000003,84.1728,86.45955000000001
455,,,,,,,,,0.45591182364729455,84.17696150000003,84.1728,86.45955000000001
456,,,,,,,,,0.4569138276553106,84.18008450000004,84.1728,86.45955000000001
457,,,,,,,,,0.4579158316633266,84.17556300000003,84.1728,86.45955000000001
458,,,,,,,,,0.45891783567134264,84.17805300000003,84.1728,86.45955000000001
459,,,,,,,,,0.4599198396793587,84.17673400000002,84.1728,86.45955000000001
460,,,,,,,,,0.4609218436873747,84.17760750000004,84.1728,86.45955000000001
461,,,,,,,,,0.46192384769539074,84.17735350000002,84.1728,86.45955000000001
462,,,,,,,,,0.4629258517034068,84.17645250000001,84.1728,86.45955000000001
463,,,,,,,,,0.4639278557114228,84.17871750000003,84.1728,86.45955000000001
464,,,,,,,,,0.46492985971943884,84.17852700000005,84.1728,86.45955000000001
465,,,,,,,,,0.4659318637274549,84.17935400000002,84.1728,86.45955000000001
466,,,,,,,,,0.4669338677354709,84.17539500000004,84.1728,86.45955000000001
467,,,,,,,,,0.46793587174348694,84.17634250000003,84.1728,86.45955000000001
468,,,,,,,,,0.468937875751503,84.17924250000002,84.1728,86.45955000000001
469,,,,,,,,,0.469939879759519,84.17705650000002,84.1728,86.45955000000001
470,,,,,,,,,0.47094188376753504,84.17933950000003,84.1728,86.45955000000001
471,,,,,,,,,0.4719438877755511,84.18046250000002,84.1728,86.45955000000001
472,,,,,,,,,0.4729458917835671,84.17807150000002,84.1728,86.45955000000001
473,,,,,,,,,0.47394789579158314,84.17830350000001,84.1728,86.45955000000001
474,,,,,,,,,0.4749498997995992,84.17749900000003,84.1728,86.45955000000001
475,,,,,,,,,0.4759519038076152,84.17800350000003,84.1728,86.45955000000001
476,,,,,,,,,0.47695390781563124,84.17819750000002,84.1728,86.45955000000001
477,,,,,,,,,0.4779559118236473,84.17943600000002,84.1728,86.45955000000001
478,,,,,,,,,0.4789579158316633,84.17650250000003,84.1728,86.45955000000001
479,,,,,,,,,0.47995991983967934,84.18080700000004,84.1728,86.45955000000001
480,,,,,,,,,0.48096192384769537,84.17280000000002,84.1728,86.45955000000001
481,,,,,,,,,0.4819639278557114,84.17280000000002,84.1728,86.45955000000001
482,,,,,,,,,0.48296593186372744,84.17280000000002,84.1728,86.45955000000001
483,,,,,,,,,0.48396793587174347,84.17280000000002,84.1728,86.45955000000001
484,,,,,,,,,0.4849699398797595,84.17280000000002,84.1728,86.45955000000001
485,,,,,,,,,0.48597194388777554,84.17280000000002,84.1728,86.45955000000001
486,,,,,,,,,0.48697394789579157,84.17280000000002,84.1728,86.45955000000001
487,,,,,,,,,0.48797595190380755,84.17280000000002,84.1728,86.45955000000001
488,,,,,,,,,0.4889779559118236,84.17280000000002,84.1728,86.45955000000001
489,,,,,,,,,0.4899799599198396,84.17280000000002,84.1728,86.45955000000001
490,,,,,,,,,0.49098196392785565,84.17280000000002,84.1728,86.45955000000001
491,,,,,,,,,0.4919839679358717,84.17280000000002,84.1728,86.45955000000001
492,,,,,,,,,0.4929859719438877,84.17280000000002,84.1728,86.45955000000001
493,,,,,,,,,0.49398797595190375,84.17280000000002,84.1728,86.45955000000001
494,,,,,,,,,0.4949899799599198,84.17280000000002,84.1728,86.45955000000001
495,,,,,,,,,0.4959919839679358,84.17280000000002,84.1728,86.45955000000001
496,,,,,,,,,0.49699398797595185,84.17280000000002,84.1728,86.45955000000001
497,,,,,,,,,0.4979959919839679,84.17280000000002,84.1728,86.45955000000001
498,,,,,,,,,0.4989979959919839,84.17280000000002,84.1728,86.45955000000001
499,,,,,,,,,0.5,84.17280000000002,84.1728,86.45955000000001
